7/21/2020,SUPREMEIND,1106.120239,0,NO_SIGNAL
7/22/2020,SUPREMEIND,1102.70166,0,NO_SIGNAL
7/23/2020,SUPREMEIND,1092.017212,0,NO_SIGNAL
7/24/2020,SUPREMEIND,1077.866577,0,NO_SIGNAL
7/27/2020,SUPREMEIND,1114.382935,0,NO_SIGNAL
7/28/2020,SUPREMEIND,1159.96875,0,NO_SIGNAL
7/29/2020,SUPREMEIND,1199.998779,0,NO_SIGNAL
7/30/2020,SUPREMEIND,1200.900757,0,NO_SIGNAL
7/31/2020,SUPREMEIND,1224.453491,0,NO_SIGNAL
8/3/2020,SUPREMEIND,1232.335938,0,NO_SIGNAL
8/4/2020,SUPREMEIND,1234.330444,0,NO_SIGNAL
8/5/2020,SUPREMEIND,1234.900391,0,NO_SIGNAL
8/6/2020,SUPREMEIND,1234.425293,0,NO_SIGNAL
8/7/2020,SUPREMEIND,1200.615967,0,NO_SIGNAL
8/10/2020,SUPREMEIND,1191.59375,68.69547479,NO_SIGNAL
8/11/2020,SUPREMEIND,1190.406616,68.31342028,NO_SIGNAL
8/12/2020,SUPREMEIND,1171.459961,62.3530596,NO_SIGNAL
8/13/2020,SUPREMEIND,1154.317993,57.46763162,NO_SIGNAL
8/14/2020,SUPREMEIND,1149.901611,56.24493451,NO_SIGNAL
8/17/2020,SUPREMEIND,1138.030518,52.98182745,NO_SIGNAL
8/18/2020,SUPREMEIND,1185.658203,62.40559474,NO_SIGNAL
8/19/2020,SUPREMEIND,1214.671753,66.77435579,NO_SIGNAL
8/20/2020,SUPREMEIND,1234.567749,69.40039048,NO_SIGNAL
8/21/2020,SUPREMEIND,1298.293213,75.95543892,NO_SIGNAL
8/24/2020,SUPREMEIND,1307.077759,76.69653004,NO_SIGNAL
8/25/2020,SUPREMEIND,1280.296143,69.64848636,NO_SIGNAL
8/26/2020,SUPREMEIND,1263.913696,65.67286092,NO_SIGNAL
8/27/2020,SUPREMEIND,1280.96106,67.7366548,NO_SIGNAL
8/28/2020,SUPREMEIND,1264.246216,63.69320898,NO_SIGNAL
8/31/2020,SUPREMEIND,1269.611816,64.42729255,NO_SIGNAL
9/1/2020,SUPREMEIND,1281.055908,66.0060206,NO_SIGNAL
9/2/2020,SUPREMEIND,1285.804565,66.66707619,NO_SIGNAL
9/3/2020,SUPREMEIND,1282.243164,65.63618205,NO_SIGNAL
9/4/2020,SUPREMEIND,1312.158691,69.85319028,NO_SIGNAL
9/7/2020,SUPREMEIND,1350.099365,74.18072142,NO_SIGNAL
9/8/2020,SUPREMEIND,1299.432739,61.4871257,NO_SIGNAL
9/9/2020,SUPREMEIND,1295.396362,60.59750926,NO_SIGNAL
9/10/2020,SUPREMEIND,1299.147705,61.1599517,NO_SIGNAL
9/11/2020,SUPREMEIND,1257.550903,52.25309785,NO_SIGNAL
9/14/2020,SUPREMEIND,1300.429932,58.89801627,NO_SIGNAL
9/15/2020,SUPREMEIND,1331.817749,62.96150156,NO_SIGNAL
9/16/2020,SUPREMEIND,1343.356445,64.35657059,NO_SIGNAL
9/17/2020,SUPREMEIND,1345.255859,64.59298786,NO_SIGNAL
9/18/2020,SUPREMEIND,1349.719482,65.17752472,NO_SIGNAL
9/21/2020,SUPREMEIND,1381.961914,69.14062212,NO_SIGNAL
9/22/2020,SUPREMEIND,1335.663818,58.79340131,NO_SIGNAL
9/23/2020,SUPREMEIND,1339.795288,59.3776286,NO_SIGNAL
9/24/2020,SUPREMEIND,1315.197754,54.42970767,NO_SIGNAL
9/25/2020,SUPREMEIND,1307.980225,53.03324362,NO_SIGNAL
9/28/2020,SUPREMEIND,1349.909668,59.52929887,NO_SIGNAL
9/29/2020,SUPREMEIND,1330.013184,55.59948617,NO_SIGNAL
9/30/2020,SUPREMEIND,1330.203125,55.62959975,NO_SIGNAL
10/1/2020,SUPREMEIND,1343.973999,57.86103762,NO_SIGNAL
10/5/2020,SUPREMEIND,1302.281738,49.70998482,NO_SIGNAL
10/6/2020,SUPREMEIND,1287.893555,47.23687254,NO_SIGNAL
10/7/2020,SUPREMEIND,1277.732056,45.51465522,NO_SIGNAL
10/8/2020,SUPREMEIND,1265.813232,43.51080959,NO_SIGNAL
10/9/2020,SUPREMEIND,1295.633911,49.50129574,NO_SIGNAL
10/12/2020,SUPREMEIND,1274.930298,45.86474999,NO_SIGNAL
10/13/2020,SUPREMEIND,1310.021851,52.26569653,NO_SIGNAL
10/14/2020,SUPREMEIND,1337.27832,56.56191562,NO_SIGNAL
10/15/2020,SUPREMEIND,1339.225464,56.86062082,NO_SIGNAL
10/16/2020,SUPREMEIND,1337.895874,56.57453423,NO_SIGNAL
10/19/2020,SUPREMEIND,1331.532715,55.14455953,NO_SIGNAL
10/20/2020,SUPREMEIND,1341.789429,57.02991695,NO_SIGNAL
10/21/2020,SUPREMEIND,1353.755615,59.18531379,NO_SIGNAL
10/22/2020,SUPREMEIND,1386.710693,64.47093554,NO_SIGNAL
10/23/2020,SUPREMEIND,1348.10498,55.41701529,NO_SIGNAL
10/26/2020,SUPREMEIND,1351.524048,56.00627158,NO_SIGNAL
10/27/2020,SUPREMEIND,1402.475586,63.70495923,NO_SIGNAL
10/28/2020,SUPREMEIND,1385.80835,60.00574293,NO_SIGNAL
10/29/2020,SUPREMEIND,1399.104004,61.90604797,NO_SIGNAL
10/30/2020,SUPREMEIND,1373.937134,56.43950165,NO_SIGNAL
11/2/2020,SUPREMEIND,1377.783081,57.06347444,NO_SIGNAL
11/3/2020,SUPREMEIND,1394.355591,59.7396812,NO_SIGNAL
11/4/2020,SUPREMEIND,1366.149292,53.61451789,NO_SIGNAL
11/5/2020,SUPREMEIND,1372.343994,54.71273913,NO_SIGNAL
11/6/2020,SUPREMEIND,1377.061523,55.57534164,NO_SIGNAL
11/9/2020,SUPREMEIND,1369.342041,53.77050846,NO_SIGNAL
11/10/2020,SUPREMEIND,1372.296387,54.38110938,NO_SIGNAL
11/11/2020,SUPREMEIND,1354.713135,50.13670549,NO_SIGNAL
11/12/2020,SUPREMEIND,1326.69458,44.21472728,NO_SIGNAL
11/13/2020,SUPREMEIND,1333.889771,45.97935078,NO_SIGNAL
11/14/2020,SUPREMEIND,1336.701416,46.68901379,NO_SIGNAL
11/17/2020,SUPREMEIND,1372.486938,54.82360009,NO_SIGNAL
11/18/2020,SUPREMEIND,1428.572021,64.07555504,NO_SIGNAL
11/19/2020,SUPREMEIND,1470.123535,69.12109796,NO_SIGNAL
11/20/2020,SUPREMEIND,1551.034668,76.14656103,NO_SIGNAL
11/23/2020,SUPREMEIND,1613.88623,79.96063817,NO_SIGNAL
11/24/2020,SUPREMEIND,1640.332275,81.31449473,NO_SIGNAL
11/25/2020,SUPREMEIND,1556.419189,66.06333397,NO_SIGNAL
11/26/2020,SUPREMEIND,1515.772949,60.17581546,NO_SIGNAL
11/27/2020,SUPREMEIND,1554.322388,63.49833002,NO_SIGNAL
12/1/2020,SUPREMEIND,1643.715454,69.79210157,NO_SIGNAL
12/2/2020,SUPREMEIND,1640.380005,69.31188062,NO_SIGNAL
12/3/2020,SUPREMEIND,1539.741455,56.64687216,NO_SIGNAL
12/4/2020,SUPREMEIND,1584.866821,60.16196473,NO_SIGNAL
12/7/2020,SUPREMEIND,1618.079346,62.56760026,NO_SIGNAL
12/8/2020,SUPREMEIND,1591.34729,59.45559855,NO_SIGNAL
12/9/2020,SUPREMEIND,1645.716797,63.43868603,NO_SIGNAL
12/10/2020,SUPREMEIND,1644.287354,63.2627183,NO_SIGNAL
12/11/2020,SUPREMEIND,1618.984863,60.0856217,NO_SIGNAL
12/14/2020,SUPREMEIND,1660.393433,63.3311919,NO_SIGNAL
12/15/2020,SUPREMEIND,1618.317627,58.15647482,NO_SIGNAL
12/16/2020,SUPREMEIND,1642.143066,60.14244519,NO_SIGNAL
12/17/2020,SUPREMEIND,1638.855225,59.72120699,NO_SIGNAL
12/18/2020,SUPREMEIND,1659.106689,61.50946756,NO_SIGNAL
12/21/2020,SUPREMEIND,1610.50293,55.17781653,NO_SIGNAL
12/22/2020,SUPREMEIND,1570.237915,50.53667955,NO_SIGNAL
12/23/2020,SUPREMEIND,1590.775513,52.72108783,NO_SIGNAL
12/24/2020,SUPREMEIND,1594.921143,53.1706546,NO_SIGNAL
12/28/2020,SUPREMEIND,1567.331299,49.7782346,NO_SIGNAL
12/29/2020,SUPREMEIND,1594.396851,52.9496477,NO_SIGNAL
12/30/2020,SUPREMEIND,1562.899658,49.06648631,NO_SIGNAL
12/31/2020,SUPREMEIND,1553.322021,47.91576025,NO_SIGNAL
1/1/2021,SUPREMEIND,1607.92981,54.47188975,NO_SIGNAL
1/4/2021,SUPREMEIND,1641.761841,57.99929941,NO_SIGNAL
1/5/2021,SUPREMEIND,1666.159058,60.3830158,NO_SIGNAL
1/6/2021,SUPREMEIND,1674.307495,61.17555731,NO_SIGNAL
1/7/2021,SUPREMEIND,1706.75769,64.243344,NO_SIGNAL
1/8/2021,SUPREMEIND,1714.191162,64.92702204,NO_SIGNAL
1/11/2021,SUPREMEIND,1715.525391,65.05617027,NO_SIGNAL
1/12/2021,SUPREMEIND,1689.650757,60.41041529,NO_SIGNAL
1/13/2021,SUPREMEIND,1670.256958,57.11800324,NO_SIGNAL
1/14/2021,SUPREMEIND,1657.200806,54.94688996,NO_SIGNAL
1/15/2021,SUPREMEIND,1633.470581,51.14186629,NO_SIGNAL
1/18/2021,SUPREMEIND,1591.537964,45.18711455,NO_SIGNAL
1/19/2021,SUPREMEIND,1621.605591,49.70890132,NO_SIGNAL
1/20/2021,SUPREMEIND,1613.981445,48.61377685,NO_SIGNAL
1/21/2021,SUPREMEIND,1676.070313,56.93458002,NO_SIGNAL
1/22/2021,SUPREMEIND,1644.668457,52.32019175,NO_SIGNAL
1/25/2021,SUPREMEIND,1651.006226,53.14557262,NO_SIGNAL
1/27/2021,SUPREMEIND,1695.94104,58.61558131,NO_SIGNAL
1/28/2021,SUPREMEIND,1700.706055,59.16006935,NO_SIGNAL
1/29/2021,SUPREMEIND,1723.34021,61.73540225,NO_SIGNAL
2/1/2021,SUPREMEIND,1714.000366,60.05257319,NO_SIGNAL
2/2/2021,SUPREMEIND,1819.642456,70.0102947,NO_SIGNAL
2/3/2021,SUPREMEIND,1825.360474,70.43980312,NO_SIGNAL
2/4/2021,SUPREMEIND,1880.921509,74.2925309,NO_SIGNAL
2/5/2021,SUPREMEIND,1850.234253,68.94748041,NO_SIGNAL
2/8/2021,SUPREMEIND,1848.518921,68.65016115,NO_SIGNAL
2/9/2021,SUPREMEIND,1820.30957,63.77921436,NO_SIGNAL
2/10/2021,SUPREMEIND,1813.257202,62.58368695,NO_SIGNAL
2/11/2021,SUPREMEIND,1809.588135,61.93324342,NO_SIGNAL
2/12/2021,SUPREMEIND,1841.895508,65.34834105,NO_SIGNAL
2/15/2021,SUPREMEIND,1858.763672,67.01236393,NO_SIGNAL
2/16/2021,SUPREMEIND,1880.158936,69.04298485,NO_SIGNAL
2/17/2021,SUPREMEIND,1819.022949,58.04727098,NO_SIGNAL
2/18/2021,SUPREMEIND,1855.142334,61.90716412,NO_SIGNAL
2/19/2021,SUPREMEIND,1879.110596,64.25725088,NO_SIGNAL
2/22/2021,SUPREMEIND,1850.377197,59.51684396,NO_SIGNAL
2/23/2021,SUPREMEIND,1912.89502,65.48339177,NO_SIGNAL
2/24/2021,SUPREMEIND,1923.997559,66.429646,NO_SIGNAL
2/25/2021,SUPREMEIND,1886.448853,60.39896234,NO_SIGNAL
2/26/2021,SUPREMEIND,1932.28894,64.62154902,NO_SIGNAL
3/1/2021,SUPREMEIND,1984.990967,68.74749381,NO_SIGNAL
3/2/2021,SUPREMEIND,1993.282104,69.35303484,NO_SIGNAL
3/3/2021,SUPREMEIND,2010.484253,70.62476036,NO_SIGNAL
3/4/2021,SUPREMEIND,1990.899536,67.20551614,NO_SIGNAL
3/5/2021,SUPREMEIND,1989.565186,66.96762659,NO_SIGNAL
3/8/2021,SUPREMEIND,1972.744751,63.89716281,NO_SIGNAL
3/9/2021,SUPREMEIND,1922.52063,55.68698452,NO_SIGNAL
3/10/2021,SUPREMEIND,1933.480347,56.98582055,NO_SIGNAL
3/12/2021,SUPREMEIND,1968.074951,60.88326015,NO_SIGNAL
3/15/2021,SUPREMEIND,1900.505859,51.13719992,NO_SIGNAL
3/16/2021,SUPREMEIND,1940.008423,55.61092384,NO_SIGNAL
3/17/2021,SUPREMEIND,1926.332642,53.77529374,NO_SIGNAL
3/18/2021,SUPREMEIND,1950.729858,56.53186301,NO_SIGNAL
3/19/2021,SUPREMEIND,1918.422729,52.10104468,NO_SIGNAL
3/22/2021,SUPREMEIND,1902.364258,50.00317384,NO_SIGNAL
3/23/2021,SUPREMEIND,1889.593994,48.33636187,NO_SIGNAL
3/24/2021,SUPREMEIND,1886.401245,47.90639781,NO_SIGNAL
3/25/2021,SUPREMEIND,1903.222046,50.40919646,NO_SIGNAL
3/26/2021,SUPREMEIND,1919.614014,52.78958812,NO_SIGNAL
3/30/2021,SUPREMEIND,1932.003174,54.56474093,NO_SIGNAL
3/31/2021,SUPREMEIND,1946.727173,56.65089639,NO_SIGNAL
4/1/2021,SUPREMEIND,1925.856323,52.94033694,NO_SIGNAL
4/5/2021,SUPREMEIND,1914.658325,51.00982974,NO_SIGNAL
4/6/2021,SUPREMEIND,1887.163452,46.52385869,NO_SIGNAL
4/7/2021,SUPREMEIND,1881.826782,45.68406874,NO_SIGNAL
4/8/2021,SUPREMEIND,1888.54541,46.98159611,NO_SIGNAL
4/9/2021,SUPREMEIND,1900.648804,49.32988972,NO_SIGNAL
4/12/2021,SUPREMEIND,1878.491455,45.3682658,NO_SIGNAL
4/13/2021,SUPREMEIND,1879.301147,45.54038314,NO_SIGNAL
4/15/2021,SUPREMEIND,1864.434204,42.86973452,NO_SIGNAL
4/16/2021,SUPREMEIND,1889.831909,48.43322692,NO_SIGNAL
4/19/2021,SUPREMEIND,1896.550903,49.82529525,NO_SIGNAL
4/20/2021,SUPREMEIND,1896.265015,49.76373775,NO_SIGNAL
4/22/2021,SUPREMEIND,1884.161743,47.11013483,NO_SIGNAL
4/23/2021,SUPREMEIND,1899.552856,50.70959424,NO_SIGNAL
4/26/2021,SUPREMEIND,1899.21936,50.62919143,NO_SIGNAL
4/27/2021,SUPREMEIND,1954.017944,61.44628481,NO_SIGNAL
4/28/2021,SUPREMEIND,1952.064331,60.93371626,NO_SIGNAL
4/29/2021,SUPREMEIND,1952.921753,61.08713914,NO_SIGNAL
4/30/2021,SUPREMEIND,1953.255493,61.15109282,NO_SIGNAL
5/3/2021,SUPREMEIND,2010.198364,70.16182524,NO_SIGNAL
5/4/2021,SUPREMEIND,2032.594116,72.83093789,NO_SIGNAL
5/5/2021,SUPREMEIND,2047.508545,74.46885033,NO_SIGNAL
5/6/2021,SUPREMEIND,2075.241699,77.21905546,HOLD
5/7/2021,SUPREMEIND,2084.533203,78.07132797,HOLD
5/10/2021,SUPREMEIND,2048.461426,67.51162873,NO_SIGNAL
5/11/2021,SUPREMEIND,2105.356445,73.58127327,NO_SIGNAL
5/12/2021,SUPREMEIND,2053.178955,62.11938694,NO_SIGNAL
5/14/2021,SUPREMEIND,2022.730225,56.58045625,NO_SIGNAL
5/17/2021,SUPREMEIND,2054.941895,60.58446426,NO_SIGNAL
5/18/2021,SUPREMEIND,2160.011963,70.22853431,NO_SIGNAL
5/19/2021,SUPREMEIND,2136.567627,66.32876906,NO_SIGNAL
5/20/2021,SUPREMEIND,2113.791504,62.6868693,NO_SIGNAL
5/21/2021,SUPREMEIND,2077.957275,57.3513956,NO_SIGNAL
5/24/2021,SUPREMEIND,2082.675293,57.85995025,NO_SIGNAL
5/25/2021,SUPREMEIND,2106.548096,60.43103298,NO_SIGNAL
5/26/2021,SUPREMEIND,2125.274902,62.37055121,NO_SIGNAL
5/27/2021,SUPREMEIND,2161.155518,65.82680464,NO_SIGNAL
5/28/2021,SUPREMEIND,2133.851807,61.21883841,NO_SIGNAL
5/31/2021,SUPREMEIND,2162.347412,64.04747289,NO_SIGNAL
6/1/2021,SUPREMEIND,2137.997559,60.01893503,NO_SIGNAL
6/2/2021,SUPREMEIND,2157.201416,62.04649693,NO_SIGNAL
6/3/2021,SUPREMEIND,2161.108398,62.46356833,NO_SIGNAL
6/4/2021,SUPREMEIND,2124.083496,56.1647442,NO_SIGNAL
6/7/2021,SUPREMEIND,2124.79834,56.25646092,NO_SIGNAL
6/8/2021,SUPREMEIND,2160.059814,60.6320976,NO_SIGNAL
6/9/2021,SUPREMEIND,2139.045654,56.97443521,NO_SIGNAL
6/10/2021,SUPREMEIND,2139.379639,57.01881428,NO_SIGNAL
6/11/2021,SUPREMEIND,2143.858887,57.64973016,NO_SIGNAL
6/14/2021,SUPREMEIND,2167.589111,60.92240122,NO_SIGNAL
6/15/2021,SUPREMEIND,2164.348633,60.2378474,NO_SIGNAL
6/16/2021,SUPREMEIND,2154.865967,58.17772368,NO_SIGNAL
6/17/2021,SUPREMEIND,2153.865234,57.95247201,NO_SIGNAL
6/18/2021,SUPREMEIND,2081.531006,44.53137604,NO_SIGNAL
6/21/2021,SUPREMEIND,2089.071045,45.93687834,NO_SIGNAL
6/22/2021,SUPREMEIND,2091.201172,46.35046517,NO_SIGNAL
6/23/2021,SUPREMEIND,2063.708496,41.89564041,NO_SIGNAL
6/24/2021,SUPREMEIND,2029.680908,37.13797803,BUY
6/25/2021,SUPREMEIND,2042.265747,39.85818827,BUY
6/28/2021,SUPREMEIND,2115.402344,52.67491906,NO_SIGNAL
6/29/2021,SUPREMEIND,2102.672363,50.65156763,NO_SIGNAL
6/30/2021,SUPREMEIND,2095.218506,49.4537123,NO_SIGNAL
7/1/2021,SUPREMEIND,2105.189209,51.11896912,NO_SIGNAL
7/2/2021,SUPREMEIND,2133.457031,55.58641254,NO_SIGNAL
7/5/2021,SUPREMEIND,2108.964844,51.21857847,NO_SIGNAL
7/6/2021,SUPREMEIND,2094.734619,48.81836653,NO_SIGNAL
7/7/2021,SUPREMEIND,2104.124512,50.46783101,NO_SIGNAL
7/8/2021,SUPREMEIND,2118.500244,52.96694495,NO_SIGNAL
7/9/2021,SUPREMEIND,2096.525146,48.90497015,NO_SIGNAL
7/12/2021,SUPREMEIND,2063.708496,43.53558226,NO_SIGNAL
7/13/2021,SUPREMEIND,2084.521484,47.4744151,NO_SIGNAL
7/14/2021,SUPREMEIND,2080.455566,46.78776755,NO_SIGNAL
7/15/2021,SUPREMEIND,2067.82251,44.62795646,NO_SIGNAL
7/16/2021,SUPREMEIND,2061.045898,43.46877958,NO_SIGNAL
7/19/2021,SUPREMEIND,2041.588135,40.23705787,NO_SIGNAL
7/20/2021,SUPREMEIND,2035.973145,39.32839354,BUY
7/22/2021,SUPREMEIND,2032.633301,38.76759363,BUY
7/23/2021,SUPREMEIND,2034.279053,39.2274604,BUY
7/26/2021,SUPREMEIND,2028.664673,38.17418351,BUY
7/27/2021,SUPREMEIND,2031.665161,39.11506949,BUY
7/28/2021,SUPREMEIND,2017.725342,36.34754119,BUY
7/29/2021,SUPREMEIND,2012.739868,35.38331171,BUY
7/30/2021,SUPREMEIND,2033.020752,42.11100958,NO_SIGNAL
8/2/2021,SUPREMEIND,2049.33252,46.89970837,NO_SIGNAL
8/3/2021,SUPREMEIND,2028.858032,42.18283708,NO_SIGNAL
8/4/2021,SUPREMEIND,2009.303467,38.22835749,BUY
8/5/2021,SUPREMEIND,2092.169189,56.73721055,NO_SIGNAL
8/6/2021,SUPREMEIND,2048.557861,48.50063224,STRONG_BUY
8/9/2021,SUPREMEIND,2028.22876,45.20620119,STRONG_BUY
8/10/2021,SUPREMEIND,2011.239746,42.60186923,NO_SIGNAL
8/11/2021,SUPREMEIND,1959.206055,35.79928624,BUY
8/12/2021,SUPREMEIND,1975.663086,39.11087549,BUY
8/13/2021,SUPREMEIND,1974.695068,38.98349766,BUY
8/16/2021,SUPREMEIND,1974.695068,38.98349766,BUY
8/17/2021,SUPREMEIND,1924.936646,32.64525209,STRONG_BUY
8/18/2021,SUPREMEIND,1924.114014,32.55102484,STRONG_BUY
8/20/2021,SUPREMEIND,1916.224243,31.6086873,STRONG_BUY
8/23/2021,SUPREMEIND,1897.637573,29.44601716,STRONG_BUY
8/24/2021,SUPREMEIND,1958.480103,43.15655702,NO_SIGNAL
8/25/2021,SUPREMEIND,1963.030029,44.0324502,NO_SIGNAL
8/26/2021,SUPREMEIND,1967.676758,44.96513786,NO_SIGNAL
8/27/2021,SUPREMEIND,2023.24292,54.68923179,NO_SIGNAL
8/30/2021,SUPREMEIND,2072.130127,61.18692013,NO_SIGNAL
8/31/2021,SUPREMEIND,2115.450928,65.85908861,NO_SIGNAL
9/1/2021,SUPREMEIND,2073.340088,58.48863849,NO_SIGNAL
9/2/2021,SUPREMEIND,2084.666748,59.79205385,NO_SIGNAL
9/3/2021,SUPREMEIND,2085.731689,59.91947976,NO_SIGNAL
9/6/2021,SUPREMEIND,2071.259033,57.26346383,NO_SIGNAL
9/7/2021,SUPREMEIND,2045.024536,52.70301795,NO_SIGNAL
9/8/2021,SUPREMEIND,2072.662842,56.62240801,NO_SIGNAL
9/9/2021,SUPREMEIND,2078.229004,57.38825757,NO_SIGNAL
9/13/2021,SUPREMEIND,2071.888428,56.17164383,NO_SIGNAL
9/14/2021,SUPREMEIND,2078.471191,57.18643184,NO_SIGNAL
9/15/2021,SUPREMEIND,2186.748291,69.63880324,NO_SIGNAL
9/16/2021,SUPREMEIND,2229.197754,72.95933935,NO_SIGNAL
9/17/2021,SUPREMEIND,2176.825684,63.70258752,NO_SIGNAL
9/20/2021,SUPREMEIND,2168.839355,62.40238498,NO_SIGNAL
9/21/2021,SUPREMEIND,2157.561523,60.52374785,NO_SIGNAL
9/22/2021,SUPREMEIND,2158.868408,60.67150394,NO_SIGNAL
9/23/2021,SUPREMEIND,2178.277588,62.89287627,NO_SIGNAL
9/24/2021,SUPREMEIND,2189.45874,64.14913118,NO_SIGNAL
9/27/2021,SUPREMEIND,2241.540771,69.35369799,NO_SIGNAL
9/28/2021,SUPREMEIND,2232.634277,67.54777386,NO_SIGNAL
9/29/2021,SUPREMEIND,2243.476807,68.61905723,NO_SIGNAL
9/30/2021,SUPREMEIND,2259.982422,70.23015621,NO_SIGNAL
10/1/2021,SUPREMEIND,2247.445801,67.39975489,NO_SIGNAL
10/4/2021,SUPREMEIND,2331.763672,74.76584421,NO_SIGNAL
10/5/2021,SUPREMEIND,2436.604248,80.62725052,HOLD
10/6/2021,SUPREMEIND,2447.688477,81.12639768,HOLD
10/7/2021,SUPREMEIND,2448.947266,81.18568447,HOLD
10/8/2021,SUPREMEIND,2529.102539,84.52019723,HOLD
10/11/2021,SUPREMEIND,2522.277588,83.16857492,HOLD
10/12/2021,SUPREMEIND,2495.704346,77.94223801,HOLD
10/13/2021,SUPREMEIND,2470.389404,73.22166411,NO_SIGNAL
10/14/2021,SUPREMEIND,2495.849365,74.87012179,NO_SIGNAL
10/18/2021,SUPREMEIND,2513.081055,75.94926095,NO_SIGNAL
10/19/2021,SUPREMEIND,2509.063721,75.13914335,NO_SIGNAL
10/20/2021,SUPREMEIND,2360.756592,52.76381268,NO_SIGNAL
10/21/2021,SUPREMEIND,2253.883301,42.85916989,NO_SIGNAL
10/22/2021,SUPREMEIND,2292.508789,46.74974515,NO_SIGNAL
10/25/2021,SUPREMEIND,2282.683105,45.89370551,NO_SIGNAL
10/26/2021,SUPREMEIND,2267.291016,44.51847836,NO_SIGNAL
10/27/2021,SUPREMEIND,2212.450195,39.92769699,BUY
10/28/2021,SUPREMEIND,2194.880127,38.55589546,BUY
10/29/2021,SUPREMEIND,2260.542725,46.02002238,NO_SIGNAL
11/1/2021,SUPREMEIND,2256.95166,45.69310404,NO_SIGNAL
11/2/2021,SUPREMEIND,2264.037598,46.50070957,NO_SIGNAL
11/3/2021,SUPREMEIND,2289.855957,49.4504102,NO_SIGNAL
11/4/2021,SUPREMEIND,2305.43457,51.19882719,NO_SIGNAL
11/8/2021,SUPREMEIND,2292.039795,49.60996006,NO_SIGNAL
11/9/2021,SUPREMEIND,2380.075928,58.68494835,NO_SIGNAL
11/10/2021,SUPREMEIND,2356.440918,55.78050236,NO_SIGNAL
11/11/2021,SUPREMEIND,2269.472656,46.63445985,NO_SIGNAL
11/12/2021,SUPREMEIND,2231.472656,43.29414466,NO_SIGNAL
11/15/2021,SUPREMEIND,2229.337158,43.10727819,NO_SIGNAL
11/16/2021,SUPREMEIND,2208.42041,41.2301382,NO_SIGNAL
11/17/2021,SUPREMEIND,2192.744873,39.83031636,BUY
11/18/2021,SUPREMEIND,2167.945313,37.65232568,BUY
11/22/2021,SUPREMEIND,2115.77417,33.50198413,BUY
11/23/2021,SUPREMEIND,2086.849365,31.43324371,STRONG_BUY
11/24/2021,SUPREMEIND,2104.951416,34.17281607,BUY
11/25/2021,SUPREMEIND,2122.131592,36.75552961,BUY
11/26/2021,SUPREMEIND,2058.79834,31.80200492,STRONG_BUY
11/29/2021,SUPREMEIND,2094.614258,36.97490553,BUY
11/30/2021,SUPREMEIND,2104.757324,38.39992768,BUY
12/1/2021,SUPREMEIND,2247.536621,54.12425006,NO_SIGNAL
12/2/2021,SUPREMEIND,2327.273682,60.22984108,NO_SIGNAL
12/3/2021,SUPREMEIND,2261.999023,53.9050908,NO_SIGNAL
12/6/2021,SUPREMEIND,2236.083252,51.58880904,NO_SIGNAL
12/7/2021,SUPREMEIND,2261.465088,53.68775387,NO_SIGNAL
12/8/2021,SUPREMEIND,2320.916016,58.253347,NO_SIGNAL
12/9/2021,SUPREMEIND,2261.999023,52.70781762,NO_SIGNAL
12/10/2021,SUPREMEIND,2304.367188,55.9549709,NO_SIGNAL
12/13/2021,SUPREMEIND,2275.150879,53.24025765,NO_SIGNAL
12/14/2021,SUPREMEIND,2271.89917,52.93245078,NO_SIGNAL
12/15/2021,SUPREMEIND,2268.356689,52.57583153,NO_SIGNAL
12/16/2021,SUPREMEIND,2245.692383,50.24354087,NO_SIGNAL
12/17/2021,SUPREMEIND,2217.981201,47.47073315,STRONG_BUY
12/20/2021,SUPREMEIND,2110.969482,38.60949159,BUY
12/21/2021,SUPREMEIND,2133.681885,41.12161484,NO_SIGNAL
12/22/2021,SUPREMEIND,2162.703613,44.26031008,NO_SIGNAL
12/23/2021,SUPREMEIND,2170.17749,45.07237625,NO_SIGNAL
12/24/2021,SUPREMEIND,2153.773926,43.57196275,NO_SIGNAL
12/27/2021,SUPREMEIND,2145.912109,42.83596178,NO_SIGNAL
12/28/2021,SUPREMEIND,2145.184326,42.76394845,NO_SIGNAL
12/29/2021,SUPREMEIND,2161.92749,45.05255957,NO_SIGNAL
12/30/2021,SUPREMEIND,2164.354004,45.3933425,NO_SIGNAL
12/31/2021,SUPREMEIND,2163.383301,45.27237964,NO_SIGNAL
1/3/2022,SUPREMEIND,2164.64502,45.47576061,NO_SIGNAL
1/4/2022,SUPREMEIND,2160.859619,44.9362076,NO_SIGNAL
1/5/2022,SUPREMEIND,2168.964355,46.40246663,NO_SIGNAL
1/6/2022,SUPREMEIND,2136.691162,41.64677496,NO_SIGNAL
1/7/2022,SUPREMEIND,2131.692383,40.9467734,NO_SIGNAL
1/10/2022,SUPREMEIND,2133.779053,41.38963349,NO_SIGNAL
1/11/2022,SUPREMEIND,2188.910645,51.69662376,NO_SIGNAL
1/12/2022,SUPREMEIND,2200.800781,53.59210839,NO_SIGNAL
1/13/2022,SUPREMEIND,2182.164795,50.26290317,NO_SIGNAL
1/14/2022,SUPREMEIND,2154.356445,45.70074327,STRONG_BUY
1/17/2022,SUPREMEIND,2230.259521,57.13680142,NO_SIGNAL
1/18/2022,SUPREMEIND,2202.693848,52.78853636,NO_SIGNAL
1/19/2022,SUPREMEIND,2199.005127,52.21587942,NO_SIGNAL
1/20/2022,SUPREMEIND,2195.510986,51.64436507,NO_SIGNAL
1/21/2022,SUPREMEIND,2171.876221,47.83082743,NO_SIGNAL
1/24/2022,SUPREMEIND,2067.485352,35.39779212,BUY
1/25/2022,SUPREMEIND,1987.699585,29.15913045,STRONG_BUY
1/27/2022,SUPREMEIND,1992.455811,29.95169491,STRONG_BUY
1/28/2022,SUPREMEIND,2028.271606,35.77846941,BUY
1/31/2022,SUPREMEIND,2037.978149,37.30065717,BUY
2/1/2022,SUPREMEIND,2075.153076,42.88424931,NO_SIGNAL
2/2/2022,SUPREMEIND,2031.183594,38.51536421,BUY
2/3/2022,SUPREMEIND,1955.42627,32.39225566,STRONG_BUY
2/4/2022,SUPREMEIND,1957.027954,32.63609415,STRONG_BUY
2/7/2022,SUPREMEIND,1960.425049,33.18650295,BUY
2/8/2022,SUPREMEIND,1927.375122,30.56955686,STRONG_BUY
2/9/2022,SUPREMEIND,1971.053345,37.57551289,BUY
2/10/2022,SUPREMEIND,1955.717651,36.19454453,BUY
2/11/2022,SUPREMEIND,1918.979248,33.05994225,BUY
2/14/2022,SUPREMEIND,1854.869385,28.43247593,STRONG_BUY
2/15/2022,SUPREMEIND,1909.418457,36.56818675,BUY
2/16/2022,SUPREMEIND,1940.915527,40.75603649,NO_SIGNAL
2/17/2022,SUPREMEIND,1908.545044,37.98072982,BUY
2/18/2022,SUPREMEIND,1907.865601,37.92235802,BUY
2/21/2022,SUPREMEIND,1894.422363,36.7198821,BUY
2/22/2022,SUPREMEIND,1980.565552,48.08074391,STRONG_BUY
2/23/2022,SUPREMEIND,1995.998413,49.81892165,STRONG_BUY
2/24/2022,SUPREMEIND,1980.22583,48.04846109,STRONG_BUY
2/25/2022,SUPREMEIND,1986.049683,48.77237741,STRONG_BUY
2/28/2022,SUPREMEIND,1982.40979,48.31919554,STRONG_BUY
3/2/2022,SUPREMEIND,1957.416138,45.21260531,STRONG_BUY
3/3/2022,SUPREMEIND,1969.743042,47.0217402,NO_SIGNAL
3/4/2022,SUPREMEIND,1925.433838,41.69241785,NO_SIGNAL
3/7/2022,SUPREMEIND,1915.145264,40.54336755,NO_SIGNAL
3/8/2022,SUPREMEIND,1955.766113,46.77980937,NO_SIGNAL
3/9/2022,SUPREMEIND,1955.523315,46.74824607,NO_SIGNAL
3/10/2022,SUPREMEIND,1934.024048,43.92224697,NO_SIGNAL
3/11/2022,SUPREMEIND,1933.344482,43.83205024,NO_SIGNAL
3/14/2022,SUPREMEIND,1906.652222,40.32888065,NO_SIGNAL
3/15/2022,SUPREMEIND,1899.469482,39.41596435,BUY
3/16/2022,SUPREMEIND,1935.916748,46.08528557,NO_SIGNAL
3/17/2022,SUPREMEIND,1992.64978,54.48449693,NO_SIGNAL
3/21/2022,SUPREMEIND,1984.302368,53.17195151,NO_SIGNAL
3/22/2022,SUPREMEIND,1964.307495,50.06100569,NO_SIGNAL
3/23/2022,SUPREMEIND,1958.386719,49.14409739,STRONG_BUY
3/24/2022,SUPREMEIND,1963.28833,49.96120281,NO_SIGNAL
3/25/2022,SUPREMEIND,1944.312744,46.82465226,NO_SIGNAL
3/28/2022,SUPREMEIND,1938.780029,45.91945362,NO_SIGNAL
3/29/2022,SUPREMEIND,1932.131226,44.79866349,NO_SIGNAL
3/30/2022,SUPREMEIND,1933.296021,45.0516938,NO_SIGNAL
3/31/2022,SUPREMEIND,1987.068726,55.24971379,NO_SIGNAL
4/1/2022,SUPREMEIND,1979.449341,53.72809557,NO_SIGNAL
4/4/2022,SUPREMEIND,1978.333008,53.49563326,NO_SIGNAL
4/5/2022,SUPREMEIND,2091.944824,68.45459909,NO_SIGNAL
4/6/2022,SUPREMEIND,2099.030762,69.12174237,NO_SIGNAL
4/7/2022,SUPREMEIND,2036.279785,57.52029827,NO_SIGNAL
4/8/2022,SUPREMEIND,2035.357422,57.36788163,NO_SIGNAL
4/11/2022,SUPREMEIND,2033.464844,57.03393192,NO_SIGNAL
4/12/2022,SUPREMEIND,2022.30249,55.00033793,NO_SIGNAL
4/13/2022,SUPREMEIND,1979.643555,47.96204194,STRONG_BUY
4/18/2022,SUPREMEIND,1938.828613,42.37472953,NO_SIGNAL
4/19/2022,SUPREMEIND,1930.141479,41.2726581,NO_SIGNAL
4/20/2022,SUPREMEIND,1938.197632,42.75942418,NO_SIGNAL
4/21/2022,SUPREMEIND,1921.939697,40.52947161,NO_SIGNAL
4/22/2022,SUPREMEIND,1905.9729,38.41084348,BUY
4/25/2022,SUPREMEIND,1889.811768,36.34017988,BUY
4/26/2022,SUPREMEIND,1880.493774,35.16317292,BUY
4/27/2022,SUPREMEIND,1867.730225,33.55976282,BUY
4/28/2022,SUPREMEIND,1878.164307,36.12402004,BUY
4/29/2022,SUPREMEIND,1889.714844,38.93374814,BUY
5/2/2022,SUPREMEIND,1956.591064,52.07752514,NO_SIGNAL
5/4/2022,SUPREMEIND,1936.11084,48.62582117,NO_SIGNAL
5/5/2022,SUPREMEIND,1923.25,46.53976182,NO_SIGNAL
5/6/2022,SUPREMEIND,1922.279297,46.37803805,NO_SIGNAL
5/9/2022,SUPREMEIND,1868.991943,38.47414442,BUY
5/10/2022,SUPREMEIND,1845.745361,35.62202955,BUY
5/11/2022,SUPREMEIND,1841.18335,35.07255521,BUY
5/12/2022,SUPREMEIND,1794.205078,29.9493527,STRONG_BUY
5/13/2022,SUPREMEIND,1819.732666,35.46582343,BUY
5/16/2022,SUPREMEIND,1824.537231,36.47971295,BUY
5/17/2022,SUPREMEIND,1843.804077,40.51565337,NO_SIGNAL
5/18/2022,SUPREMEIND,1822.304565,37.64154957,BUY
5/19/2022,SUPREMEIND,1773.336548,32.06266005,STRONG_BUY
5/20/2022,SUPREMEIND,1749.556152,29.75618504,STRONG_BUY
5/23/2022,SUPREMEIND,1724.950684,27.54799498,STRONG_BUY
5/24/2022,SUPREMEIND,1696.851074,25.24405267,STRONG_BUY
5/25/2022,SUPREMEIND,1669.47937,23.20792867,STRONG_BUY
5/26/2022,SUPREMEIND,1670.935425,23.56112806,STRONG_BUY
5/27/2022,SUPREMEIND,1740.723511,38.22652667,BUY
5/30/2022,SUPREMEIND,1767.949585,42.83442216,NO_SIGNAL
5/31/2022,SUPREMEIND,1783.139771,45.28662744,STRONG_BUY
6/1/2022,SUPREMEIND,1836.864136,52.97058107,NO_SIGNAL
6/2/2022,SUPREMEIND,1830.749146,52.07413844,NO_SIGNAL
6/3/2022,SUPREMEIND,1804.881958,48.34684146,STRONG_BUY
6/6/2022,SUPREMEIND,1821.431152,50.77442951,NO_SIGNAL
6/7/2022,SUPREMEIND,1813.714722,49.6038056,STRONG_BUY
6/8/2022,SUPREMEIND,1827.691772,51.77275088,NO_SIGNAL
6/9/2022,SUPREMEIND,1785.61499,45.43349015,NO_SIGNAL
6/10/2022,SUPREMEIND,1752.953491,41.2148774,NO_SIGNAL
6/13/2022,SUPREMEIND,1719.078491,37.34211909,BUY
6/14/2022,SUPREMEIND,1696.996704,35.03131852,BUY
6/15/2022,SUPREMEIND,1727.523071,40.51181395,NO_SIGNAL
6/16/2022,SUPREMEIND,1706.314697,38.10670842,BUY
6/17/2022,SUPREMEIND,1710.245728,38.83158385,BUY
6/20/2022,SUPREMEIND,1734.026123,43.16780664,NO_SIGNAL
6/21/2022,SUPREMEIND,1705.983765,39.60257372,BUY
6/22/2022,SUPREMEIND,1677.152588,36.28453112,BUY
6/23/2022,SUPREMEIND,1672.644653,35.77975841,BUY
6/24/2022,SUPREMEIND,1689.63623,39.21241243,BUY
6/27/2022,SUPREMEIND,1683.889771,38.46362307,BUY
6/28/2022,SUPREMEIND,1700.039063,41.82568102,NO_SIGNAL
6/29/2022,SUPREMEIND,1701.376587,42.10779608,NO_SIGNAL
6/30/2022,SUPREMEIND,1750.518188,51.42778045,NO_SIGNAL
7/1/2022,SUPREMEIND,1753.440918,51.92351796,NO_SIGNAL
7/4/2022,SUPREMEIND,1753.440918,51.92351796,NO_SIGNAL
7/5/2022,SUPREMEIND,1761.366943,53.4187586,NO_SIGNAL
7/6/2022,SUPREMEIND,1755.571045,52.14169207,NO_SIGNAL
7/7/2022,SUPREMEIND,1827.89624,63.77861823,NO_SIGNAL
7/8/2022,SUPREMEIND,1842.609009,65.61049531,NO_SIGNAL
7/11/2022,SUPREMEIND,1887.292114,70.49152753,NO_SIGNAL
7/12/2022,SUPREMEIND,1886.449951,70.28903414,NO_SIGNAL
7/13/2022,SUPREMEIND,1819.028931,56.33664121,NO_SIGNAL
7/14/2022,SUPREMEIND,1804.316162,53.82571089,NO_SIGNAL
7/15/2022,SUPREMEIND,1808.477295,54.44413985,NO_SIGNAL
7/18/2022,SUPREMEIND,1852.516479,60.47734494,NO_SIGNAL
7/19/2022,SUPREMEIND,1875.402954,63.20457617,NO_SIGNAL
7/20/2022,SUPREMEIND,1876.740601,63.36369977,NO_SIGNAL
7/21/2022,SUPREMEIND,1861.581787,60.18716779,NO_SIGNAL
7/22/2022,SUPREMEIND,1877.533203,62.3273819,NO_SIGNAL
7/25/2022,SUPREMEIND,1805.851807,49.4602358,STRONG_BUY
7/26/2022,SUPREMEIND,1765.775757,43.99207891,NO_SIGNAL
7/27/2022,SUPREMEIND,1819.474731,51.69786395,NO_SIGNAL
7/28/2022,SUPREMEIND,1858.361938,56.37838906,NO_SIGNAL
7/29/2022,SUPREMEIND,1879.564209,58.72671094,NO_SIGNAL
8/1/2022,SUPREMEIND,1879.118408,58.655211,NO_SIGNAL
8/2/2022,SUPREMEIND,1847.215942,53.62373765,NO_SIGNAL
8/3/2022,SUPREMEIND,1836.169189,51.96160306,NO_SIGNAL
8/4/2022,SUPREMEIND,1875.502075,57.06465424,NO_SIGNAL
8/5/2022,SUPREMEIND,1852.21936,53.44543786,NO_SIGNAL
8/8/2022,SUPREMEIND,1852.36792,53.46571805,NO_SIGNAL
8/10/2022,SUPREMEIND,1870.151978,55.9401081,NO_SIGNAL
8/11/2022,SUPREMEIND,1877.830322,57.00315678,NO_SIGNAL
8/12/2022,SUPREMEIND,1876.492798,56.74631469,NO_SIGNAL
8/16/2022,SUPREMEIND,1882.536377,57.67431568,NO_SIGNAL
8/17/2022,SUPREMEIND,1950.89856,66.44428717,NO_SIGNAL
8/18/2022,SUPREMEIND,1920.08606,60.37234104,NO_SIGNAL
8/19/2022,SUPREMEIND,1890.313843,55.12997901,NO_SIGNAL
8/22/2022,SUPREMEIND,1823.685425,45.58919745,NO_SIGNAL
8/23/2022,SUPREMEIND,1819.821655,45.1017521,NO_SIGNAL
8/24/2022,SUPREMEIND,1838.299072,47.96697111,NO_SIGNAL
8/25/2022,SUPREMEIND,1892.047607,55.27875406,NO_SIGNAL
8/26/2022,SUPREMEIND,1906.809937,57.0633712,NO_SIGNAL
8/29/2022,SUPREMEIND,1912.506836,57.7638323,NO_SIGNAL
8/30/2022,SUPREMEIND,1947.430908,61.87048838,NO_SIGNAL
9/1/2022,SUPREMEIND,1949.016113,62.0508529,NO_SIGNAL
9/2/2022,SUPREMEIND,1963.927124,63.78613869,NO_SIGNAL
9/5/2022,SUPREMEIND,2041.651855,71.18309638,NO_SIGNAL
9/6/2022,SUPREMEIND,2060.625,72.65159991,NO_SIGNAL
9/7/2022,SUPREMEIND,2103.623535,75.67675858,NO_SIGNAL
9/8/2022,SUPREMEIND,2084.997559,71.96330979,NO_SIGNAL
9/9/2022,SUPREMEIND,2117.642822,74.33992389,NO_SIGNAL
9/12/2022,SUPREMEIND,2096.837158,70.25258792,NO_SIGNAL
9/13/2022,SUPREMEIND,2048.3396,61.7323105,NO_SIGNAL
9/14/2022,SUPREMEIND,2031.595825,59.06872187,NO_SIGNAL
9/15/2022,SUPREMEIND,2038.333008,59.8199549,NO_SIGNAL
9/16/2022,SUPREMEIND,2003.161011,54.22469945,NO_SIGNAL
9/19/2022,SUPREMEIND,1999.049316,53.59360367,NO_SIGNAL
9/20/2022,SUPREMEIND,2070.730713,61.9154119,NO_SIGNAL
9/21/2022,SUPREMEIND,2057.702148,59.81583951,NO_SIGNAL
9/22/2022,SUPREMEIND,2058.346191,59.88825086,NO_SIGNAL
9/23/2022,SUPREMEIND,2042.39502,57.14182253,NO_SIGNAL
9/26/2022,SUPREMEIND,2048.191162,57.89737899,NO_SIGNAL
9/27/2022,SUPREMEIND,2040.611694,56.49480408,NO_SIGNAL
9/28/2022,SUPREMEIND,2094.459229,63.29741469,NO_SIGNAL
9/29/2022,SUPREMEIND,2097.827881,63.68002361,NO_SIGNAL
9/30/2022,SUPREMEIND,2113.679932,65.50249242,NO_SIGNAL
10/3/2022,SUPREMEIND,2072.662598,57.46720723,NO_SIGNAL
10/4/2022,SUPREMEIND,2050.221924,53.59365019,NO_SIGNAL
10/6/2022,SUPREMEIND,2029.217896,50.18402428,NO_SIGNAL
10/7/2022,SUPREMEIND,1996.225708,45.30804432,NO_SIGNAL
10/10/2022,SUPREMEIND,1979.283813,42.99769753,NO_SIGNAL
10/11/2022,SUPREMEIND,1943.616577,38.54188439,BUY
10/12/2022,SUPREMEIND,2003.210571,48.20069069,NO_SIGNAL
10/13/2022,SUPREMEIND,1957.289063,42.63964872,NO_SIGNAL
10/14/2022,SUPREMEIND,1921.621826,38.88694142,BUY
10/17/2022,SUPREMEIND,1976.410645,46.65374259,NO_SIGNAL
10/18/2022,SUPREMEIND,2003.012329,49.97783107,NO_SIGNAL
10/19/2022,SUPREMEIND,2013.514526,51.26884532,NO_SIGNAL
10/20/2022,SUPREMEIND,2038.630127,54.30605813,NO_SIGNAL
10/21/2022,SUPREMEIND,2072.414795,58.09001994,NO_SIGNAL
10/24/2022,SUPREMEIND,2033.428467,52.6696841,NO_SIGNAL
10/25/2022,SUPREMEIND,2027.880371,51.92711789,NO_SIGNAL
10/27/2022,SUPREMEIND,2071.820313,57.08725221,NO_SIGNAL
10/28/2022,SUPREMEIND,2018.517822,50.06654052,NO_SIGNAL
10/31/2022,SUPREMEIND,2150.239014,62.37943477,NO_SIGNAL
11/1/2022,SUPREMEIND,2242.428955,68.27565539,NO_SIGNAL
11/2/2022,SUPREMEIND,2263.135498,69.43440604,NO_SIGNAL
11/3/2022,SUPREMEIND,2180.407471,60.00443354,NO_SIGNAL
11/4/2022,SUPREMEIND,2218.105713,62.5035094,NO_SIGNAL
11/7/2022,SUPREMEIND,2343.077881,69.342361,NO_SIGNAL
11/9/2022,SUPREMEIND,2385,71.23747023,NO_SIGNAL
11/10/2022,SUPREMEIND,2431.293213,73.20705539,NO_SIGNAL
11/11/2022,SUPREMEIND,2404.769043,70.23924153,NO_SIGNAL
11/14/2022,SUPREMEIND,2404.620117,70.22202801,NO_SIGNAL
11/15/2022,SUPREMEIND,2399.454346,69.58500417,NO_SIGNAL
11/16/2022,SUPREMEIND,2353.707275,64.0441753,NO_SIGNAL
11/17/2022,SUPREMEIND,2260.673584,54.53400819,NO_SIGNAL
11/18/2022,SUPREMEIND,2274.333008,55.57702888,NO_SIGNAL
11/21/2022,SUPREMEIND,2267.478516,54.89645056,NO_SIGNAL
11/22/2022,SUPREMEIND,2242.742432,52.40256965,NO_SIGNAL
11/23/2022,SUPREMEIND,2289.681641,56.44599173,NO_SIGNAL
11/24/2022,SUPREMEIND,2263.107666,53.66644591,NO_SIGNAL
11/25/2022,SUPREMEIND,2327.828857,58.96621534,NO_SIGNAL
11/28/2022,SUPREMEIND,2390.364502,63.33067144,NO_SIGNAL
11/29/2022,SUPREMEIND,2355.545166,59.53376874,NO_SIGNAL
11/30/2022,SUPREMEIND,2419.173584,63.80435079,NO_SIGNAL
12/1/2022,SUPREMEIND,2415.150146,63.34908452,NO_SIGNAL
12/2/2022,SUPREMEIND,2491.593994,68.01832598,NO_SIGNAL
12/5/2022,SUPREMEIND,2472.023438,65.71030212,NO_SIGNAL
12/6/2022,SUPREMEIND,2448.330566,62.92644619,NO_SIGNAL
12/7/2022,SUPREMEIND,2429.405762,60.71386326,NO_SIGNAL
12/8/2022,SUPREMEIND,2387.682373,56.03581303,NO_SIGNAL
12/9/2022,SUPREMEIND,2405.017334,57.50096952,NO_SIGNAL
12/12/2022,SUPREMEIND,2519.608398,65.65027807,NO_SIGNAL
12/13/2022,SUPREMEIND,2498.647217,63.26067774,NO_SIGNAL
12/14/2022,SUPREMEIND,2549.013428,66.4232174,NO_SIGNAL
12/15/2022,SUPREMEIND,2489.507813,59.86642385,NO_SIGNAL
12/16/2022,SUPREMEIND,2490.799072,59.95879134,NO_SIGNAL
12/19/2022,SUPREMEIND,2542.854248,63.59620668,NO_SIGNAL
12/20/2022,SUPREMEIND,2486.726074,57.5279203,NO_SIGNAL
12/21/2022,SUPREMEIND,2411.325684,50.54989582,NO_SIGNAL
12/22/2022,SUPREMEIND,2351.372803,45.79349199,NO_SIGNAL
12/23/2022,SUPREMEIND,2304.036377,42.40110261,NO_SIGNAL
12/26/2022,SUPREMEIND,2432.534912,52.65450482,NO_SIGNAL
12/27/2022,SUPREMEIND,2428.462158,52.33650038,NO_SIGNAL
12/28/2022,SUPREMEIND,2430.150879,52.46469455,NO_SIGNAL
12/29/2022,SUPREMEIND,2435.31665,52.8821688,NO_SIGNAL
12/30/2022,SUPREMEIND,2433.926025,52.74786824,NO_SIGNAL
1/2/2023,SUPREMEIND,2391.407471,48.67735912,NO_SIGNAL
1/3/2023,SUPREMEIND,2368.707764,46.60939168,NO_SIGNAL
1/4/2023,SUPREMEIND,2369.303955,46.67346986,NO_SIGNAL
1/5/2023,SUPREMEIND,2370.297363,46.78806891,NO_SIGNAL
1/6/2023,SUPREMEIND,2434.025146,53.66690222,NO_SIGNAL
1/9/2023,SUPREMEIND,2453.794434,55.58504899,NO_SIGNAL
1/10/2023,SUPREMEIND,2474.854736,57.59889365,NO_SIGNAL
1/11/2023,SUPREMEIND,2397.51709,48.84112505,NO_SIGNAL
1/12/2023,SUPREMEIND,2436.55835,52.74706588,NO_SIGNAL
1/13/2023,SUPREMEIND,2453.297607,54.3561688,NO_SIGNAL
1/16/2023,SUPREMEIND,2411.921631,49.83847749,NO_SIGNAL
1/17/2023,SUPREMEIND,2387.384277,47.32638738,NO_SIGNAL
1/18/2023,SUPREMEIND,2374.221436,45.98728183,NO_SIGNAL
1/19/2023,SUPREMEIND,2408.543945,49.96301009,NO_SIGNAL
1/20/2023,SUPREMEIND,2345.461914,43.60950819,NO_SIGNAL
1/23/2023,SUPREMEIND,2335.974854,42.72946753,NO_SIGNAL
1/24/2023,SUPREMEIND,2382.019775,48.19381049,NO_SIGNAL
1/25/2023,SUPREMEIND,2397.914551,49.96844162,NO_SIGNAL
1/27/2023,SUPREMEIND,2522.240723,61.17216689,NO_SIGNAL
1/30/2023,SUPREMEIND,2532.274414,61.91343126,NO_SIGNAL
1/31/2023,SUPREMEIND,2512.20752,59.46820573,NO_SIGNAL
2/1/2023,SUPREMEIND,2515.237061,59.72680748,NO_SIGNAL
2/2/2023,SUPREMEIND,2531.479736,61.15769675,NO_SIGNAL
2/3/2023,SUPREMEIND,2612.393555,67.37606113,NO_SIGNAL
2/6/2023,SUPREMEIND,2658.637207,70.30228987,NO_SIGNAL
2/7/2023,SUPREMEIND,2653.024658,69.48763789,NO_SIGNAL
2/8/2023,SUPREMEIND,2639.861816,67.51177687,NO_SIGNAL
2/9/2023,SUPREMEIND,2637.974121,67.21659325,NO_SIGNAL
2/10/2023,SUPREMEIND,2645.871826,67.84994953,NO_SIGNAL
2/13/2023,SUPREMEIND,2636.831787,66.27169815,NO_SIGNAL
2/14/2023,SUPREMEIND,2537.440186,51.96080906,NO_SIGNAL
2/15/2023,SUPREMEIND,2607.823975,58.75338453,NO_SIGNAL
2/16/2023,SUPREMEIND,2691.767822,65.09286793,NO_SIGNAL
2/17/2023,SUPREMEIND,2728.425049,67.44589401,NO_SIGNAL
2/20/2023,SUPREMEIND,2683.671387,61.95500546,NO_SIGNAL
2/21/2023,SUPREMEIND,2738.508057,65.64560249,NO_SIGNAL
2/22/2023,SUPREMEIND,2711.487061,62.43179479,NO_SIGNAL
2/23/2023,SUPREMEIND,2676.866699,58.48134518,NO_SIGNAL
2/24/2023,SUPREMEIND,2708.804932,60.93701567,NO_SIGNAL
2/27/2023,SUPREMEIND,2722.51416,61.97661132,NO_SIGNAL
2/28/2023,SUPREMEIND,2743.177246,63.55113743,NO_SIGNAL
3/1/2023,SUPREMEIND,2716.752197,60.12235199,NO_SIGNAL
3/2/2023,SUPREMEIND,2684.366699,56.12568382,NO_SIGNAL
3/3/2023,SUPREMEIND,2684.019043,56.08258411,NO_SIGNAL
3/6/2023,SUPREMEIND,2682.529053,55.88451253,NO_SIGNAL
3/8/2023,SUPREMEIND,2734.385498,61.04154526,NO_SIGNAL
3/9/2023,SUPREMEIND,2722.563965,59.33859558,NO_SIGNAL
3/10/2023,SUPREMEIND,2681.48584,53.72929249,NO_SIGNAL
3/13/2023,SUPREMEIND,2648.951416,49.72040821,NO_SIGNAL
3/14/2023,SUPREMEIND,2518.46582,37.60238191,BUY
3/15/2023,SUPREMEIND,2472.172607,34.39917721,BUY
3/16/2023,SUPREMEIND,2493.33252,37.03927654,BUY
3/17/2023,SUPREMEIND,2556.613281,44.26352982,NO_SIGNAL
3/20/2023,SUPREMEIND,2572.259521,45.91593135,NO_SIGNAL
3/21/2023,SUPREMEIND,2555.073242,44.36022916,NO_SIGNAL
3/22/2023,SUPREMEIND,2559.146484,44.83726598,NO_SIGNAL
3/23/2023,SUPREMEIND,2523.432861,41.47929961,NO_SIGNAL
3/24/2023,SUPREMEIND,2489.507813,38.52754778,BUY
3/27/2023,SUPREMEIND,2444.704346,34.98655213,BUY
3/28/2023,SUPREMEIND,2455.880371,36.55303384,BUY
3/29/2023,SUPREMEIND,2508.680664,43.48163208,NO_SIGNAL
3/31/2023,SUPREMEIND,2497.008057,42.37981424,NO_SIGNAL
4/3/2023,SUPREMEIND,2497.455078,42.43996903,NO_SIGNAL
4/5/2023,SUPREMEIND,2518.763916,45.3678913,NO_SIGNAL
4/6/2023,SUPREMEIND,2596.995605,54.51553502,NO_SIGNAL
4/10/2023,SUPREMEIND,2569.378418,51.25295191,NO_SIGNAL
4/11/2023,SUPREMEIND,2573.650146,51.73411297,NO_SIGNAL
4/12/2023,SUPREMEIND,2602.012451,54.9160164,NO_SIGNAL
4/13/2023,SUPREMEIND,2619.397217,56.79611867,NO_SIGNAL
4/17/2023,SUPREMEIND,2638.868408,58.86519722,NO_SIGNAL
4/18/2023,SUPREMEIND,2607.625,54.36602751,NO_SIGNAL
4/19/2023,SUPREMEIND,2581.597656,50.87739844,NO_SIGNAL
4/20/2023,SUPREMEIND,2616.615479,55.05610497,NO_SIGNAL
4/21/2023,SUPREMEIND,2668.273438,60.40684028,NO_SIGNAL
4/24/2023,SUPREMEIND,2667.925781,60.35476258,NO_SIGNAL
4/25/2023,SUPREMEIND,2715.013672,64.78328084,NO_SIGNAL
4/26/2023,SUPREMEIND,2661.667236,57.01322911,NO_SIGNAL
4/27/2023,SUPREMEIND,2629.679199,52.91490886,NO_SIGNAL
4/28/2023,SUPREMEIND,2703.887451,60.08347467,NO_SIGNAL
5/2/2023,SUPREMEIND,2730.809082,62.32447548,NO_SIGNAL
5/3/2023,SUPREMEIND,2740.097656,63.09434058,NO_SIGNAL
5/4/2023,SUPREMEIND,2787.036621,66.78771405,NO_SIGNAL
5/5/2023,SUPREMEIND,2747.150879,61.18446086,NO_SIGNAL
5/8/2023,SUPREMEIND,2767.118652,62.86416765,NO_SIGNAL
5/9/2023,SUPREMEIND,2781.374268,64.05993774,NO_SIGNAL
5/10/2023,SUPREMEIND,2737.415527,57.87172921,NO_SIGNAL
5/11/2023,SUPREMEIND,2754.700928,59.527343,NO_SIGNAL
5/12/2023,SUPREMEIND,2765.429688,60.56329767,NO_SIGNAL
5/15/2023,SUPREMEIND,2769.303955,60.95198711,NO_SIGNAL
5/16/2023,SUPREMEIND,2761.704346,59.70882708,NO_SIGNAL
5/17/2023,SUPREMEIND,2780.331055,61.76711346,NO_SIGNAL
5/18/2023,SUPREMEIND,2781.026367,61.84546916,NO_SIGNAL
5/19/2023,SUPREMEIND,2780.380859,61.71900759,NO_SIGNAL
5/22/2023,SUPREMEIND,2713.871338,50.3051991,NO_SIGNAL
5/23/2023,SUPREMEIND,2766.075439,57.02334917,NO_SIGNAL
5/24/2023,SUPREMEIND,2774.07251,57.96091754,NO_SIGNAL
5/25/2023,SUPREMEIND,2782.764893,59.00772078,NO_SIGNAL
5/26/2023,SUPREMEIND,2801.888184,61.29136359,NO_SIGNAL
5/29/2023,SUPREMEIND,2795.927734,60.16629139,NO_SIGNAL
5/30/2023,SUPREMEIND,2829.207275,64.12584156,NO_SIGNAL
5/31/2023,SUPREMEIND,2744.31958,50.37169192,NO_SIGNAL
6/1/2023,SUPREMEIND,2767.615234,53.33006356,NO_SIGNAL
6/2/2023,SUPREMEIND,2801.590088,57.32545659,NO_SIGNAL
6/5/2023,SUPREMEIND,2790.712158,55.68180802,NO_SIGNAL
6/6/2023,SUPREMEIND,2806.706299,57.60649502,NO_SIGNAL
6/7/2023,SUPREMEIND,2828.412354,60.13670157,NO_SIGNAL
6/8/2023,SUPREMEIND,2818.279541,58.3848762,NO_SIGNAL
6/9/2023,SUPREMEIND,2801.838379,55.55689597,NO_SIGNAL
6/12/2023,SUPREMEIND,2880.417969,64.42585103,NO_SIGNAL
6/13/2023,SUPREMEIND,2984.52832,72.31007127,NO_SIGNAL
6/14/2023,SUPREMEIND,2967.640137,69.6148177,NO_SIGNAL
6/15/2023,SUPREMEIND,2984.776611,70.80399732,NO_SIGNAL
6/16/2023,SUPREMEIND,2989.445801,71.13547533,NO_SIGNAL
6/19/2023,SUPREMEIND,2975.587646,68.64441019,NO_SIGNAL
6/20/2023,SUPREMEIND,3019,71.95732935,NO_SIGNAL
6/21/2023,SUPREMEIND,3050.399902,74.08972386,NO_SIGNAL
6/22/2023,SUPREMEIND,3174.449951,80.42321185,HOLD
6/23/2023,SUPREMEIND,3124.050049,72.65285388,NO_SIGNAL
6/26/2023,SUPREMEIND,3105.699951,70.00095507,NO_SIGNAL
6/27/2023,SUPREMEIND,3076.149902,65.83363724,NO_SIGNAL
6/28/2023,SUPREMEIND,3076.149902,65.83363724,NO_SIGNAL
6/30/2023,SUPREMEIND,3197.699951,73.39069162,NO_SIGNAL
7/3/2023,SUPREMEIND,3171.399902,69.79356849,NO_SIGNAL
7/4/2023,SUPREMEIND,3247.199951,73.7820746,NO_SIGNAL
7/5/2023,SUPREMEIND,3197.550049,67.49543139,NO_SIGNAL
7/6/2023,SUPREMEIND,3198.050049,67.52544011,NO_SIGNAL
7/7/2023,SUPREMEIND,3152.899902,61.9624824,NO_SIGNAL
7/10/2023,SUPREMEIND,3195.800049,64.91971662,NO_SIGNAL
7/11/2023,SUPREMEIND,3189.800049,64.16831632,NO_SIGNAL
7/12/2023,SUPREMEIND,3237.399902,67.39271296,NO_SIGNAL
7/13/2023,SUPREMEIND,3375.899902,74.56479601,NO_SIGNAL
7/14/2023,SUPREMEIND,3348.800049,71.26193639,NO_SIGNAL
7/17/2023,SUPREMEIND,3355.449951,71.59443718,NO_SIGNAL
7/18/2023,SUPREMEIND,3480.449951,76.98491435,HOLD
7/19/2023,SUPREMEIND,3485.050049,77.15671472,HOLD
7/20/2023,SUPREMEIND,3467.350098,74.84174607,NO_SIGNAL
7/21/2023,SUPREMEIND,3491.199951,75.89138975,NO_SIGNAL
