12/28/2020,SUPREMEIND,1673.55,1681.95,1681.95,1599.85,1650,1644.6,0,0,0,0,0,1644.6,1644.6,1644.6,1644.6,1644.6,1644.6,0,0,31.70958297
12/29/2020,SUPREMEIND,1644.6,1652.85,1679.45,1638.45,1670,1673,2.265527066,0.453105413,28.4,0,0,1649.763636,1647.304762,1645.713725,1644.882587,1644.826295,1644.788704,0,0,31.70958297
12/30/2020,SUPREMEIND,1673,1679,1680,1634,1640,1639.95,1.378227449,0.63812982,0,-33.05,0,1647.979339,1646.604308,1645.487697,1644.833507,1644.78744,1644.756553,4.45,0,31.70958297
12/31/2020,SUPREMEIND,1639.95,1640,1666.05,1625,1629.95,1629.9,-0.13436601,0.483630654,0,-10.05,0,1644.692186,1645.013422,1644.876415,1644.684914,1644.668815,1644.657839,9,0,31.70958297
1/1/2021,SUPREMEIND,1629.9,1631,1734.7,1610,1698,1687.2,3.253025052,1.037509534,57.3,0,0,1652.42088,1649.031191,1646.536163,1645.10795,1645.007709,1644.940511,0,68.65,31.70958297
1/4/2021,SUPREMEIND,1687.2,1697.8,1730,1688.25,1710.25,1722.7,8.70180124,2.570367875,35.5,0,0,1665.198902,1656.047268,1649.52298,1645.88001,1645.626771,1645.457185,0,0,31.70958297
1/5/2021,SUPREMEIND,1722.7,1721.9,1757,1707.05,1741,1748.3,14.91378485,5.03905127,25.6,0,0,1680.308192,1664.833243,1653.396589,1646.899115,1646.444884,1646.140526,0,27,31.70958297
1/6/2021,SUPREMEIND,1748.3,1748,1765,1720.3,1748.3,1756.85,20.29281719,8.089804454,8.55,0,0,1694.224885,1673.596743,1657.453585,1647.993153,1647.324606,1646.876137,0,8,31.70958297
1/7/2021,SUPREMEIND,1756.85,1765,1804.5,1748.55,1788.65,1790.9,26.99214091,11.87027175,34.05,0,0,1711.802178,1684.768482,1662.686778,1649.415112,1648.468633,1647.833107,0,39.5,31.70958297
1/8/2021,SUPREMEIND,1790.9,1800,1819,1776,1797.95,1798.7,32.55551829,16.00732106,7.8,0,0,1727.601782,1695.619103,1668.02063,1650.900534,1649.665696,1648.835544,0,14.5,31.70958297
1/11/2021,SUPREMEIND,1798.7,1815,1825,1766.7,1801,1800.1,36.6549676,20.13685036,1.4,0,0,1740.783276,1705.569665,1673.200213,1652.385106,1650.864376,1649.840624,9.3,0,31.70958297
1/12/2021,SUPREMEIND,1800.1,1809.15,1820,1752.45,1756.6,1772.95,37.28325446,23.56613118,0,-27.15,0,1746.631772,1711.986839,1677.11197,1653.584756,1651.83717,1650.658626,14.25,0,31.70958297
1/13/2021,SUPREMEIND,1772.95,1773,1788.65,1727.45,1746.25,1752.6,35.72725978,25.9983569,0,-20.35,0,1747.716904,1715.854759,1680.072284,1654.569983,1652.640061,1651.335978,25,0,31.70958297
1/14/2021,SUPREMEIND,1752.6,1756.9,1779.35,1720,1740,1738.9,33.00814988,27.4003155,0,-13.7,0,1746.113831,1718.049544,1682.379254,1655.409087,1653.327391,1651.917798,7.45,0,31.70958297
1/15/2021,SUPREMEIND,1738.9,1740.1,1759.95,1698.05,1710,1714,28.51530708,27.62331381,0,-24.9,60.585723,1740.274952,1717.663873,1683.619283,1655.992081,1653.810838,1652.330305,21.95,0,31.70958297
1/18/2021,SUPREMEIND,1714,1700,1717.6,1664.5,1671,1670,21.16034128,26.33071931,0,-44,49.56319161,1727.497688,1713.124457,1683.085193,1656.131464,1653.939835,1652.447711,33.55,0,31.70958297
1/19/2021,SUPREMEIND,1670,1678.2,1728.95,1675,1705,1701.55,17.67356931,24.59928931,31.55,0,59.00848201,1722.779927,1712.022128,1683.809303,1656.583389,1654.319199,1652.773972,0,11.35,31.70958297
1/20/2021,SUPREMEIND,1701.55,1709.95,1723.7,1668,1696,1693.55,14.10218307,22.49986806,0,-8,59.36442548,1717.465395,1710.262877,1684.191292,1656.951216,1654.631795,1653.044909,7,0,31.70958297
1/21/2021,SUPREMEIND,1693.55,1702.05,1774,1702,1767.8,1758.7,16.3405308,21.26800061,65.15,0,60.28185217,1724.962596,1714.875937,1687.113202,1657.963642,1655.461024,1653.746937,0,50.3,31.70958297
1/22/2021,SUPREMEIND,1758.7,1775.5,1784,1710,1736.95,1725.75,15.27951514,20.07030351,0,-32.95,50.44183688,1725.10576,1715.911562,1688.62837,1658.638133,1656.021095,1654.225362,0,10,31.70958297
1/25/2021,SUPREMEIND,1725.75,1838,1847.95,1720,1720.7,1732.4,14.80459386,19.01716158,6.65,0,47.56284488,1726.431985,1717.481889,1690.344905,1659.372082,1656.629692,1654.744795,0,63.95,31.70958297
1/27/2021,SUPREMEIND,1732.4,1787.55,1797,1731,1784.85,1779.55,18.02504478,18.81873822,47.15,0,53.11129386,1736.089806,1723.393138,1693.843144,1660.567882,1657.609137,1655.574066,0,0,31.70958297
1/28/2021,SUPREMEIND,1779.55,1777,1823.8,1753.25,1790,1784.55,20.74163687,19.20331795,5,0,49.05435592,1744.900751,1729.217601,1697.400275,1661.801535,1658.620618,1656.431049,0,26.8,31.70958297
1/29/2021,SUPREMEIND,1784.55,1805,1816.7,1752.85,1801.85,1808.3,24.52823596,20.26830155,23.75,0,51.36479955,1756.427887,1736.749258,1701.749284,1663.259231,1659.813282,1657.440145,0.4,0,31.70958297
2/1/2021,SUPREMEIND,1808.3,1815,1815,1791.05,1799.95,1798.5,26.4336542,21.50137208,0,-9.8,49.77783949,1764.077362,1742.630281,1705.54343,1664.604911,1660.918356,1658.377419,0,0,31.70958297
2/2/2021,SUPREMEIND,1798.5,1820,1917,1800.05,1903.5,1909.35,36.46800007,24.49469768,110.85,0,65.36728256,1790.490569,1758.508349,1713.535844,1667.040185,1662.897891,1660.045011,0,102,31.70958297
2/3/2021,SUPREMEIND,1909.35,1919,1985,1875.55,1918,1915.35,44.3927098,28.4743001,6,0,68.94865526,1813.192284,1773.44565,1721.450125,1669.51093,1664.909461,1661.74139,0,68,25.2267618
2/4/2021,SUPREMEIND,1915.35,1915.35,1990,1915.35,1975,1973.65,54.74634038,33.72870816,58.3,0,74.76004641,1842.366414,1792.512731,1731.340316,1672.537189,1667.369545,1663.813872,0,5,27.35076561
2/5/2021,SUPREMEIND,1973.65,1973.65,1999,1899.45,1949.9,1941.45,59.66560833,38.91608819,0,-32.2,73.62625948,1860.381611,1806.697232,1739.579912,1675.212938,1669.553453,1665.658631,15.9,0,30.53357612
2/8/2021,SUPREMEIND,1941.45,1942,1960.05,1902.3,1920.15,1939.65,62.69619594,43.67210974,0,-1.8,80.70135489,1874.794046,1819.359401,1747.425798,1677.844153,1671.705617,1667.479171,0,0,35.92711549
2/9/2021,SUPREMEIND,1939.65,1949,1949,1899.3,1910,1910.05,61.99484782,47.33665736,0,-29.6,73.84492223,1881.204219,1827.996601,1753.803217,1680.154659,1673.604775,1669.090938,3,0,40.80701829
2/10/2021,SUPREMEIND,1910.05,1910,1924.9,1890,1899.95,1902.65,60.14855117,49.89903612,0,-7.4,73.94640403,1885.103452,1835.106448,1759.640346,1682.368543,1675.429837,1670.642825,9.3,0,45.5431758
2/11/2021,SUPREMEIND,1902.65,1890,1947.95,1875.55,1898,1898.8,57.70944638,51.46111817,0,-3.85,68.66506795,1887.593733,1841.172501,1765.097587,1684.52209,1677.209679,1672.15882,0,23.05,50.5848904
2/12/2021,SUPREMEIND,1898.8,1881.2,1945.05,1881.2,1940,1932.7,57.84508283,52.7379111,33.9,0,77.50166113,1895.794873,1849.889405,1771.670231,1686.991522,1679.245458,1673.88999,0,0,55.36197376
2/15/2021,SUPREMEIND,1932.7,1932.7,1985,1932.5,1957.95,1950.4,58.7041133,53.93115154,17.7,0,78.14355797,1905.723078,1859.461843,1778.679241,1689.612502,1681.406052,1675.727266,0,39.95,59.3248812
2/16/2021,SUPREMEIND,1950.4,1960,1985,1876.65,1967.25,1972.85,60.49903331,55.2447279,22.45,0,76.65471594,1917.927973,1870.260715,1786.293781,1692.430785,1683.728315,1677.701504,55.85,0,61.36504576
2/17/2021,SUPREMEIND,1972.85,1975,1975,1900,1903,1908.7,56.09848308,55.41547893,0,-64.15,64.71843509,1916.25016,1873.921599,1791.094025,1694.582718,1685.520918,1679.236377,0,0,63.35433021
2/18/2021,SUPREMEIND,1908.7,1918.25,1959,1913.9,1942.15,1946.6,55.03482142,55.33934743,37.9,0,65.86373021,1921.768312,1880.843352,1797.192298,1697.090352,1687.601229,1681.01288,0,0,65.6642744
2/19/2021,SUPREMEIND,1946.6,1946.6,1981,1939.85,1970,1971.75,55.58055862,55.38758967,25.15,0,69.1966759,1930.855892,1889.501128,1804.037698,1699.823284,1689.865363,1682.944688,0,22,67.93063567
2/22/2021,SUPREMEIND,1971.75,1980,2039,1920,1957,1941.6,52.96960561,54.90399286,0,-30.15,54.35163945,1932.809366,1894.462925,1809.432299,1702.229023,1691.871217,1684.663328,0,58,67.71528125
2/23/2021,SUPREMEIND,1941.6,1960,2019,1950.3,2008,2007.2,55.55339336,55.03387296,65.6,0,60.67650819,1946.334936,1905.199789,1817.187895,1705.26356,1694.383797,1686.806429,0,0,65.03624831
2/24/2021,SUPREMEIND,2007.2,2025,2039,1980.65,2020,2018.85,57.87398612,55.60189559,11.65,0,55.89308996,1959.519493,1916.023619,1825.096213,1708.383823,1696.969185,1689.012698,0,20,62.42078573
2/25/2021,SUPREMEIND,2018.85,2020,2036.2,1960.95,1971.15,1979.45,55.8895618,55.65942883,0,-39.4,54.86306629,1963.143222,1922.064227,1831.149302,1711.080999,1699.220028,1690.942514,19.7,0,59.4777651
2/26/2021,SUPREMEIND,1979.45,1975,2063.85,1934.15,2049,2027.55,57.53493236,56.03452954,48.1,0,60.05720824,1974.853545,1932.110491,1838.85129,1714.229944,1701.836203,1693.179109,0,27.65,55.89429026
3/1/2021,SUPREMEIND,2027.55,2075,2125.05,2046.75,2081.8,2082.85,62.57976761,57.34357715,55.3,0,68.67300627,1994.489264,1946.466635,1848.419867,1717.897805,1704.872169,1695.768284,0,61.2,53.36053225
3/2/2021,SUPREMEIND,2082.85,2100,2104.1,2078.1,2090.05,2091.55,66.51313121,59.17748796,8.7,0,70.35560345,2012.136671,1960.284098,1857.954382,1721.615737,1707.953268,1698.398063,0,0,51.21603803
3/3/2021,SUPREMEIND,2091.55,2106,2124,2080,2107,2109.6,70.27672798,61.39733597,18.05,0,72.04098703,2029.857276,1974.50466,1867.822838,1725.476277,1711.15364,1701.130302,0,19.9,49.13540501
3/4/2021,SUPREMEIND,2109.6,2133,2133,2064.65,2105,2089.05,70.78522427,63.27491363,0,-20.55,66.81725288,2040.619589,1985.41374,1876.498413,1729.093926,1714.164766,1703.707841,15.35,0,46.59882323
3/5/2021,SUPREMEIND,2089.05,2110,2113.5,2065,2085.9,2087.65,70.26526867,64.67298464,0,-1.4,65.29929774,2049.170573,1995.150527,1884.778867,1732.661648,1717.140744,1706.258952,0,0,43.65773656
3/8/2021,SUPREMEIND,2087.65,2088,2108.25,2054.05,2069.75,2070,67.64917504,65.26822272,0,-17.65,60.94647887,2052.957742,2002.279048,1892.042441,1736.018249,1719.952372,1708.675836,10.95,0,44.5325177
3/9/2021,SUPREMEIND,2070,2070,2089,2005.35,2029,2017.3,60.62460966,64.33950011,0,-52.7,62.56072172,2046.474516,2003.709615,1896.954502,1738.817072,1722.321676,1710.726495,48.7,0,43.81570767
3/10/2021,SUPREMEIND,2017.3,2056,2058.8,1965.7,2003.55,2028.8,55.34753296,62.54110668,11.5,0,60.12564671,2043.260968,2006.099175,1902.124914,1741.702475,1724.763734,1712.83994,39.65,0,41.9501008
3/12/2021,SUPREMEIND,2028.8,2045.9,2076.6,2028.85,2052.1,2065.1,53.47805655,60.72849665,36.3,0,61.19170363,2047.231701,2011.718301,1908.516094,1744.92036,1727.475577,1715.180538,0,17.8,39.77676169
3/15/2021,SUPREMEIND,2065.1,2060.05,2060.05,1980,1989.7,1994.2,45.74809005,57.73241533,0,-70.9,55.74486675,2037.589573,2010.049892,1911.876247,1747.400755,1729.600871,1717.034488,48.85,0,37.42951002
3/16/2021,SUPREMEIND,1994.2,1999,2099.7,1980.1,2034.05,2035.65,42.47705544,54.68134335,41.45,0,53.28029517,2037.236924,2012.487997,1916.73012,1750.268907,1732.03951,1719.151535,0,39.65,35.51903945
3/17/2021,SUPREMEIND,2035.65,2034.95,2034.95,2000,2019.95,2021.3,38.28548069,51.40217082,0,-14.35,50.28073794,2034.339301,2013.327236,1920.830899,1752.965733,1734.344374,1721.159166,0,0,33.58392445
3/18/2021,SUPREMEIND,2021.3,2045,2059,2020.6,2026.15,2046.9,36.60734684,48.44320602,25.6,0,57.98130399,2036.623065,2016.524642,1925.774786,1755.890452,1736.834857,1723.323557,0,24.05,31.98418839
3/19/2021,SUPREMEIND,2046.9,2040,2040,1970,1975.25,2013,32.17111837,45.18878849,0,-33.9,48.21844006,2032.327962,2016.188962,1929.195382,1758.448756,1739.035376,1725.248317,50.6,0,30.32414037
3/22/2021,SUPREMEIND,2013,1990,2009,1963,1995.4,1996.15,26.98465881,41.54796256,0,-16.85,38.28061638,2025.750151,2014.280489,1931.821053,1760.813943,1741.084098,1727.048329,7,0,29.43251391
3/23/2021,SUPREMEIND,1996.15,2000,2099,1968,1979.9,1982.75,21.54473,37.54731604,0,-13.4,35.47784303,2017.931941,2011.277585,1933.818267,1763.022262,1743.009723,1728.747343,0,90,26.10047795
3/24/2021,SUPREMEIND,1982.75,1983,1998.5,1970,1975.25,1979.4,16.76991705,33.39183625,0,-3.35,31.91164212,2010.926134,2008.241625,1935.605786,1765.175274,1744.893311,1730.412809,0,0,23.18859007
3/25/2021,SUPREMEIND,1979.4,1979.4,2000,1973.9,1997,1997.05,14.24583378,29.56263575,17.65,0,37.11484594,2008.4032,2007.175756,1938.015363,1767.482485,1746.902527,1732.184485,0,1.5,20.48719247
3/26/2021,SUPREMEIND,1997.05,2015,2024.95,1990,2018.8,2014.25,13.47800975,26.34571055,17.2,0,40.1555794,2009.466255,2007.849493,1941.004957,1769.937884,1749.032786,1734.058674,0,24.95,17.81597179
3/30/2021,SUPREMEIND,2014.25,2025,2045,1992.55,2045,2027.25,13.7598797,23.82854438,13,0,44.19394269,2012.699663,2009.697161,1944.387115,1772.498203,1751.249656,1736.006789,0,20.05,13.65411408
3/31/2021,SUPREMEIND,2027.25,2040.6,2050,1987,2040.25,2042.7,15.05638887,22.07411328,15.45,0,53.83801753,2018.15427,2012.840288,1948.242522,1775.186778,1753.57197,1738.044618,5.55,0,12.25161166
4/1/2021,SUPREMEIND,2042.7,2049.9,2049.9,1985.55,2011,2020.8,14.15358108,20.49000684,0,-21.9,48.82801055,2018.635312,2013.598356,1951.087914,1777.630691,1755.701277,1739.923391,1.45,0,12.95579588
4/5/2021,SUPREMEIND,2020.8,2010.7,2022,1975,2017.65,2009.05,12.34763673,18.86153282,0,-11.75,41.15232833,2016.892528,2013.165179,1953.360937,1779.933371,1757.719992,1741.711608,10.55,0,13.15507695
4/6/2021,SUPREMEIND,2009.05,2027,2028,1975.3,1980,1980.2,8.490584754,16.7873432,0,-28.85,47.45176556,2010.221159,2010.025638,1954.413449,1781.926073,1759.492741,1743.296248,0,6,15.68825648
4/7/2021,SUPREMEIND,1980.2,1980,1995,1970,1974,1974.6,4.925195489,14.41491366,0,-5.6,37.22001256,2003.744585,2006.651768,1955.205078,1783.843227,1761.206743,1744.83315,5.3,0,18.1201259
4/8/2021,SUPREMEIND,1974.6,1995,1995,1962,1979.95,1981.65,2.63806492,12.05954391,7.05,0,41.43813431,1999.727387,2004.270647,1956.242134,1785.811453,1762.963263,1746.406684,8,0,19.96026642
4/9/2021,SUPREMEIND,1981.65,1990,2010,1963,1995,1994.35,1.8291955,10.01347423,12.7,0,37.98307798,1998.749681,2003.325824,1957.73656,1787.886464,1764.806982,1748.054148,0,15,21.42547888
4/12/2021,SUPREMEIND,1994.35,1990,2006.95,1943.75,1963.5,1971.1,-0.680080489,7.874763287,0,-23.25,39.92788462,1993.722466,2000.256698,1958.260617,1789.709484,1766.450751,1749.53618,19.25,0,23.79071883
4/13/2021,SUPREMEIND,1971.1,1997.95,1998,1930,1980,1971.95,-2.570480988,5.785714432,0.85,0,43.69791667,1989.763836,1997.560822,1958.797455,1791.522823,1768.088195,1751.014013,13.75,0,24.16159612
4/15/2021,SUPREMEIND,1971.95,1956,1979.95,1944.05,1951.5,1956.35,-5.266715214,3.575228503,0,-15.6,43.20288363,1983.688593,1993.635982,1958.701477,1793.162894,1769.588289,1752.378372,0,0,23.84579863
4/16/2021,SUPREMEIND,1956.35,1979,1991.85,1941.75,1980,1983,-5.193203964,1.821542009,26.65,0,50.82758621,1983.563394,1992.623031,1959.65436,1795.05182,1771.288781,1753.910742,0,11.9,23.71875752
4/19/2021,SUPREMEIND,1983,1975,2006.1,1945.25,1995,1990.05,-4.514034706,0.554426666,7.05,0,48.30836153,1984.742777,1992.37798,1960.846346,1796.992101,1773.031898,1755.479773,0,14.25,24.39691187
4/20/2021,SUPREMEIND,1990.05,2003,2003.95,1975,1991,1989.75,-3.954411673,-0.347341002,0,-0.3,43.55263158,1985.653181,1992.127697,1961.979822,1798.91009,1774.758736,1757.036386,0,0,24.4414939
4/22/2021,SUPREMEIND,1989.75,1985,1990.05,1950,1953.1,1977.05,-4.484001471,-1.174673095,0,-12.7,36.76858197,1984.088966,1990.691725,1962.57081,1800.682626,1776.370618,1758.49827,25,0,26.23018031
4/23/2021,SUPREMEIND,1977.05,1977,2002.95,1952.55,1992,1993.2,-3.559503432,-1.651639163,16.15,0,37.00105042,1985.745518,1990.930609,1963.771955,1802.598222,1778.098343,1760.05775,0,12.9,26.10658264
4/26/2021,SUPREMEIND,1993.2,2003,2003,1979.6,1993.95,1992.85,-2.822537694,-1.885818869,0,-0.35,41.72342316,1987.037242,1991.113408,1964.91227,1804.491275,1779.809511,1761.604543,0,0.05,24.94794531
4/27/2021,SUPREMEIND,1992.85,2000,2063,1985,2056,2050.35,2.373917374,-1.03387162,57.5,0,59.62255359,1998.548653,1996.754988,1968.262769,1806.93763,1781.965212,1763.523117,0,60,25.0902548
4/28/2021,SUPREMEIND,2050.35,2060,2100,2035.05,2046,2048.3,6.254628127,0.423828329,0,-2.05,68.13099042,2007.594352,2001.664037,1971.401484,1809.339246,1784.087402,1765.415322,0,37,24.32613343
4/29/2021,SUPREMEIND,2048.3,2059.1,2076.15,2024.15,2039,2049.2,9.295588083,2.19818028,0.9,0,70.37138176,2015.159015,2006.191271,1974.452406,1811.72592,1786.199853,1767.300935,10.9,0,24.16081629
4/30/2021,SUPREMEIND,2049.2,2059.45,2093.35,2008.3,2047.9,2049.55,11.60009417,4.078563057,0.35,0,69.24603175,2021.411922,2010.320674,1977.39741,1814.092329,1788.29826,1769.176344,0,17.2,24.96639586
5/3/2021,SUPREMEIND,2049.55,2056.35,2175,2053.65,2124.05,2109.3,18.03980584,6.870811614,59.75,0,75.72163795,2037.391572,2019.747277,1982.570061,1817.029718,1790.856043,1771.436302,0,81.65,26.86452896
5/4/2021,SUPREMEIND,2109.3,2171,2214.85,2111,2145.55,2132.8,24.75422603,10.4474945,23.5,0,86.14215467,2054.738559,2030.514203,1988.461431,1820.171711,1793.580696,1773.837389,0,39.85,28.47950353
5/5/2021,SUPREMEIND,2132.8,2180,2188,2125,2151,2148.45,30.98114525,14.55422465,15.65,0,87.00209644,2071.777003,2041.746183,1994.735492,1823.438162,1796.40834,1776.32651,0,0,30.94966999
5/6/2021,SUPREMEIND,2148.45,2188,2223,2151.3,2181,2177.55,37.82809171,19.20899806,29.1,0,93.88888889,2091.008457,2054.67988,2001.904689,1826.961663,1799.445325,1778.992447,0,35,36.41050652
5/7/2021,SUPREMEIND,2177.55,2180,2203.95,2180,2183,2187.3,43.53919686,24.07503782,9.75,0,93.44959592,2108.51601,2067.310368,2009.175093,1830.547119,1802.535801,1781.705454,0,0,41.24157549
5/10/2021,SUPREMEIND,2187.3,2200,2208,2145,2148,2149.45,44.49816304,28.15966286,0,-37.85,79.97367431,2115.958554,2075.13319,2014.67607,1833.720282,1805.300057,1784.148939,35,0,44.23190515
5/11/2021,SUPREMEIND,2149.45,2149,2215,2149,2209,2209.15,49.50478141,32.42868657,59.7,0,83.72271749,2132.902453,2087.896696,2022.302498,1837.455901,1808.517985,1786.972866,0,7,48.39074079
5/12/2021,SUPREMEIND,2209.15,2196,2220,2145.05,2149.15,2154.4,48.49566724,35.6420827,0,-54.75,74.1391044,2136.811098,2094.230344,2027.482793,1840.609574,1811.274017,1789.414243,0,5,51.42365257
5/14/2021,SUPREMEIND,2154.4,2157,2182.65,2115,2125.9,2122.45,44.60367559,37.43440128,0,-31.95,66.86676236,2134.199989,2096.91793,2031.206997,1843.413956,1813.753507,1791.627105,30.05,0,54.38319473
5/17/2021,SUPREMEIND,2122.45,2165,2172,2136.15,2148,2156.25,43.74238669,38.69599836,33.8,0,69.61113778,2138.209082,2102.568603,2036.110644,1846.526752,1816.482563,1794.049848,0,0,57.4063686
5/18/2021,SUPREMEIND,2156.25,2189,2272,2182.65,2269.9,2266.5,51.36397076,41.22959284,110.25,0,73.02652605,2161.534704,2118.181117,2045.145521,1850.705591,1820.068359,1797.189052,0,100,60.00637272
5/19/2021,SUPREMEIND,2266.5,2289,2339.95,2230.05,2241.5,2241.9,54.78755974,43.94118622,0,-24.6,69.6787965,2176.146576,2129.963868,2052.861383,1854.598072,1823.429567,1800.143942,0,67.95,62.060675
5/20/2021,SUPREMEIND,2241.9,2270,2270,2195.55,2219,2218,54.93894644,46.14073827,0,-23.9,66.39153234,2183.756289,2138.348262,2059.337407,1858.214012,1826.573555,1802.920394,34.5,0,63.74096797
5/21/2021,SUPREMEIND,2218,2239,2239,2171,2179.05,2180.4,51.4320392,47.19899845,0,-37.6,61.8491352,2183.146055,2142.353189,2064.08496,1861.419843,1829.392889,1805.428564,24.55,0,64.04113579
5/24/2021,SUPREMEIND,2180.4,2183,2220,2164,2192,2185.35,48.49321399,47.45784156,4.95,0,57.64552126,2183.546772,2146.448123,2068.840451,1864.643028,1832.229201,1807.952959,7,0,62.42729731
5/25/2021,SUPREMEIND,2185.35,2208.9,2222,2184,2220,2210.4,47.63637698,47.49354864,25.05,0,57.77710964,2188.429177,2152.538778,2074.391806,1868.083396,1835.242514,1810.627026,0,2,59.2324142
5/26/2021,SUPREMEIND,2210.4,2219,2257.9,2207,2228.85,2230.05,47.98972261,47.59278344,19.65,0,58.11294492,2195.996599,2159.920799,2080.496049,1871.685054,1838.38839,1813.41389,0,35.9,56.00519753
5/27/2021,SUPREMEIND,2230.05,2235,2285.1,2205.7,2251.15,2267.7,50.72308773,48.2188443,37.65,0,58.81317822,2209.033581,2170.185485,2087.83738,1875.625501,1841.8092,1816.432402,0,27.2,52.50971317
5/28/2021,SUPREMEIND,2267.7,2284,2284,2232,2238,2239.05,50.00110214,48.57529586,0,-28.65,54.87885359,2214.491112,2176.74401,2093.767287,1879.241665,1844.974465,1819.240492,0,0,49.06711688
5/31/2021,SUPREMEIND,2239.05,2250,2284,2205.05,2268,2268.95,51.25081597,49.11039989,29.9,0,61.43759571,2224.392728,2185.525533,2100.637197,1883.11936,1848.352756,1822.228595,26.95,0,47.14836879
6/1/2021,SUPREMEIND,2268.95,2280,2289,2230.1,2246.1,2243.4,49.60770497,49.2098609,0,-25.55,53.50742448,2227.848596,2191.037387,2106.235739,1886.704242,1851.500543,1825.027076,0,5,45.14822268
6/2/2021,SUPREMEIND,2243.4,2257.25,2277.9,2241.7,2263.4,2263.55,49.36244472,49.24037767,20.15,0,62.03019949,2234.33976,2197.94335,2112.404925,1890.453951,1854.783806,1827.94085,0,0,42.19998011
6/3/2021,SUPREMEIND,2263.55,2274,2313.3,2248.9,2265.75,2267.65,48.93481981,49.17926609,4.1,0,67.05025834,2240.396167,2204.582079,2118.492968,1894.207146,1858.073576,1830.862505,0,35.4,41.59927296
6/4/2021,SUPREMEIND,2267.65,2288.4,2288.4,2222,2229,2228.8,44.94297898,48.33200867,0,-38.85,58.4194035,2238.287773,2206.888548,2122.818734,1897.536428,1861.027572,1833.506608,26.9,0,40.26996944
6/7/2021,SUPREMEIND,2228.8,2254.75,2257.75,2218.5,2232.55,2229.55,41.36312672,46.93823228,0.75,0,44.25081687,2236.699087,2209.046781,2127.004273,1900.840045,1863.964005,1836.138126,3.5,0,37.05310993
6/8/2021,SUPREMEIND,2229.55,2253.95,2302.55,2225.05,2249.95,2266.55,41.03859145,45.75830411,37,0,53.6928839,2242.126526,2214.523278,2132.476655,1904.47895,1867.171862,1838.998006,0,44.8,33.13787794
6/9/2021,SUPREMEIND,2266.55,2284,2299,2233.4,2249.9,2244.5,38.55767531,44.31817835,0,-22.05,53.99216632,2242.558067,2217.378204,2136.869727,1907.862245,1870.178461,1841.692371,0,0,30.96651616
6/10/2021,SUPREMEIND,2244.5,2246,2278.9,2234,2245,2244.85,36.20245412,42.69503351,0.35,0,60.93670456,2242.974782,2219.994566,2141.104248,1911.215357,1873.163891,1844.371159,0,0,30.53323147
6/11/2021,SUPREMEIND,2244.85,2275,2278.9,2240.8,2249,2249.55,34.31956054,41.01993891,4.7,0,60.90353261,2244.170276,2222.809369,2145.357022,1914.58187,1876.162984,1847.063377,0,0,31.44093758
6/14/2021,SUPREMEIND,2249.55,2275,2287.95,2246,2275.55,2274.45,34.43957771,39.70386667,24.9,0,60.88360238,2249.67568,2227.727524,2150.419492,1918.162648,1879.336585,1849.903156,0,9.05,33.00598202
6/15/2021,SUPREMEIND,2274.45,2284,2285,2247,2272,2271.05,33.86990936,38.53707521,0,-3.4,57.37410072,2253.56192,2231.853474,2155.1501,1921.673965,1882.457808,1852.701473,0,0,33.30171444
6/16/2021,SUPREMEIND,2271.05,2274,2274,2251,2260,2261.1,32.24387393,37.27843495,0,-9.95,48.6815821,2254.93248,2234.638858,2159.304998,1925.051338,1885.474877,1855.415085,0,0,32.87647184
6/17/2021,SUPREMEIND,2261.1,2257.5,2275,2227,2260,2260.05,30.51870232,35.92648843,0,-1.05,54.71486304,2255.862938,2237.058966,2163.255783,1928.384658,1888.459539,1858.103689,24,0,31.23736296
6/18/2021,SUPREMEIND,2260.05,2260.05,2273,2145.55,2158,2184.15,22.7645798,33.2941067,0,-75.9,34.22032006,2242.824222,2232.020017,2164.075164,1930.929587,1890.815639,1860.27011,81.45,0,30.16135785
6/21/2021,SUPREMEIND,2184.15,2158,2189.9,2118.95,2189.55,2175,15.70007265,29.77529989,0,-9.15,36.44470868,2230.492546,2226.589539,2164.503589,1933.358148,1893.080056,1862.361338,26.6,0,29.89738008
6/22/2021,SUPREMEIND,2175,2175,2199.8,2122.05,2158,2160.2,8.80565738,25.58137139,0,-14.8,29.07471148,2217.712083,2220.266726,2164.33482,1935.615281,1895.208502,1864.340333,0,9.9,29.35095965
6/23/2021,SUPREMEIND,2160.2,2169.95,2170,2121,2130.3,2131.8,1.038173541,20.67273182,0,-28.4,24.95852535,2202.091704,2211.841324,2163.058945,1937.567368,1897.093693,1866.117473,1.05,0,28.96893501
6/24/2021,SUPREMEIND,2131.8,2149.95,2149.95,2090,2098,2096.65,-7.863281587,14.96552914,0,-35.15,25.30368155,2182.920485,2200.870721,2160.454673,1939.15028,1898.683783,1867.649251,31,0,29.38695039
6/25/2021,SUPREMEIND,2096.65,2107,2129,2092,2105,2109.65,-13.71070903,9.230281503,13,0,28.57398142,2169.598579,2192.183034,2158.462333,1940.846794,1900.364789,1869.257229,0,0,31.32850509
6/28/2021,SUPREMEIND,2109.65,2137,2199.5,2131.1,2190,2185.2,-12.10899881,4.962425441,75.55,0,37.22318203,2172.435201,2191.517983,2159.510869,1943.27817,1902.634392,1871.356517,0,70.5,32.72947977
6/29/2021,SUPREMEIND,2185.2,2195.2,2209.85,2151,2175,2172.05,-11.7651062,1.616919112,0,-13.15,38.29374697,2172.365164,2189.663889,2160.002599,1945.554506,1904.78113,1873.35448,0,10.35,32.63636502
6/30/2021,SUPREMEIND,2172.05,2208.95,2208.95,2158.5,2176,2164.35,-11.9758444,-1.101633589,0,-7.7,37.29482323,2170.907862,2187.253043,2160.173086,1947.731576,1906.849408,1875.288005,0,0,31.5166051
7/1/2021,SUPREMEIND,2164.35,2189.85,2189.85,2163.9,2172,2174.65,-11.18282339,-3.11787155,10.3,0,38.38399504,2171.58825,2186.052753,2160.740808,1949.98947,1908.983277,1877.277121,0,0,30.05963852
7/2/2021,SUPREMEIND,2174.65,2179,2217.8,2142.3,2199.25,2203.85,-8.104726323,-4.115242504,29.2,0,39.1949801,2177.454023,2187.747729,2162.431364,1952.515446,1911.332813,1879.447041,0,27.95,27.8794335
7/5/2021,SUPREMEIND,2203.85,2219,2219,2167.05,2180,2178.55,-7.618983877,-4.815990779,0,-25.3,36.73264487,2177.653292,2186.871755,2163.063468,1954.764546,1913.462033,1881.434436,0,1.2,26.43038124
7/6/2021,SUPREMEIND,2178.55,2180,2209.15,2153.6,2155.4,2163.85,-8.324239979,-5.517640619,0,-14.7,36.23885666,2175.143602,2184.679207,2163.094312,1956.844998,1915.457157,1883.310951,13.45,0,26.07616976
7/7/2021,SUPREMEIND,2163.85,2165.7,2180,2148,2173.9,2173.55,-8.008138748,-6.015740245,9.7,0,38.05248619,2174.853856,2183.619282,2163.504339,1959.001267,1917.513673,1885.23945,5.6,0,26.55612249
7/8/2021,SUPREMEIND,2173.55,2179.9,2195,2171,2187.5,2188.4,-6.484604864,-6.109513168,14.85,0,50.70609736,2177.316792,2184.074589,2164.480639,1961.283841,1919.67213,1887.253806,0,15,27.18654319
7/9/2021,SUPREMEIND,2188.4,2188,2188,2155,2165.1,2165.7,-7.02788054,-6.293186643,0,-22.7,48.52146264,2175.204648,2182.324628,2164.528458,1963.317833,1921.632511,1889.103947,16,0,27.50669431
7/12/2021,SUPREMEIND,2165.7,2210,2210,2121,2133,2131.8,-10.07770757,-7.050090829,0,-33.9,45.74340528,2167.312894,2177.512758,2163.244989,1964.994272,1923.307153,1890.716545,34,0,26.53335833
7/13/2021,SUPREMEIND,2131.8,2149,2161,2145.2,2151.5,2153.3,-10.63722781,-7.767518226,21.5,0,53.29048056,2164.765095,2175.206781,2162.854989,1966.867961,1925.139765,1892.461286,0,0,24.18993232
7/14/2021,SUPREMEIND,2153.3,2165,2169,2146,2149,2149.1,-11.28941914,-8.471898408,0,-4.2,58.86728656,2161.916896,2172.720421,2162.315578,1968.681215,1926.924309,1894.166526,0,8,23.24435266
7/15/2021,SUPREMEIND,2149.1,2149.1,2159.85,2125.1,2135,2136.05,-12.71276654,-9.320072034,0,-13.05,54.46247465,2157.213824,2169.228,2161.285555,1970.346576,1928.590649,1895.773725,20.9,0,21.47771903
7/16/2021,SUPREMEIND,2136.05,2140,2146.75,2125.1,2126.15,2129.05,-14.24145448,-10.30434852,0,-7,37.64576458,2152.093129,2165.401524,2160.021416,1971.925715,1930.187935,1897.323734,0,0,20.66086038
7/19/2021,SUPREMEIND,2129.05,2122,2128.8,2062.95,2105,2108.95,-16.88026749,-11.61953232,0,-20.1,36.52860803,2144.248923,2160.025188,2158.018615,1973.289141,1931.612334,1898.729888,62.15,0,22.41584885
7/20/2021,SUPREMEIND,2108.95,2105,2128.2,2076.7,2115,2103.15,-19.21802393,-13.13923064,0,-5.8,36.82737839,2136.776392,2154.608504,2155.866905,1974.581289,1932.979168,1900.088162,0,0,24.17083733
7/22/2021,SUPREMEIND,2103.15,2106,2145.95,2094.35,2100,2099.7,-21.10580434,-14.73254538,0,-3.45,33.37768907,2130.03523,2149.379122,2153.664281,1975.826251,1934.30762,1901.414486,0,17.75,25.07524712
7/23/2021,SUPREMEIND,2099.7,2100,2121.35,2090,2105,2101.4,-22.20870005,-16.22777631,1.7,0,24.12225309,2124.828824,2144.809682,2151.614701,1977.075741,1935.639034,1902.743294,4.35,0,28.05081465
7/26/2021,SUPREMEIND,2101.4,2101,2116.8,2090,2100,2095.6,-23.28237959,-17.63869697,0,-5.8,26.75819557,2119.514493,2140.123046,2149.418046,1978.255087,1936.913623,1904.024733,0,0,31.12995888
7/27/2021,SUPREMEIND,2095.6,2090.05,2105,2090.05,2097,2098.7,-23.61096181,-18.83314994,3.1,0,30.47647588,2115.730039,2136.177994,2147.429103,1979.453544,1938.202758,1905.318257,0,0,33.7203053
7/28/2021,SUPREMEIND,2098.7,2098.7,2098.7,2070,2080,2084.3,-24.74804517,-20.01612898,0,-14.4,23.98717575,2110.015487,2131.237233,2144.953452,1980.496792,1939.366879,1906.507504,20.05,0,36.92132956
7/29/2021,SUPREMEIND,2084.3,2084.3,2090,2046.25,2080,2079.15,-25.76771966,-21.16644712,0,-5.15,16.24961384,2104.40358,2126.276544,2142.372925,1981.478416,1940.480689,1907.65463,23.75,0,40.364885
7/30/2021,SUPREMEIND,2079.15,2095.75,2150,2070.45,2100,2100.1,-24.60173563,-21.85350482,20.95,0,29.5128045,2103.621111,2123.78354,2140.715163,1982.65873,1941.752556,1908.933337,0,60,40.22883762
8/2/2021,SUPREMEIND,2100.1,2140,2167.9,2110,2118.85,2116.95,-22.06369417,-21.89554269,16.85,0,44.80950717,2106.044545,2123.132726,2139.783196,1983.994962,1943.148551,1910.315508,0,17.9,40.31171962
8/3/2021,SUPREMEIND,2116.95,2135.7,2135.7,2080,2092,2095.8,-21.51094153,-21.81862246,0,-21.15,29.85283812,2104.181901,2120.529609,2138.058365,1985.10745,1944.364898,1911.547963,30,0,41.07192359
8/4/2021,SUPREMEIND,2095.8,2092,2099.9,2060,2079,2075.6,-22.4441303,-21.94372403,0,-20.2,26.84310019,2098.985192,2116.250599,2135.609017,1986.007873,1945.410596,1912.63801,20,0,41.01839705
8/5/2021,SUPREMEIND,2075.6,2090,2196,2054.9,2160.1,2161.2,-16.09099751,-20.77317873,85.6,0,55.43783784,2110.296975,2120.531494,2136.612585,1987.751078,1947.130033,1914.289584,0,96.1,40.27726334
8/6/2021,SUPREMEIND,2161.2,2135.1,2157.85,2100,2119,2116.15,-14.52383082,-19.52330914,0,-45.05,47.6049016,2111.361161,2120.114209,2135.810131,1989.028679,1948.476806,1915.63085,0,0,39.62922666
8/9/2021,SUPREMEIND,2116.15,2125,2125,2080,2088.5,2095.15,-14.80569361,-18.57978604,0,-21,47.44633605,2108.413677,2117.736665,2134.215616,1990.084613,1949.645517,1916.823668,20,0,37.8302601
8/10/2021,SUPREMEIND,2095.15,2090,2105.6,2051.55,2078.1,2077.6,-16.25780042,-18.11538891,0,-17.55,45.4690548,2102.811191,2113.914126,2131.995395,1990.955413,1950.665074,1917.891949,28.45,0,35.28804879
8/11/2021,SUPREMEIND,2077.6,2060,2070,1988.05,2033,2023.85,-21.49796615,-18.79190436,0,-53.75,38.58540256,2088.45461,2105.33659,2127.7544,1991.282722,1951.248221,1918.595989,63.5,0,33.3145893
8/12/2021,SUPREMEIND,2023.85,2050,2050,2016,2040.2,2040.85,-24.00239268,-19.83400202,17,0,41.28902316,2079.799227,2099.19501,2124.346384,1991.775929,1951.962179,1919.408308,0,0,29.78952288
8/13/2021,SUPREMEIND,2040.85,2050,2051.9,2016.6,2040.2,2039.85,-25.77079075,-21.02135977,0,-1,41.86725018,2072.535731,2093.543104,2121.0328,1992.254278,1952.662481,1920.208585,0,1.9,26.15737307
8/16/2021,SUPREMEIND,2039.85,2000.1,2056.8,1961,2050.1,2039.85,-26.8626036,-22.18960854,0,0,41.3366701,2066.592871,2088.429475,2117.849161,1992.727867,1953.357202,1921.003545,55.6,0,23.57854002
8/17/2021,SUPREMEIND,2039.85,2035,2040,1983,1990,1988.45,-31.51217088,-24.054121,0,-51.4,37.27598566,2052.385076,2078.907621,2112.774684,1992.685301,1953.636826,1921.451694,0,0,20.49254113
8/18/2021,SUPREMEIND,1988.45,1990,1999.05,1975.25,1987,1987.6,-34.86368746,-26.2160343,0,-0.85,37.70645898,2040.605971,2070.211657,2107.865873,1992.634701,1953.907449,1921.891218,7.75,0,16.00670533
8/20/2021,SUPREMEIND,1987.6,1985.6,1986,1950,1983,1979.45,-37.74235502,-28.52129844,0,-8.15,33.22208316,2029.486704,2061.567689,2102.829956,1992.50351,1954.110975,1922.273668,25.25,0,16.36990152
8/23/2021,SUPREMEIND,1979.45,1993,1993,1905.75,1960.25,1960.25,-41.09923295,-31.03688534,0,-19.2,28.35037303,2016.898212,2051.918386,2097.238585,1992.18258,1954.159892,1922.526003,44.25,0,19.11068302
8/24/2021,SUPREMEIND,1960.25,1960,2032.3,1950.05,2015,2023.1,-38.24722298,-32.47895287,62.85,0,40.99355798,2018.02581,2049.173777,2094.33119,1992.490216,1954.709215,1923.194268,0,39.3,19.82348655
8/25/2021,SUPREMEIND,2023.1,2034.2,2040,2001,2023.5,2027.8,-35.20194768,-33.02355183,4.7,0,43.84179335,2019.802935,2047.13818,2091.722124,1992.841557,1955.291612,1923.889323,0,7.7,19.44503393
8/26/2021,SUPREMEIND,2027.8,2035,2050,2015.05,2040,2032.6,-32.03198044,-32.82523755,4.8,0,29.07582167,2022.129674,2045.753591,2089.403609,1993.237163,1955.907615,1924.611653,0,10,23.17920049
8/27/2021,SUPREMEIND,2032.6,2032.6,2097,2024.05,2097,2090,-24.60443368,-31.18107678,57.4,0,45.90958861,2034.469734,2049.967535,2089.426997,1994.199978,1956.97608,1925.710579,0,47,25.370137
8/30/2021,SUPREMEIND,2090,2100,2181.8,2090,2131,2140.5,-14.47624823,-27.84011107,50.5,0,56.49434341,2053.747964,2058.589674,2091.42986,1995.655699,1958.438422,1927.137751,0,84.8,24.25995007
8/31/2021,SUPREMEIND,2140.5,2132.05,2210,2125.15,2190,2185.25,-2.806288138,-22.83334648,44.75,0,64.30184669,2077.657425,2070.652563,2095.109081,1997.54221,1960.245686,1928.852783,0,28.2,23.69468531
9/1/2021,SUPREMEIND,2185.25,2153,2179.85,2116.05,2150,2141.75,2.898738008,-17.68692958,0,-43.5,66.10215788,2089.31062,2077.423747,2096.938137,1998.977113,1961.691935,1930.267382,9.1,0,24.54654645
9/2/2021,SUPREMEIND,2141.75,2148,2162.1,2130,2155.5,2153.45,8.268787121,-12.49578624,11.7,0,65.60421286,2100.972326,2084.664343,2099.154288,2000.514157,1963.219888,1931.750323,0,0,25.47253834
9/3/2021,SUPREMEIND,2153.45,2153.45,2179,2135.6,2143,2154.55,12.46960865,-7.502707265,1.1,0,65.89082848,2110.713721,2091.320119,2101.326669,2002.046852,1964.744431,1933.23072,0,16.9,26.66134154
9/6/2021,SUPREMEIND,2154.55,2169,2169,2108,2140,2139.6,14.4261542,-3.116934972,0,-14.95,63.26992151,2115.965772,2095.918203,2102.827584,2003.41554,1966.137702,1934.601944,27.6,0,27.72853143
9/7/2021,SUPREMEIND,2139.6,2140,2150.3,2091.6,2120,2112.5,13.63283627,0.233019276,0,-27.1,67.64329398,2115.335632,2097.497422,2103.206894,2004.500957,1967.303936,1935.783991,16.4,0,28.63941304
9/8/2021,SUPREMEIND,2112.5,2128.25,2150,2103.45,2144,2141.05,15.13342381,3.213100183,28.55,0,70.23071852,2120.010971,2101.645287,2104.690938,2005.859654,1968.688366,1937.147885,0,0,29.98992272
9/9/2021,SUPREMEIND,2141.05,2136,2161,2106.1,2154.3,2146.8,16.59532659,5.889545465,5.75,0,72.20379461,2124.881704,2105.945736,2106.342274,2007.262046,1970.107583,1938.540922,0,11,30.44473133
9/13/2021,SUPREMEIND,2146.8,2150,2168,2110,2141.25,2140.25,17.02906437,8.117449246,0,-6.55,74.71169687,2127.675939,2109.212808,2107.671988,2008.585309,1971.463299,1939.881182,0,7,31.52176668
9/14/2021,SUPREMEIND,2140.25,2158.85,2169.9,2132,2150,2147.05,17.71727414,10.03741423,6.8,0,70.11195846,2131.198496,2112.81635,2109.216224,2009.963067,1972.862396,1941.257719,0,1.9,33.56500747
9/15/2021,SUPREMEIND,2147.05,2162.65,2270,2145,2265,2258.9,26.9770707,13.42534552,111.85,0,77.82326029,2154.416951,2126.729079,2115.086176,2012.440052,1975.14158,1943.368299,0,100.1,36.77194509
9/16/2021,SUPREMEIND,2258.9,2270,2320,2259,2305,2302.75,37.42247176,18.22477077,43.85,0,79.72928359,2181.386596,2143.492976,2122.445542,2015.328708,1977.752006,1945.756217,0,50,37.6461078
9/17/2021,SUPREMEIND,2302.75,2325,2360,2215.55,2223.2,2248.65,40.8640541,22.75262743,0,-54.1,67.58674205,2193.616306,2153.507931,2127.394736,2017.650313,1979.910556,1947.7688,43.45,0,38.48083792
9/20/2021,SUPREMEIND,2248.65,2245.5,2258.8,2190.5,2245,2240.4,42.43664364,26.68943068,0,-8.25,62.21868885,2202.122432,2161.783366,2131.826315,2019.866727,1981.986169,1949.713194,25.05,0,39.87816279
9/21/2021,SUPREMEIND,2240.4,2221,2249.05,2151.3,2225.05,2228.75,42.25577626,29.80269979,0,-11.65,55.78919351,2206.963808,2168.161141,2135.627244,2021.945168,1983.952415,1951.567259,39.2,0,40.02644904
9/22/2021,SUPREMEIND,2228.75,2248.1,2248.1,2171.6,2230,2230.1,41.74021604,32.19020304,1.35,0,63.24389147,2211.170389,2174.06008,2139.332058,2024.01636,1985.91375,1953.417975,0,0,39.24581312
9/23/2021,SUPREMEIND,2230.1,2240.05,2262.55,2205.75,2250,2250.15,42.46004532,34.2441715,20.05,0,64.14156186,2218.257591,2181.306739,2143.67786,2026.266446,1988.019218,1955.389616,0,14.45,38.72713553
9/24/2021,SUPREMEIND,2250.15,2270,2274,2245,2260,2261.7,43.46150649,36.0876385,11.55,0,65.2050518,2226.156211,2188.96324,2148.306179,2028.609069,1990.199941,1957.424901,0,11.45,37.88793683
9/27/2021,SUPREMEIND,2261.7,2281.4,2342.4,2255.55,2300,2315.5,48.04257714,38.47862623,53.8,0,72.48210634,2242.400536,2201.01436,2154.862799,2031.463705,1992.791974,1959.804137,0,68.4,38.00319063
9/28/2021,SUPREMEIND,2315.5,2329.8,2336.35,2282.35,2312.1,2306.3,50.35033816,40.85296861,0,-9.2,75.95767479,2254.01862,2211.041564,2160.801513,2034.198394,1995.290046,1962.106436,0,0,38.97951183
9/29/2021,SUPREMEIND,2306.3,2276.05,2327.8,2265,2312,2317.5,52.4780673,43.17798835,11.2,0,74.78578452,2265.560689,2221.180462,2166.946552,2037.017316,1997.857456,1964.467855,17.35,0,39.30412182
9/30/2021,SUPREMEIND,2317.5,2317.55,2360,2299.95,2328.4,2334.55,54.90716486,45.52382365,17.05,0,75.56160654,2278.1042,2231.977561,2173.519236,2039.97784,2000.540265,1966.926872,0,32.2,39.01626176
10/1/2021,SUPREMEIND,2334.55,2341.1,2341.1,2299.95,2327.85,2321.6,55.15153286,47.44936549,0,-12.95,74.26736251,2286.012528,2240.513032,2179.326325,2042.780051,2003.09851,1969.283504,0,0,37.07659748
10/4/2021,SUPREMEIND,2321.6,2338,2421,2312.7,2420,2408.7,61.66262993,50.29201838,87.1,0,78.81925322,2308.319341,2256.530838,2188.321371,2046.421045,2006.330394,1972.203215,0,79.9,36.20157201
10/5/2021,SUPREMEIND,2408.7,2428.7,2570,2420,2519.7,2517,74.70052501,55.17371971,108.3,0,78.65230906,2346.261279,2281.337425,2201.210729,2051.103423,2010.399475,1975.823127,0,149,34.94095434
10/6/2021,SUPREMEIND,2517,2529.5,2550,2459.7,2530.1,2528.45,84.97750235,61.13447624,11.45,0,76.99760766,2379.386501,2304.871956,2214.043641,2055.85314,2014.527367,1979.495067,0,0,33.11914257
10/7/2021,SUPREMEIND,2528.45,2529,2559.45,2494.4,2530,2529.75,92.16456435,67.34049386,1.3,0,88.48576123,2406.725319,2326.288912,2226.424283,2060.568532,2018.632727,1983.151246,0,9.45,33.98715912
10/8/2021,SUPREMEIND,2529.75,2546,2676.5,2530.6,2589.95,2612.55,103.3502732,74.54244972,82.8,0,92.31381467,2444.147988,2353.551873,2241.566468,2066.060884,2023.365135,1987.333297,0,117.05,37.64614029
10/11/2021,SUPREMEIND,2612.55,2620,2644.3,2566.5,2610,2605.5,110.3738311,81.70872599,0,-7.05,93.28967023,2473.484718,2377.546933,2255.838371,2071.428438,2028.00366,1991.440717,0,0,43.75636196
10/12/2021,SUPREMEIND,2605.5,2600,2640,2566.5,2576.25,2578.05,112.4290536,87.85279151,0,-27.45,87.71815718,2492.496587,2396.642463,2268.474121,2076.469448,2032.3865,1995.338453,0,0,49.66020675
10/13/2021,SUPREMEIND,2578.05,2567,2599.8,2515.8,2539.95,2551.9,110.671988,92.41663081,0,-26.15,82.28308548,2503.297208,2411.428895,2279.588862,2081.200101,2036.526049,1999.036537,50.7,0,53.98315937
10/14/2021,SUPREMEIND,2551.9,2540.75,2678.75,2531.25,2580,2578.2,110.1321561,95.95973587,26.3,0,82.82514001,2516.915897,2427.311858,2291.299102,2086.145373,2040.842176,2002.884799,0,78.95,58.60557036
10/18/2021,SUPREMEIND,2578.2,2635,2654.3,2539.65,2583.8,2596,109.8740866,98.74260602,17.8,0,81.43913921,2531.294825,2443.377395,2303.248157,2091.218554,2045.265745,2006.825764,0,0,61.35163507
10/19/2021,SUPREMEIND,2596,2598,2693.9,2561.05,2615,2591.85,108.088715,100.6118278,0,-4.15,82.3716132,2542.304857,2457.517643,2314.565876,2096.199961,2049.620998,2010.712968,0,39.6,63.79454101
10/20/2021,SUPREMEIND,2591.85,2594,2594,2410,2438,2438.65,93.23705664,99.13687357,0,-153.2,60.38933196,2523.458519,2455.720725,2319.431921,2099.607424,2052.720831,2013.556403,151.05,0,64.31137584
10/21/2021,SUPREMEIND,2438.65,2415,2430,2265.55,2335,2328.25,71.73177384,93.65585363,0,-110.4,49.53429923,2487.966061,2443.580656,2319.777728,2101.882475,2054.916282,2015.647391,144.45,0,62.6324258
10/22/2021,SUPREMEIND,2328.25,2354.4,2429.55,2305.5,2361.6,2368.15,57.24835541,86.37435398,39.9,0,53.30916329,2466.181323,2436.396784,2321.674679,2104.531903,2057.412168,2017.989601,0,0,61.02895373
10/25/2021,SUPREMEIND,2368.15,2445,2549,2334.8,2351,2358,44.4388583,77.98725485,0,-10.15,45.95306513,2446.511991,2428.930423,2323.099202,2107.053973,2059.80729,2020.248806,0,119.45,58.98586316
10/26/2021,SUPREMEIND,2358,2342,2370.6,2311.4,2326.15,2342.1,32.6281257,68.91542902,0,-15.9,33.62359551,2427.527993,2420.660859,2323.844331,2109.39274,2062.056635,2022.387352,23.4,0,55.26038999
10/27/2021,SUPREMEIND,2342.1,2349.95,2349.95,2275.1,2295,2285.45,18.48378392,58.8291,0,-56.65,29.02279006,2401.695631,2407.783634,2322.338671,2111.144553,2063.836662,2024.135277,36.3,0,52.21961831
10/28/2021,SUPREMEIND,2285.45,2285,2314.95,2245,2255,2267.3,5.743530001,48.211986,0,-18.15,27.98422951,2377.260061,2394.404241,2320.180292,2112.698339,2065.457883,2025.750989,30.1,0,48.41878115
10/29/2021,SUPREMEIND,2267.3,2225.5,2375,2225.5,2356.6,2328.95,0.614344964,38.69245779,61.65,0,25.33484084,2368.476414,2388.170504,2320.524202,2114.850097,2067.557422,2027.765601,0,60.05,44.11861926
11/1/2021,SUPREMEIND,2328.95,2363.5,2399,2279.2,2310,2325.25,-3.706405079,30.21268522,0,-3.7,25.48333479,2360.617066,2382.178075,2320.709527,2116.943628,2069.610749,2029.742241,0,24,38.54593466
11/2/2021,SUPREMEIND,2325.25,2340,2367.4,2302,2355,2332.55,-6.467033687,22.87674144,7.3,0,27.73848386,2355.513963,2377.451591,2321.17386,2119.088965,2071.705883,2031.754253,0,0,32.97325006
11/3/2021,SUPREMEIND,2332.55,2352.65,2366.95,2310,2349.35,2359.15,-6.434283637,17.01453642,26.6,0,32.53601522,2356.175061,2375.708583,2322.66312,2121.477632,2073.996274,2033.92964,0,0,28.28448754
11/4/2021,SUPREMEIND,2359.15,2375,2390,2360,2377,2375.2,-5.054957716,12.60063759,16.05,0,31.25923191,2359.634141,2375.660146,2324.72339,2124.002233,2076.396304,2036.197217,0,23.05,24.06023393
11/8/2021,SUPREMEIND,2375.2,2400,2400,2350.25,2360,2361.4,-5.017537605,9.077002554,0,-13.8,28.18080357,2359.955206,2374.302037,2326.161688,2126.3644,2078.66725,2038.358033,0,10,19.91451334
11/9/2021,SUPREMEIND,2361.4,2378.45,2470,2354.5,2453.4,2452.1,2.304287697,7.722459583,90.7,0,38.80477449,2376.708805,2381.711367,2331.100446,2129.60555,2081.64281,2041.107149,0,70,15.27773247
11/10/2021,SUPREMEIND,2452.1,2465.4,2492.55,2402.75,2435,2427.75,6.072050681,7.392377803,0,-24.35,48.89965677,2385.989022,2386.095999,2334.890624,2132.572161,2084.400636,2043.676204,0,22.55,13.40890077
11/11/2021,SUPREMEIND,2427.75,2428.9,2428.9,2312,2335,2338.15,1.80722623,6.275347488,0,-89.6,51.04320337,2377.291018,2381.529713,2335.018443,2134.617712,2086.422543,2045.632841,90.75,0,14.37826042
11/12/2021,SUPREMEIND,2338.15,2363.55,2373.15,2272.2,2299.15,2299,-4.677832541,4.084711482,0,-39.15,42.70184697,2363.056288,2373.66974,2333.605955,2136.253357,2088.116387,2047.316344,39.8,0,14.67941048
11/15/2021,SUPREMEIND,2299,2312.55,2329.95,2245,2290,2296.8,-9.880908986,1.291587389,0,-2.2,43.43065693,2351.00969,2366.348813,2332.162584,2137.850836,2089.779205,2048.974042,27.2,0,13.88150419
11/16/2021,SUPREMEIND,2296.8,2295,2308.25,2250.55,2270,2275.25,-15.56387875,-2.079505839,0,-21.55,42.91017075,2337.235201,2357.672735,2329.930718,2139.217992,2091.25706,2050.477537,0,0,14.07063462
11/17/2021,SUPREMEIND,2275.25,2279.6,2289.1,2248,2257,2259.1,-21.12730088,-5.889064847,0,-16.15,46.94280079,2323.028801,2348.284856,2327.153043,2140.410847,2092.594454,2051.863733,2.55,0,14.03049653
11/18/2021,SUPREMEIND,2259.1,2261,2269.45,2200,2220,2233.55,-27.28351708,-10.16795529,0,-25.55,46.15033649,2306.759928,2337.357727,2323.482335,2141.337605,2093.717606,2053.07095,48,0,13.32262302
11/22/2021,SUPREMEIND,2233.55,2250,2250,2115.15,2173,2179.8,-36.0835894,-15.35108211,0,-53.75,32.67510745,2283.676305,2322.352229,2317.847734,2141.720316,2094.403521,2053.913004,84.85,0,14.29614891
11/23/2021,SUPREMEIND,2179.8,2162,2191.45,2128.2,2150,2150,-44.94423193,-21.26971208,0,-29.8,30.80714051,2259.371522,2305.937731,2311.26547,2141.8027,2094.846521,2054.551456,0,0,16.08043107
11/24/2021,SUPREMEIND,2150,2174.25,2197.35,2139.05,2145,2168.65,-49.88639652,-26.99304897,18.65,0,32.48557384,2242.8767,2292.862709,2305.672706,2142.069838,2095.434596,2055.309586,0,5.9,17.72576344
11/25/2021,SUPREMEIND,2168.65,2184.35,2210.95,2152.05,2190,2186.35,-51.77799104,-31.95003738,17.7,0,31.17647059,2232.599118,2282.718641,2300.993385,2142.510436,2096.159022,2056.180286,0,13.6,19.50006792
11/26/2021,SUPREMEIND,2186.35,2186.35,2186.35,2111.05,2147.55,2121.1,-57.87507516,-37.13504494,0,-65.25,25,2212.326551,2267.32639,2293.938742,2142.297397,2096.357755,2056.611646,41,0,21.51455348
11/29/2021,SUPREMEIND,2121.1,2120,2190,2053.25,2123.55,2158,-59.04885817,-41.51780758,36.9,0,30.85827216,2202.448996,2256.914353,2288.607811,2142.453642,2096.848928,2057.285323,57.8,0,24.3027027
11/30/2021,SUPREMEIND,2158,2158,2179.95,2050,2166,2168.45,-58.46194903,-44.90663587,10.45,0,18.55670103,2196.267361,2248.489176,2283.89574,2142.712312,2097.419455,2058.023959,3.25,0,29.25867605
12/1/2021,SUPREMEIND,2168.45,2220,2353.75,2168.9,2335,2315.55,-45.60141396,-45.04559149,147.1,0,40.22307424,2217.955113,2254.875921,2285.137083,2144.43209,2099.157547,2059.735095,0,173.8,30.50658903
12/2/2021,SUPREMEIND,2315.55,2350,2465,2304.95,2381,2397.7,-28.45254559,-41.72698231,82.15,0,55.2573497,2250.636002,2268.478215,2289.551315,2146.952169,2101.536371,2061.980709,0,111.25,28.4258009
12/3/2021,SUPREMEIND,2397.7,2381,2406.55,2315.5,2332,2330.45,-20.05724933,-37.39303571,0,-67.25,52.64530238,2265.147638,2274.380289,2291.155185,2148.778018,2103.360384,2063.764558,0,0,27.51275223
12/6/2021,SUPREMEIND,2330.45,2349.05,2355,2266.05,2324.45,2303.75,-15.38107991,-32.99064455,0,-26.7,50.56143469,2272.166249,2277.177405,2291.6491,2150.320028,2104.957114,2065.359146,49.45,0,27.13379527
12/7/2021,SUPREMEIND,2303.75,2330,2342,2281.05,2327,2329.9,-9.456091559,-28.28373395,26.15,0,54.38216663,2282.663295,2282.198604,2293.149135,2152.106893,2106.749488,2067.116893,0,0,27.10819793
12/8/2021,SUPREMEIND,2329.9,2349,2446.15,2333.45,2371,2391.15,0.179794943,-22.59102817,61.25,0,59.87437374,2302.38815,2292.574928,2296.992306,2154.485432,2109.015627,2069.269936,0,104.15,28.04609292
12/9/2021,SUPREMEIND,2391.15,2393,2403.7,2317,2327.55,2330.45,2.885064483,-17.49580964,0,-60.7,56.88405797,2307.490305,2296.182077,2298.304373,2156.236323,2110.780044,2071.005352,16.45,0,29.70642464
12/10/2021,SUPREMEIND,2330.45,2342.5,2415.05,2323.25,2380,2374.1,8.45375071,-12.30589757,43.65,0,64.00461295,2319.601158,2303.602832,2301.27675,2158.404121,2112.878211,2073.01927,0,11.35,30.45298103
12/13/2021,SUPREMEIND,2374.1,2405.4,2405.4,2331,2331,2344,10.31920287,-7.780877483,0,-30.1,63.97694524,2324.037311,2307.450181,2302.952172,2160.250846,2114.719819,2074.819806,0,0,30.65742456
12/14/2021,SUPREMEIND,2344,2330,2404.85,2317.45,2342.1,2340.65,11.39590525,-3.945520937,0,-3.35,62.67128334,2327.0578,2310.612069,2304.430518,2162.045862,2116.52006,2076.58612,13.55,0,30.72824803
12/15/2021,SUPREMEIND,2340.65,2353.65,2398,2310,2328,2337,11.81843953,-0.792728844,0,-3.65,61.33303242,2328.865473,2313.125205,2305.707753,2163.786699,2118.276872,2078.316445,7.45,0,30.87915791
12/16/2021,SUPREMEIND,2337,2364.5,2364.5,2285,2325,2313.65,10.15212377,1.396241679,0,-23.35,65.45965476,2326.099023,2313.175186,2306.019213,2165.277876,2119.83363,2079.880123,25,0,30.39297015
12/17/2021,SUPREMEIND,2313.65,2325.8,2325.8,2271.7,2283.05,2285.1,6.453419129,2.407677169,0,-28.55,60.34342448,2318.644655,2310.501358,2305.198852,2166.470136,2121.150493,2081.24371,13.3,0,30.10018148
12/20/2021,SUPREMEIND,2285.1,2283.05,2285,2155,2175,2174.85,-5.31284142,0.863573451,0,-110.25,50.44805377,2292.500173,2297.582181,2300.087132,2166.553518,2121.578378,2081.865679,116.7,0,26.09506553
12/21/2021,SUPREMEIND,2174.85,2152,2420,2152,2200,2198.25,-12.60420975,-1.82998319,23.4,0,40.0677392,2275.363778,2288.121974,2296.093519,2166.868906,2122.189307,2082.638997,0,135,25.062684
12/22/2021,SUPREMEIND,2198.25,2217.8,2255.35,2202.5,2219,2228.15,-15.78799737,-4.621586026,29.9,0,34.24988388,2266.779454,2282.410357,2293.429067,2167.478668,2123.033616,2083.605847,0,0,25.18626451
12/23/2021,SUPREMEIND,2228.15,2248,2277.85,2208.7,2235.85,2235.85,-17.48825265,-7.194919351,7.7,0,40.11907249,2261.155917,2277.976037,2291.171065,2168.15898,2123.932551,2084.617436,0,22.5,25.1169909
12/24/2021,SUPREMEIND,2235.85,2237,2237,2201.55,2220,2218.95,-19.96921331,-9.749778144,0,-16.9,40.95756025,2253.482114,2272.35451,2288.338866,2168.664363,2124.689662,2085.510011,7.15,0,26.01319898
12/27/2021,SUPREMEIND,2218.95,2230.6,2248.6,2200.1,2204.95,2210.85,-22.33157038,-12.26613659,0,-8.1,36.79716092,2245.730821,2266.496938,2285.300087,2169.084121,2125.376199,2086.342835,0,11.6,27.0539517
12/28/2021,SUPREMEIND,2210.85,2215.25,2229.2,2205,2212.5,2210.1,-23.98775816,-14.6104609,0,-0.75,26.80927373,2239.25249,2261.125801,2282.351064,2169.492239,2126.051289,2087.165142,0,0,26.13226472
12/29/2021,SUPREMEIND,2210.1,2210,2255,2204.1,2235,2227.35,-23.63590803,-16.41555033,17.25,0,35.13980974,2237.088401,2257.909058,2280.19416,2170.067938,2126.85845,2088.096603,0,25.8,24.87259001
12/30/2021,SUPREMEIND,2227.35,2195,2242,2174.95,2230,2229.85,-22.89145671,-17.7107316,2.5,0,26.41046607,2235.772328,2255.236767,2278.219879,2170.662784,2127.6791,2089.038486,29.15,0,22.11537107
12/31/2021,SUPREMEIND,2229.85,2229,2241.55,2188,2230,2228.85,-22.1270979,-18.59400486,0,-1,29.18850533,2234.513723,2252.723741,2276.283805,2171.241762,2128.485242,2089.967466,0,0,19.35815213
1/3/2022,SUPREMEIND,2228.85,2245,2246.9,2187,2228.2,2230.15,-21.17237692,-19.10967927,1.3,0,29.8798252,2233.720319,2250.573861,2274.474636,2171.827913,2129.29532,2090.898911,0,5.35,16.59513557
1/4/2022,SUPREMEIND,2230.15,2259,2269,2212.55,2234.5,2226.25,-20.49420661,-19.38658474,0,-3.9,29.8526469,2232.362079,2248.257303,2272.583474,2172.369427,2130.067867,2091.798254,0,22.1,14.56738698
1/5/2022,SUPREMEIND,2226.25,2255,2259.9,2225,2225,2234.6,-19.06322752,-19.3219133,8.35,0,34.78930152,2232.768974,2246.956607,2271.093926,2172.988636,2130.900793,2092.747103,0,0,12.76278544
1/6/2022,SUPREMEIND,2234.6,2225.5,2240,2192,2205,2201.35,-20.37726695,-19.53298403,0,-33.25,34.17123417,2227.056433,2242.613121,2268.35887,2173.270839,2131.462141,2093.468717,33,0,9.724571478
1/7/2022,SUPREMEIND,2201.35,2190,2212.85,2177,2198,2196.2,-21.58539167,-19.94346556,0,-5.15,56.69488868,2221.446172,2238.192824,2265.529111,2173.49899,2131.97798,2094.151317,15,0,11.17630164
1/10/2022,SUPREMEIND,2196.2,2207.8,2224.75,2187.1,2199,2198.35,-22.11443079,-20.3776586,2.15,0,50.03617945,2217.246868,2234.398269,2262.894636,2173.746264,2132.506841,2094.843667,0,11.9,10.33992303
1/11/2022,SUPREMEIND,2198.35,2209.9,2278.1,2200,2253,2255.15,-17.74584969,-19.85129682,56.8,0,58.17686251,2224.138347,2236.374624,2262.590924,2174.556251,2133.484077,2095.908825,0,53.35,12.27450751
1/12/2022,SUPREMEIND,2255.15,2274,2293.15,2245.05,2259,2267.4,-13.14373231,-18.50978392,12.25,0,59.29855585,2232.004102,2239.329422,2262.779516,2175.480069,2134.551136,2097.048301,0,15.05,13.73735974
1/13/2022,SUPREMEIND,2267.4,2275,2275,2231.6,2249.85,2248.2,-10.91992259,-16.99181165,0,-19.2,58.50537947,2234.948811,2240.174239,2262.20777,2176.203651,2135.456705,2098.052632,13.45,0,14.28077502
1/14/2022,SUPREMEIND,2248.2,2250,2250,2215,2220,2219.55,-11.33864806,-15.86117893,0,-28.65,52.25974026,2232.149027,2238.210026,2260.534916,2176.634958,2136.126771,2098.859923,16.6,0,13.80864889
1/17/2022,SUPREMEIND,2219.55,2251,2338,2230.15,2288,2297.75,-5.299317323,-13.74880661,78.2,0,66.23448787,2244.076477,2243.8805,2261.994331,2177.840083,2137.414606,2100.181452,0,88,15.93325312
1/18/2022,SUPREMEIND,2297.75,2308.55,2324.9,2261,2278,2269.35,-2.772783927,-11.55360208,0,-28.4,57.47065101,2248.671663,2246.306166,2262.282789,2178.750629,2138.465884,2101.305495,0,0,17.59732758
1/19/2022,SUPREMEIND,2269.35,2282.35,2300.95,2247.95,2254.05,2265.55,-1.06484142,-9.455849944,0,-3.8,56.32082153,2251.740451,2248.138912,2262.410915,2179.614304,2139.478506,2102.396821,13.05,0,19.89799884
1/20/2022,SUPREMEIND,2265.55,2277.9,2294.85,2251,2268.7,2261.95,-0.001754369,-7.565030829,0,-3.6,55.80701754,2253.596733,2249.454254,2262.39284,2180.433565,2140.454375,2103.456975,0,0,22.1986701
1/21/2022,SUPREMEIND,2261.95,2265,2279.4,2231.05,2238,2237.6,-1.111281558,-6.274280975,0,-24.35,51.20921928,2250.688236,2248.325277,2261.420571,2181.002385,2141.228443,2104.348291,19.95,0,24.05201534
1/24/2022,SUPREMEIND,2237.6,2249.4,2268.3,2080,2130,2130.05,-10.54739224,-7.128903229,0,-107.55,38.31673549,2228.754011,2237.060965,2256.268784,2180.495396,2141.139372,2104.519066,151.05,0,25.07253922
1/25/2022,SUPREMEIND,2130.05,2080,2085,2007,2040,2047.85,-24.37742321,-10.57860723,0,-82.2,30.76923077,2195.862373,2219.040873,2248.095499,2179.175542,2140.396031,2104.142528,73,0,26.40917979
1/27/2022,SUPREMEIND,2047.85,2050,2098,1963.15,2081,2052.75,-34.54422898,-15.37173158,4.9,0,33.74890639,2169.841941,2203.203647,2240.434891,2177.917576,2139.697656,2103.801049,43.85,0,28.24087815
1/28/2022,SUPREMEIND,2052.75,2129,2136.9,2065,2090.25,2089.65,-39.17241892,-20.13186904,36.9,0,39.10420288,2155.261588,2192.389014,2234.521758,2177.039292,2139.29887,2103.707022,0,38.9,26.66778504
1/31/2022,SUPREMEIND,2089.65,2071.35,2129.35,2071.35,2096.5,2099.65,-41.55436353,-24.41636794,10,0,40.06642512,2145.150391,2183.556727,2229.232669,2176.269249,2138.982942,2103.680065,0,0,27.9271995
2/1/2022,SUPREMEIND,2099.65,2139.45,2149.6,2084.45,2130,2137.95,-39.89173479,-27.51144131,38.3,0,37.74827514,2143.841229,2179.213229,2225.652957,2175.887963,2138.974712,2103.907772,0,20.25,28.31206144
2/2/2022,SUPREMEIND,2137.95,2160,2163.4,2076.3,2080,2092.65,-41.74817399,-30.35878785,0,-45.3,32.91287768,2134.533733,2170.969112,2220.437155,2175.059725,2138.605591,2103.83297,0,13.8,28.88634222
2/3/2022,SUPREMEIND,2092.65,2103.7,2118.25,1998.6,2015,2014.6,-48.9530973,-34.07764974,0,-78.05,29.51595931,2112.727599,2156.076816,2212.365109,2173.46311,2137.617498,2103.24006,77.7,0,30.24212889
2/4/2022,SUPREMEIND,2014.6,2036.8,2038.95,2004.95,2026,2016.25,-53.90848626,-38.04381704,1.65,0,31.28681885,2095.186218,2142.759976,2204.674321,2171.898801,2136.650427,2102.662053,0,0,32.34171517
2/7/2022,SUPREMEIND,2016.25,2030,2088.45,2000,2010,2019.75,-56.8973695,-41.81452753,3.5,0,20.33084312,2081.470542,2131.04474,2197.422387,2170.384882,2135.718949,2102.111142,0,49.5,33.5088132
2/8/2022,SUPREMEIND,2019.75,2030.4,2045.15,1970.05,1975,1985.7,-61.30692338,-45.7130067,0,-34.05,20.08857956,2064.057716,2117.202384,2189.119548,2168.547222,2134.523579,2101.337646,29.95,0,35.2695437
2/9/2022,SUPREMEIND,1985.7,1995.55,2048.9,1952,2011,2030.7,-60.47330407,-48.66506618,45,0,27.21451441,2057.992677,2108.964062,2182.907017,2167.175608,2133.696299,2100.868293,18.05,0,36.54291651
2/10/2022,SUPREMEIND,2030.7,2024.3,2024.3,1999.9,2019,2014.9,-60.39142793,-51.01033853,0,-15.8,26.5851578,2050.157645,2100.00558,2176.318506,2165.660428,2132.749715,2100.297075,0,0,37.81628932
2/11/2022,SUPREMEIND,2014.9,2026.9,2026.9,1965,1976,1977.05,-62.65843178,-53.33995718,0,-37.85,25.92181869,2036.865346,2088.295525,2168.504055,2163.783707,2131.50908,2099.478158,34.9,0,39.90391304
2/14/2022,SUPREMEIND,1977.05,1948,1948,1872.6,1911,1911,-68.98946406,-56.46985855,0,-66.05,28.07526774,2013.980737,2071.410237,2158.405857,2161.268446,2129.752036,2098.225811,92.4,0,41.93678661
2/15/2022,SUPREMEIND,1911,1998,1998,1877.2,1959.6,1967.2,-68.68027893,-58.91194263,56.2,0,41.48453173,2005.475149,2061.485452,2150.907588,2159.337417,2128.4568,2097.355208,0,50,41.46342092
2/16/2022,SUPREMEIND,1967.2,2044,2044,1984.65,2005,1999.65,-65.06675465,-60.14290503,32.45,0,44.70165636,2004.416031,2055.596361,2144.975918,2157.748487,2127.430451,2096.706004,0,46,39.5193495
2/17/2022,SUPREMEIND,1999.65,2005.95,2007.2,1951,1967,1966.3,-64.15454326,-60.94523268,0,-33.35,37.60426088,1997.485843,2047.091946,2137.969019,2155.843527,2126.146543,2095.839519,33.65,0,39.51774419
2/18/2022,SUPREMEIND,1966.3,1966,1971,1936.9,1958,1965.6,-62.76458227,-61.3091026,0,-0.7,36.27240143,1991.688417,2039.330808,2131.20945,2153.950557,2124.867288,2094.97414,14.1,0,39.47899466
2/21/2022,SUPREMEIND,1965.6,1958,1978.05,1932.05,1953.75,1951.75,-62.06515891,-61.46031386,0,-13.85,29.92669254,1984.426887,2030.989779,2124.171824,2151.938611,2123.487867,2094.022484,0,7.05,39.09002926
2/22/2022,SUPREMEIND,1951.75,1912,2050,1891,2045.75,2040.5,-53.73011031,-59.91427315,88.75,0,44.85953672,1994.621998,2031.895514,2120.890576,2150.829769,2122.82661,2093.666853,0,71.95,37.65838832
2/23/2022,SUPREMEIND,2040.5,2051.2,2087.9,2018.2,2058,2056.4,-45.31911656,-56.99524183,15.9,0,54.69557403,2005.854362,2034.229275,2118.361534,2149.890169,2122.297314,2093.419233,0,37.9,35.22881328
2/24/2022,SUPREMEIND,2056.4,1980,2055,1952,2035,2040.15,-39.50914576,-53.49802262,0,-16.25,52.59952143,2012.089933,2034.793153,2115.294415,2148.798227,2121.642754,2093.065285,66.2,0,32.69510221
2/25/2022,SUPREMEIND,2040.15,2075,2094.4,2002.75,2047.8,2046.15,-34.02829519,-49.60407713,6,0,52.85590653,2018.282672,2035.874758,2112.582869,2147.776852,2121.041218,2092.753555,0,39.4,29.53084261
2/28/2022,SUPREMEIND,2046.15,2045,2089,1996.65,2040,2042.4,-29.64553995,-45.6123697,0,-3.75,56.56401945,2022.667641,2036.496209,2109.8306,2146.728326,2120.414594,2092.41898,6.1,0,25.86305334
3/2/2022,SUPREMEIND,2042.4,2005.05,2048.65,1997.8,2020,2016.65,-27.9280475,-42.07550526,0,-25.75,48.29758876,2021.573524,2034.606094,2106.176459,2145.434014,2119.587785,2091.915532,0,0,22.05455277
3/3/2022,SUPREMEIND,2016.65,2047,2047,2015.85,2030,2029.35,-25.25106,-38.71061621,12.7,0,51.76413136,2022.987429,2034.105514,2103.163656,2144.27895,2118.868759,2091.499814,0,0,18.2460522
3/4/2022,SUPREMEIND,2029.35,2034.45,2034.45,1972,1979.95,1983.7,-26.50753919,-36.2700008,0,-45.65,50.79669342,2015.84426,2029.304989,2098.478807,2142.681149,2117.791717,2090.783536,43.85,0,14.334407
3/7/2022,SUPREMEIND,1983.7,1952,2021,1935.1,1965,1973.1,-28.03546404,-34.62309345,0,-10.6,58.57971815,2008.072576,2023.952133,2093.561991,2140.993774,2116.638795,2090.001586,36.9,0,11.55670944
3/8/2022,SUPREMEIND,1973.1,1970,2045,1949.65,2029.95,2014.95,-25.57460215,-32.81339519,41.85,0,56.86951518,2009.323017,2023.094787,2090.479168,2139.739608,2115.828526,2089.502904,0,24,10.08977617
3/9/2022,SUPREMEIND,2014.95,2024.95,2064,2000.15,2014,2014.7,-23.37507101,-30.92573035,0,-0.25,52.38623751,2010.30065,2022.295283,2087.507436,2138.495432,2115.022721,2089.005875,0,19,9.593094139
3/10/2022,SUPREMEIND,2014.7,2042.2,2049.2,1990,1990,1992.55,-23.15236062,-29.37105641,0,-22.15,54.31530495,2007.073259,2019.462399,2083.783615,2137.043239,2114.046842,2088.364972,10.15,0,8.369434777
3/11/2022,SUPREMEIND,1992.55,1996,2009,1983.05,1991.95,1991.85,-22.76986832,-28.05081879,0,-0.7,54.31530495,2004.305394,2016.832647,2080.178375,2135.59853,2113.073162,2087.723676,6.95,0,7.130568942
3/14/2022,SUPREMEIND,1991.85,2002.3,2005.15,1961.55,1964.95,1964.35,-24.40444138,-27.32154331,0,-27.5,51.98237885,1997.040777,2011.834299,2075.636086,2133.894565,2111.888117,2086.903918,21.5,0,5.086498138
3/15/2022,SUPREMEIND,1964.35,1984,1984,1951,1954,1956.95,-25.99728988,-27.05669262,0,-7.4,32.332417,1989.751545,2006.607223,2070.98173,2132.133922,2110.65355,2086.040437,10.55,0,5.863530432
3/16/2022,SUPREMEIND,1956.95,1969.85,1997,1969.85,1989,1994.5,-23.9535411,-26.43606232,37.55,0,38.00852383,1990.6149,2005.454154,2067.982446,2130.76443,2109.728024,2085.432194,0,13,7.847902977
3/17/2022,SUPREMEIND,1994.5,2029,2070,2007.95,2050.55,2052.95,-17.41666054,-24.63218196,58.45,0,52.13120213,2001.948555,2009.977568,2067.392938,2129.990158,2109.27561,2085.216366,0,73,8.260522484
3/21/2022,SUPREMEIND,2052.95,2060,2089.7,2024.05,2044.15,2044.35,-12.78273234,-22.26229204,0,-8.6,49.70287224,2009.657908,2013.251133,2066.489294,2129.138017,2108.758274,2084.944829,0,19.7,8.091795908
3/22/2022,SUPREMEIND,2044.35,2052.65,2055.1,2005,2015,2023.75,-10.64979449,-19.93979253,0,-20.6,47.08365911,2012.220107,2014.251025,2064.813243,2128.08938,2108.080917,2084.538218,19.05,0,7.917050782
3/23/2022,SUPREMEIND,2023.75,2025.1,2039.95,2012,2022,2017.65,-9.343933852,-17.82062079,0,-6.1,50.16661113,2013.20736,2014.574737,2062.963704,2126.99048,2107.360352,2084.093778,0,0,7.852286338
3/24/2022,SUPREMEIND,2017.65,2000,2056.85,2000,2018,2022.7,-7.811491083,-15.81879485,5.05,0,48.86305351,2014.933295,2015.348572,2061.384735,2125.952764,2106.685768,2083.685846,0,16.9,8.159613668
3/25/2022,SUPREMEIND,2022.7,2023.55,2033.3,1982,1995.5,2003.15,-8.081383601,-14.2713126,0,-19.55,53.65121081,2012.790877,2014.186803,2059.10102,2124.730846,2105.860782,2083.150724,18,0,9.154948751
3/28/2022,SUPREMEIND,2003.15,2003.15,2013.3,1977.5,1995,1997.45,-8.655443169,-13.14813871,0,-5.7,54.65672213,2010.001627,2012.592822,2056.683333,2123.46437,2104.996951,2082.581284,4.5,0,10.43047888
3/29/2022,SUPREMEIND,1997.45,2030,2048.45,1976,1985,1990.6,-9.553006156,-12.4291122,0,-6.85,44.6235372,2006.474058,2010.498267,2054.09183,2122.142336,2104.085421,2081.970113,0,35.15,12.30217456
3/30/2022,SUPREMEIND,1990.6,2034,2034,1976.3,1992,1991.8,-10.05163236,-11.95361623,1.2,0,44.9648197,2003.806048,2008.71748,2051.649013,2120.845398,2103.190717,2081.370976,0,0,14.20306135
3/31/2022,SUPREMEIND,1991.8,2000,2065.95,1987.3,2041,2047.2,-5.908372176,-10.74456742,55.4,0,60.48340687,2011.695857,2012.382482,2051.474542,2120.112608,2102.744575,2081.143926,0,31.95,16.67068901
4/1/2022,SUPREMEIND,2047.2,2028.6,2053,2016,2039,2039.35,-3.221107108,-9.239875359,0,-7.85,58.86855863,2016.723883,2014.950817,2050.99907,2119.309,2102.239439,2080.866226,0,0,19.25669488
4/4/2022,SUPREMEIND,2039.35,2050,2060.75,2011.4,2039,2038.2,-1.170730122,-7.626046312,0,-1.15,65.29302133,2020.628632,2017.165025,2050.497145,2118.501945,2101.729165,2080.582729,0,7.75,23.40587703
4/5/2022,SUPREMEIND,2038.2,2059.5,2219.3,2052,2160,2155.25,9.786354185,-4.143566212,117.05,0,78.23981772,2045.105244,2030.315975,2054.6051,2118.867597,2102.155626,2081.078857,0,158.55,27.24170703
4/6/2022,SUPREMEIND,2155.25,2166.6,2176,2119.1,2156,2162.55,18.84177518,0.453502065,7.3,0,76.18824996,2066.458836,2042.909692,2058.838234,2119.302248,2102.636856,2081.620194,0,0,30.277652
4/7/2022,SUPREMEIND,2162.55,2156,2156,2084.55,2098.9,2097.9,20.56449219,4.47570009,0,-64.65,56.87203791,2072.175411,2048.146864,2060.370068,2119.08929,2102.599112,2081.728365,34.55,0,33.51910778
4/8/2022,SUPREMEIND,2097.9,2127.9,2127.9,2075.4,2095,2096.95,21.60406259,7.901372589,0,-0.95,58.2341891,2076.679882,2052.794782,2061.804575,2118.868999,2102.554099,2081.829506,9.15,0,36.7138981
4/11/2022,SUPREMEIND,2096.95,2108,2124.9,2069,2101,2095,22.01678512,10.7244551,0,-1.95,61.84538653,2080.010813,2056.814326,2063.106356,2118.631496,2102.493907,2081.917017,6.4,0,40.63879285
4/12/2022,SUPREMEIND,2095,2076,2099.9,2028,2090,2083.5,21.17186078,12.81393623,0,-11.5,60.75453209,2080.64521,2059.355819,2063.906107,2118.281929,2102.342561,2081.927536,41,0,43.3160267
4/13/2022,SUPREMEIND,2083.5,2094.5,2112.65,2035.2,2044.45,2039.55,16.76262535,13.60367406,0,-43.95,52.44167512,2073.173354,2057.46955,2062.950966,2117.498527,2101.842222,2081.645957,0,12.75,45.5697235
4/18/2022,SUPREMEIND,2039.55,2044.7,2044.7,1989,1996,1997.5,9.762653137,12.83546987,0,-42.05,49.23139709,2059.414562,2051.758165,2060.384261,2116.304512,2101.01081,2081.086848,46.2,0,46.43948295
4/19/2022,SUPREMEIND,1997.5,2018,2023.8,1987.9,1988.1,1988.55,3.453129006,10.9590017,0,-8.95,48.79989213,2046.530096,2045.738339,2057.567231,2115.033323,2100.114708,2080.471985,1.1,0,46.35349703
4/20/2022,SUPREMEIND,1988.55,1988.55,2020,1985,1998.45,1996.85,-0.867473992,8.59370656,8.3,0,50.83948959,2037.497352,2041.082307,2055.186163,2113.857369,2099.291882,2079.916357,2.9,0,45.46849965
4/21/2022,SUPREMEIND,1996.85,2007.4,2010.15,1976,1989.3,1980.1,-5.578858403,5.759193568,0,-16.75,48.49149046,2027.061469,2035.274468,2052.241608,2112.52645,2098.342145,2079.253126,9,0,44.74086547
4/22/2022,SUPREMEIND,1980.1,1989.9,1989.9,1961,1965.5,1963.65,-10.51878797,2.503597259,0,-16.45,38.02493909,2015.532111,2028.45309,2048.767427,2111.045092,2097.268901,2078.484999,15,0,42.14118698
4/25/2022,SUPREMEIND,1963.65,1963.65,1983,1926.05,1960,1947,-15.59743607,-1.116609406,0,-16.65,37.08933315,2003.071728,2020.695653,2044.776548,2109.412803,2096.07154,2077.611344,34.95,0,39.39083371
4/26/2022,SUPREMEIND,1947,1963.5,1976.25,1930,1940.85,1937.4,-20.16449727,-4.926186978,0,-9.6,36.2332696,1991.131413,2012.762734,2040.565703,2107.701233,2094.807224,2076.679707,0,0,35.78703677
4/27/2022,SUPREMEIND,1937.4,1945.5,1951.05,1918.25,1920.15,1924.25,-24.56188712,-8.853327007,0,-13.15,5.949656751,1978.971156,2004.33295,2036.004303,2105.875847,2093.448203,2075.666885,11.75,0,36.46968613
4/28/2022,SUPREMEIND,1924.25,1934.4,1949.9,1931.6,1934,1935,-26.86967819,-12.45659724,10.75,0,7.17108978,1970.976401,1997.729812,2032.043349,2104.17559,2092.185667,2074.732222,0,0,37.20280997
4/29/2022,SUPREMEIND,1935,1954,2022,1922.75,1948.9,1946.9,-27.42228169,-15.44973413,11.9,0,14.53734147,1966.598873,1992.888877,2028.704395,2102.610659,2091.028013,2073.882838,0,72.1,35.72272551
5/2/2022,SUPREMEIND,1946.9,1929.2,2049.9,1919,2015,2015.8,-22.04643222,-16.76907375,68.9,0,35.55278618,1975.544533,1995.070889,2028.19834,2101.746871,2090.428586,2073.496906,0,27.9,33.62110165
5/4/2022,SUPREMEIND,2015.8,2025,2037,1960,1999,1994.7,-19.26653384,-17.26856577,0,-21.1,33.28333333,1979.027345,1995.035566,2026.88468,2100.681728,2089.665809,2072.973338,0,0,30.96845776
5/5/2022,SUPREMEIND,1994.7,1994.7,2014.75,1962.65,1988,1981.45,-17.92596919,-17.40004645,0,-13.25,33.09030655,1979.467828,1993.741703,2025.102927,2099.495343,2088.803531,2072.36521,0,0,28.53437619
5/6/2022,SUPREMEIND,1981.45,1953,2009.95,1935,1979,1980.45,-16.75115678,-17.27026852,0,-1,38.58191654,1979.646404,1992.475826,2023.351832,2098.310812,2087.940156,2071.754477,27.65,0,27.29782347
5/9/2022,SUPREMEIND,1980.45,1990,1990,1918,1920,1925.55,-20.01931052,-17.82007692,0,-54.9,36.75685625,1969.810695,1986.101938,2019.516466,2096.591799,2086.646211,2070.783019,17,0,26.00666075
5/10/2022,SUPREMEIND,1925.55,1935.7,1935.7,1882,1906.3,1901.6,-24.26223085,-19.1085077,0,-23.95,34.83342055,1957.40875,1978.054134,2014.892291,2094.651582,2085.171739,2069.658879,36,0,25.52933955
5/11/2022,SUPREMEIND,1901.6,1911.6,1917.2,1875,1900,1896.9,-27.68489229,-20.82378462,0,-4.7,32.34410881,1946.407159,1970.325169,2010.265142,2092.683905,2083.671566,2068.51098,7,0,25.72943704
5/12/2022,SUPREMEIND,1896.9,1889.9,1889.9,1818.6,1850,1848.5,-33.91193596,-23.44141489,0,-48.4,29.09119797,1928.605858,1958.722772,2003.921411,2090.254214,2081.797689,2067.049113,56.4,0,26.99991119
5/13/2022,SUPREMEIND,1848.5,1858.2,1890,1846,1880,1874.8,-36.30620737,-26.01437339,26.3,0,36.31181636,1918.822974,1950.730127,1998.857827,2088.110391,2080.148305,2065.77171,0,0.1,28.94092819
5/16/2022,SUPREMEIND,1874.8,1884.7,1903.75,1846,1866,1879.75,-37.37344329,-28.28618737,4.95,0,39.25203772,1911.718797,1943.970115,1994.186931,2086.037153,2078.551506,2064.535686,0,13.75,29.65292536
5/17/2022,SUPREMEIND,1879.75,1880,1910,1850.05,1873,1899.6,-36.20021282,-29.86899246,19.85,0,44.15041783,1909.51538,1939.74439,1990.47764,2084.182057,2077.125597,2063.439767,0,6.25,30.02062446
5/18/2022,SUPREMEIND,1899.6,1900.15,1903.05,1865.05,1888,1877.45,-36.63542869,-31.22227971,0,-22.15,42.95392954,1903.685311,1933.811591,1986.045184,2082.125022,2075.534557,2062.203955,0,0,24.33582146
5/19/2022,SUPREMEIND,1877.45,1860.4,1883.75,1806,1823.55,1827,-40.58341345,-33.09450645,0,-50.45,35.4760624,1889.742527,1923.639058,1979.808118,2079.586465,2073.554202,2060.641138,59.05,0,19.83772382
5/20/2022,SUPREMEIND,1827,1836.6,1845.1,1791,1799.9,1802.5,-45.16849081,-35.50930332,0,-24.5,31.21748179,1873.880249,1912.102005,1972.854858,2076.829385,2071.394407,2058.925914,15,0,21.88202732
5/23/2022,SUPREMEIND,1802.5,1830,1836,1770,1775,1777.15,-50.26826947,-38.46109655,0,-25.35,14.99193193,1856.292931,1899.249433,1965.180158,2073.847501,2069.04983,2057.053649,21,0,26.50528263
5/24/2022,SUPREMEIND,1777.15,1786.5,1786.5,1740,1745.2,1748.2,-56.00036649,-41.96895054,0,-28.95,14.65443074,1836.639671,1884.863773,1956.671132,2070.607227,2066.493258,2055.001466,30,0,31.37700275
5/25/2022,SUPREMEIND,1748.2,1757.4,1764.55,1695.8,1724.95,1720,-62.10271753,-45.99570394,0,-28.2,14.05197305,1815.432458,1869.162461,1947.389911,2067.118598,2063.732355,2052.775542,44.2,0,37.40945192
5/26/2022,SUPREMEIND,1720,1720,1750,1701.05,1720.9,1721.5,-66.0563804,-50.00783923,1.5,0,14.44459701,1798.353829,1855.09937,1938.531483,2063.679607,2061.005404,2050.574376,0,0,42.21793121
5/27/2022,SUPREMEIND,1721.5,1730.6,1822.05,1717.05,1799,1793.4,-62.66558771,-52.53938893,71.9,0,32.66430539,1797.453133,1849.223239,1932.840052,2060.990258,2058.87309,2048.865576,0,72.05,45.08204197
5/30/2022,SUPREMEIND,1793.4,1815,1835,1790,1822,1821.45,-57.05723917,-53.44295898,28.05,0,39.59766385,1801.8162,1846.578169,1928.471815,2058.606773,2056.981273,2047.354509,0,12.95,46.25542428
5/31/2022,SUPREMEIND,1821.45,1824.05,1843.95,1822.1,1835.5,1837.1,-50.7645759,-52.90728236,15.65,0,42.45330641,1808.231436,1845.675486,1924.888607,2056.402725,2055.229231,2045.957469,0,8.95,46.98877266
6/1/2022,SUPREMEIND,1837.1,1837.1,1904.1,1817,1900.95,1892.45,-40.84052831,-50.49393155,55.35,0,55.45082476,1823.543902,1850.130202,1923.616504,2054.771355,2053.932185,2044.937486,0,60.15,44.62121386
6/2/2022,SUPREMEIND,1892.45,1900,1902.35,1845,1900,1886.15,-33.10242233,-47.01562971,0,-6.3,51.48114316,1834.926829,1853.560659,1922.14723,2053.09353,2052.595275,2043.88242,0,0,42.49587704
6/3/2022,SUPREMEIND,1886.15,1896.1,1896.1,1847,1847.05,1859.5,-28.78849403,-43.37020257,0,-26.65,47.49907373,1839.394678,1854.12631,1919.690476,2051.167226,2051.056668,2042.657287,0,0,41.57752268
6/6/2022,SUPREMEIND,1859.5,1860,1889.95,1852.2,1870,1876.55,-23.72044771,-39.4402516,17.05,0,47.13344111,1846.150191,1856.2619,1917.998692,2049.429742,2049.666176,2041.553584,0,0,40.98794087
6/7/2022,SUPREMEIND,1876.55,1862.45,1886.25,1842.15,1860,1868.6,-20.11362569,-35.57492642,0,-7.95,48.85909501,1850.231975,1857.436957,1916.061489,2047.630441,2048.223418,2040.404391,10.05,0,40.88020302
6/8/2022,SUPREMEIND,1868.6,1878.4,1897.9,1865.65,1865.65,1883,-15.90983492,-31.64190812,14.4,0,57.95906765,1856.189798,1859.871532,1914.76496,2045.992327,2046.906897,2039.358515,0,11.65,40.18223144
6/9/2022,SUPREMEIND,1883,1890,1890,1820.05,1830.05,1839.65,-15.89307766,-28.49214202,0,-43.35,55.01146634,1853.182562,1857.945672,1911.819275,2043.939169,2045.255447,2038.031548,45.6,0,35.95243979
6/10/2022,SUPREMEIND,1839.65,1830,1834.8,1800,1805.9,1806,-18.38316153,-26.47034593,0,-33.65,53.80657079,1844.603914,1852.998465,1907.6695,2041.571615,2043.349029,2036.48981,20.05,0,30.2760572
6/13/2022,SUPREMEIND,1806,1780,1780,1754,1779.8,1771.1,-22.90863282,-25.7580033,0,-34.9,52.97479865,1831.239566,1845.198611,1902.313833,2038.880356,2041.179714,2034.726423,46,0,24.12931744
6/14/2022,SUPREMEIND,1771.1,1750,1778.45,1736.05,1750,1748.35,-28.00797775,-26.20799819,0,-22.75,53.73567005,1816.168736,1835.974934,1896.276035,2035.989506,2038.84641,2032.823589,17.95,0,18.45815725
6/15/2022,SUPREMEIND,1748.35,1740,1811,1740,1811,1779.8,-29.17517988,-26.80143453,31.45,0,57.12017587,1809.556238,1830.62494,1891.708348,2033.440357,2036.782295,2031.142369,0,32.55,13.49405975
6/16/2022,SUPREMEIND,1779.8,1824.9,1824.9,1733.95,1754,1757.95,-31.50019374,-27.74118637,0,-21.85,45.06748296,1800.173286,1823.703518,1886.462922,2030.699159,2034.560524,2029.327138,0,13.9,10.01260478
6/17/2022,SUPREMEIND,1757.95,1742,1792.35,1737.85,1750.15,1762,-32.6397323,-28.72089556,4.05,0,41.13612644,1793.232689,1817.826992,1881.582024,2028.025536,2032.388727,2027.550878,0,0,7.648385035
6/20/2022,SUPREMEIND,1762,1762,1798.35,1751.25,1794.65,1786.5,-31.20615446,-29.21794734,24.5,0,42.64962231,1792.008563,1814.843469,1877.853317,2025.622297,2030.429454,2025.949211,0,6,5.718601238
6/21/2022,SUPREMEIND,1786.5,1769.9,1780.15,1731,1739,1739.9,-33.44473416,-30.0633047,0,-46.6,27.26188702,1782.534279,1807.705996,1872.443383,2022.779289,2028.114478,2024.048551,20.25,0,8.670501189
6/22/2022,SUPREMEIND,1739.9,1749.1,1749.1,1687.5,1690,1692.8,-38.57473553,-31.76559087,0,-47.1,24.30564784,1766.218956,1796.762568,1865.398544,2019.495913,2025.44265,2021.847564,43.5,0,12.28923073
6/23/2022,SUPREMEIND,1692.8,1701.7,1711.55,1666.25,1699,1688.25,-42.51733221,-33.91593913,0,-4.55,25.82239164,1752.042782,1786.428037,1858.451542,2016.199934,2022.755856,2019.630969,21.25,0,16.06790851
6/24/2022,SUPREMEIND,1688.25,1703,1713.95,1689.15,1710,1705.4,-43.75364206,-35.88347972,17.15,0,25.84333098,1743.562276,1778.711081,1852.449521,2013.107397,2020.227124,2017.543056,0,2.4,19.61317665
6/27/2022,SUPREMEIND,1705.4,1712,1733.8,1691.55,1698,1699.6,-44.68632195,-37.64404816,0,-5.8,26.00113604,1735.569135,1771.176693,1846.455422,2009.98792,2017.672326,2015.430477,0,19.85,22.11721694
6/28/2022,SUPREMEIND,1699.6,1697.6,1733,1697.6,1716,1715.9,-43.60752332,-38.8367432,16.3,0,26.39830508,1731.992929,1765.912246,1841.335602,2007.061672,2015.267766,2013.440242,0,0,24.43500372
6/29/2022,SUPREMEIND,1715.9,1710,1747.15,1705.15,1720,1717.25,-42.15766658,-39.50092787,1.35,0,30.38461538,1729.312396,1761.277746,1836.4695,2004.177974,2012.893122,2011.4722,0,14.15,26.31912583
6/30/2022,SUPREMEIND,1717.25,1726.3,1773.9,1716.85,1765,1766.85,-36.58461453,-38.9176652,49.6,0,44.0311023,1736.137415,1761.808437,1833.739323,2001.816502,2010.932619,2009.846803,0,26.75,26.86090641
7/1/2022,SUPREMEIND,1766.85,1760.05,1780,1752.45,1761,1769.8,-31.56601689,-37.44733554,2.95,0,49.78040541,1742.257885,1762.569538,1831.231899,1999.50788,2009.011244,2008.251808,0,6.1,27.45384128
7/4/2022,SUPREMEIND,1769.8,1769.8,1794,1760.55,1773,1769.8,-27.27434048,-35.41273653,0,0,53.92497713,1747.265542,1763.258154,1828.822805,1997.222229,2007.105178,2006.667411,0,14,28.48428354
7/5/2022,SUPREMEIND,1769.8,1770.1,1792.05,1745,1785,1777.8,-22.96292061,-32.92277335,8,0,49.59967974,1752.817262,1764.643091,1826.821911,1995.038924,2005.278045,2005.146697,15.55,0,27.33583701
7/6/2022,SUPREMEIND,1777.8,1772.5,1791.75,1765.15,1777,1771.95,-19.79000851,-30.29622038,0,-5.85,52.99401198,1756.295942,1765.338987,1824.670071,1992.819133,2003.418858,2003.597217,0,0,27.74833246
7/7/2022,SUPREMEIND,1771.95,1776.25,1864.45,1776.25,1845.05,1844.95,-11.25521974,-26.48802025,73,0,63.69942197,1772.414861,1772.920989,1825.465362,1991.347799,2002.156158,2002.543083,0,72.7,29.08582773
7/8/2022,SUPREMEIND,1844.95,1854.7,1880.45,1836.6,1869.95,1859.8,-3.255539415,-21.84152408,14.85,0,62.50426476,1788.303068,1781.19518,1826.811819,1990.038865,2001.021846,2001.594624,0,16,30.54056281
7/11/2022,SUPREMEIND,1859.8,1879,1917,1860,1914,1904.9,6.646837354,-16.1438518,45.1,0,78.29218107,1809.50251,1792.976592,1829.8741,1989.191712,2000.255934,2000.952135,0,36.55,30.65647171
7/12/2022,SUPREMEIND,1904.9,1904.9,1910.35,1870,1908,1904.05,14.26155605,-10.06277023,0,-0.85,93.05074384,1826.692963,1803.555011,1832.782959,1988.344531,1999.489353,2000.308267,0,0,31.93655435
7/13/2022,SUPREMEIND,1904.05,1913.55,1913.55,1826.35,1837,1836,14.63648886,-5.122918409,0,-68.05,73.91937834,1828.385152,1806.64501,1832.909118,1986.828665,1998.186649,1999.216517,43.65,0,31.94867251
7/14/2022,SUPREMEIND,1836,1836,1851.75,1811.45,1816,1821.15,13.57882666,-1.382569394,0,-14.85,68.87946501,1827.069669,1808.026438,1832.447976,1985.180121,1996.775999,1998.033351,14.9,0,31.43368167
7/15/2022,SUPREMEIND,1821.15,1822.1,1858.35,1818,1820,1825.35,12.93047221,1.480038927,4.2,0,70.61813412,1826.757002,1809.676301,1832.169624,1983.589772,1995.410054,1996.885954,0,6.6,31.56717692
7/18/2022,SUPREMEIND,1825.35,1834.45,1882.15,1827.15,1869,1869.8,15.82101534,4.34823421,44.45,0,73.10117082,1834.583002,1815.402368,1833.645325,1982.457535,1994.409178,1996.041529,0,23.8,31.61505328
7/19/2022,SUPREMEIND,1869.8,1869.8,1900,1855.8,1893.55,1892.9,19.74812445,7.428212259,23.1,0,74.74989432,1845.186092,1822.783094,1835.969037,1981.566416,1993.600339,1995.356203,0,17.85,32.9425469
7/20/2022,SUPREMEIND,1892.9,1893.55,1914.65,1881,1885,1894.25,22.7075618,10.48408217,1.35,0,70.77625571,1854.106803,1829.589466,1838.254565,1980.697595,1992.808703,1994.684401,0,14.65,35.43580694
7/21/2022,SUPREMEIND,1894.25,1896.9,1923.15,1872,1877,1878.95,23.54692084,13.0966499,0,-15.3,67.11083242,1858.623748,1834.29047,1839.850465,1979.685182,1991.901463,1993.915401,9,0,37.82073576
7/22/2022,SUPREMEIND,1878.95,1888.8,1919.95,1866.2,1902.15,1895.05,25.22052783,15.52142549,16.1,0,68.69124011,1865.246703,1840.077092,1842.015152,1978.84304,1991.129738,1993.258489,5.8,0,38.73869989
7/25/2022,SUPREMEIND,1895.05,1932,1932,1811,1814,1822.7,20.47283498,16.51170738,0,-72.35,55.6209314,1857.510939,1838.42213,1841.257695,1977.289378,1989.787668,1992.12521,55.2,0,39.99174881
7/26/2022,SUPREMEIND,1822.7,1823,1828.1,1776.9,1782.25,1782.25,13.29304332,15.86797457,0,-40.45,51.18663594,1843.827132,1833.072404,1838.943668,1975.348688,1988.133982,1990.73069,34.1,0,40.08571051
7/27/2022,SUPREMEIND,1782.25,1772,1847.45,1772,1827,1836.45,11.84000947,15.06238155,54.2,0,48.97639692,1842.485835,1833.39408,1838.845877,1973.966612,1986.925344,1989.705569,0,19.35,39.08374207
7/28/2022,SUPREMEIND,1836.45,1847,1881,1833.05,1871,1875.7,13.69771789,14.78944882,39.25,0,51.80846224,1848.524774,1837.423215,1840.291137,1972.988834,1986.039087,1988.948057,0,33.55,37.44574253
7/29/2022,SUPREMEIND,1875.7,1877.25,1912.05,1865.4,1881.8,1897.1,16.7042106,15.17240117,21.4,0,49.06227459,1857.356633,1843.106718,1842.518936,1972.233722,1985.330409,1988.337771,0,31.05,34.63963013
8/1/2022,SUPREMEIND,1897.1,1898,1926,1866.5,1897.5,1896.65,18.83346603,15.90461414,0,-0.45,49.10950662,1864.500882,1848.206078,1844.641722,1971.481645,1984.623792,1987.72855,0,13.95,29.6807755
8/2/2022,SUPREMEIND,1896.65,1900,1909.05,1857,1868,1864.45,17.71839873,16.26737106,0,-32.2,53.74687212,1864.491631,1849.753119,1845.418518,1970.416653,1983.666232,1986.909423,9.5,0,26.49459656
8/3/2022,SUPREMEIND,1864.45,1874.3,1874.3,1830,1854,1853.3,15.75339274,16.1645754,0,-11.15,54.27583455,1862.456789,1850.090917,1845.727595,1969.251313,1982.627457,1986.021653,27,0,23.60837152
8/4/2022,SUPREMEIND,1853.3,1860.25,1900,1853.3,1890.2,1893,17.20128385,16.37191709,39.7,0,58.22092599,1868.0101,1854.177496,1847.581415,1968.492594,1981.913294,1985.403569,0,25.7,21.30680757
8/5/2022,SUPREMEIND,1893,1893,1922,1855,1877,1869.5,16.26500158,16.35053399,0,-23.5,49.96158771,1868.280991,1855.636782,1848.440967,1967.507593,1981.01757,1984.633445,0,22,18.64524876
8/8/2022,SUPREMEIND,1869.5,1872.1,1880.55,1850.1,1866,1869.65,15.35805676,16.15203854,0.15,0,46.83716501,1868.529902,1856.971374,1849.272694,1966.533886,1980.130179,1983.869436,4.9,0,15.44205795
8/10/2022,SUPREMEIND,1869.65,1861,1899,1860.2,1880.5,1887.6,15.9043757,16.10250597,17.95,0,49.13445269,1871.997192,1859.888386,1850.775726,1965.748474,1979.392887,1983.229772,0,18.45,12.47638771
8/11/2022,SUPREMEIND,1887.6,1895.7,1900,1881,1889.15,1895.35,16.76939053,16.23588288,7.75,0,52.17737653,1876.243157,1863.265683,1852.523737,1965.047991,1978.723223,1982.645853,0,1,10.17156128
8/12/2022,SUPREMEIND,1895.35,1896.3,1910,1872,1893.75,1894,17.14831223,16.41836875,0,-1.35,49.85491226,1879.471674,1866.192761,1854.150257,1964.341046,1978.048137,1982.056844,0,10,8.64880816
8/16/2022,SUPREMEIND,1894,1900,1932,1887.15,1900,1900.1,17.73637553,16.68197011,6.1,0,63.09201624,1883.222279,1869.422022,1855.952207,1963.701832,1977.427037,1981.51228,0,22,10.49011173
8/17/2022,SUPREMEIND,1900.1,1910.1,2024,1904,1975,1969.1,23.49925845,18.04542777,69,0,78.82153324,1898.83641,1878.915162,1860.389376,1963.755545,1977.360686,1981.429807,0,92,15.3239803
8/18/2022,SUPREMEIND,1969.1,1975,1984,1927.4,1940,1938,25.26562816,19.48946785,0,-31.1,66.86596911,1905.957063,1884.54229,1863.43293,1963.499271,1977.047055,1981.141237,0,0,19.89696927
8/19/2022,SUPREMEIND,1938,1955,1964.35,1902,1911,1907.95,23.96445767,20.38446582,0,-30.05,55.52509851,1906.319415,1886.771596,1865.178697,1962.946542,1976.496481,1980.654916,25.4,0,23.65628872
8/22/2022,SUPREMEIND,1907.95,1900,1910,1831,1840,1840.7,17.30725051,19.76902275,0,-67.25,41.64939295,1894.388612,1882.383825,1864.218748,1961.730158,1975.414437,1979.724983,71,0,24.69355338
8/23/2022,SUPREMEIND,1840.7,1837,1887,1820,1844,1836.8,11.58314517,18.13184724,0,-3.9,41.22819874,1883.917955,1878.042508,1863.143503,1960.487072,1974.309939,1978.775315,11,0,25.54253594
8/24/2022,SUPREMEIND,1836.8,1846.5,1890,1824,1855,1855.45,8.454194894,16.19631677,18.65,0,48.62637363,1878.741964,1875.89084,1862.841797,1959.441927,1973.362848,1977.955878,0,3,25.91999037
8/25/2022,SUPREMEIND,1855.45,1865.2,1917,1860.1,1910,1909.7,10.23402935,15.00385929,54.25,0,57.60722957,1884.370697,1879.11076,1864.679374,1958.946983,1972.855575,1977.502351,0,27,27.77295592
8/26/2022,SUPREMEIND,1909.7,1917.85,1935,1896,1929.95,1924.6,12.70046342,14.54318011,14.9,0,54.56779416,1891.685116,1883.443069,1867.029202,1958.605222,1972.471068,1977.15084,0,18,29.11505087
8/29/2022,SUPREMEIND,1924.6,1907.1,1948.95,1880.85,1930,1930.35,14.94680961,14.62390601,5.75,0,59.27167454,1898.715095,1887.910396,1869.512371,1958.324075,1972.135442,1976.839871,15.15,0,29.70808198
8/30/2022,SUPREMEIND,1930.35,1948,1975,1924,1967.95,1965.6,19.34839926,15.56880466,35.25,0,63.2071576,1910.875987,1895.309406,1873.280513,1958.396472,1972.083367,1976.765187,0,26.05,31.35795066
9/1/2022,SUPREMEIND,1965.6,1960,1975,1941,1967.95,1967.2,22.70407891,16.99585951,1.6,0,61.47304699,1921.116716,1902.156129,1876.96363,1958.48407,1972.044455,1976.701631,0,0,32.62900377
9/2/2022,SUPREMEIND,1967.2,1967.2,1994.3,1963.25,1982.9,1982.25,26.2750065,18.85168891,15.05,0,62.26708075,1932.231859,1909.784117,1881.092507,1958.720547,1972.125775,1976.738498,0,19.3,33.94491849
9/5/2022,SUPREMEIND,1982.25,2015,2084,1984.9,2062,2060.7,35.03143119,22.08763736,78.45,0,69.32529562,1955.589703,1924.157058,1888.135939,1959.735267,1972.831545,1977.296381,0,89.7,35.87934072
9/6/2022,SUPREMEIND,2060.7,2070,2101,2061,2080,2079.85,43.02029461,26.27416881,19.15,0,70.22617306,1978.182484,1938.984957,1895.654137,1960.930439,1973.684282,1977.977801,0,17,35.61401622
9/7/2022,SUPREMEIND,2079.85,2089.8,2134.9,2062.25,2110,2123.25,52.25122414,31.46957988,43.4,0,68.40597015,2004.558396,1956.534009,1904.579465,1962.545559,1974.876041,1978.943065,0,33.9,32.49294391
9/8/2022,SUPREMEIND,2123.25,2140,2199.2,2076.65,2121.25,2104.45,57.38826324,36.65331655,0,-18.8,70.47607332,2022.720506,1970.621246,1912.417525,1963.957543,1975.908503,1979.776998,0,64.3,30.23358952
9/9/2022,SUPREMEIND,2104.45,2114.65,2160,2110.3,2122,2137.4,63.3875017,42.00015358,32.95,0,78.026139,2043.571323,1986.504937,1921.240367,1965.683339,1977.195287,1980.824327,0,0,29.87355917
9/12/2022,SUPREMEIND,2137.4,2137.4,2175,2111,2120,2116.4,65.69018138,46.73815914,0,-21,87.964748,2056.812901,1998.875895,1928.893686,1967.183007,1978.304488,1981.725162,0,15,34.51382634
9/13/2022,SUPREMEIND,2116.4,2116.4,2126.1,2063.6,2065,2067.45,62.84082579,49.95869247,0,-48.95,78.25554331,2058.746919,2005.406762,1934.327267,1968.180689,1979.014811,1982.294762,47.4,0,38.38906221
9/14/2022,SUPREMEIND,2067.45,2030,2067.15,2026,2064,2050.55,58.54414177,51.67578233,0,-16.9,74.00344488,2057.25657,2009.706118,1938.885021,1969.000284,1979.584813,1982.748285,37.6,0,40.87082752
9/15/2022,SUPREMEIND,2050.55,2061.3,2083.95,2030,2050,2057.35,55.05307433,52.35124073,6.8,0,70.56693133,2057.273557,2014.243631,1943.530707,1969.879386,1980.204455,1983.243978,0,16.8,42.10700253
9/16/2022,SUPREMEIND,2057.35,2060,2099,1978.85,2027.65,2021.85,48.85861324,51.65271523,0,-35.5,62.81122382,2050.83291,2014.968047,1946.602052,1970.396506,1980.536292,1983.500496,51.15,0,42.04418087
9/19/2022,SUPREMEIND,2021.85,2031.95,2058,1995.8,2020,2017.7,43.11755553,49.94568329,0,-4.15,61.55576134,2044.808745,2015.228233,1949.390207,1970.867188,1980.832418,1983.727735,0,0,43.10265418
9/20/2022,SUPREMEIND,2017.7,2036.25,2098,2032.15,2092,2090.05,43.89971767,48.73649017,72.35,0,64.99216962,2053.034428,2022.354116,1954.906277,1972.053086,1981.702677,1984.434195,0,40,43.75030468
9/21/2022,SUPREMEIND,2090.05,2100,2100.1,2057.55,2065,2076.9,42.96323823,47.58183978,0,-13.15,62.85747773,2057.373623,2027.548962,1959.690344,1973.096339,1982.461222,1985.048586,0,2.1,44.71508124
9/22/2022,SUPREMEIND,2076.9,2057.25,2086.2,2045.9,2083.2,2077.55,41.79177156,46.42382614,0.65,0,61.55992237,2061.042055,2032.310965,1964.312292,1974.135679,1983.218901,1985.663213,11.65,0,44.91632175
9/23/2022,SUPREMEIND,2077.55,2077,2081.65,2043.15,2047,2061.45,39.11336581,44.96173407,0,-16.1,50.1071888,2061.116227,2035.086112,1968.121614,1975.004478,1983.842257,1986.16678,2.75,0,42.75651411
9/26/2022,SUPREMEIND,2061.45,2047,2079.85,2025,2071,2067.3,37.03583007,43.37655327,5.85,0,48.1354925,2062.240549,2038.154101,1972.010962,1975.922842,1984.507258,1986.705871,18.15,0,39.90757654
9/27/2022,SUPREMEIND,2067.3,2061.1,2079,2050,2050,2059.65,34.37581398,41.57640541,0,-7.65,39.42819149,2061.76954,2040.201329,1975.447787,1976.755948,1985.106005,1987.19055,0,0,38.38542252
9/28/2022,SUPREMEIND,2059.65,2051.5,2140,2051,2092.45,2114,36.23562115,40.50824856,54.35,0,51.41965215,2071.265987,2047.229774,1980.881207,1978.12156,1986.133049,1988.033138,0,61,36.19822735
9/29/2022,SUPREMEIND,2114,2125,2132.6,2065.2,2118.5,2117.4,37.55101856,39.91680256,3.4,0,46.74054759,2079.65399,2053.912653,1986.234885,1979.507415,1987.179001,1988.892718,0,0,33.36059743
9/30/2022,SUPREMEIND,2117.4,2117.4,2139.4,2067,2120.1,2133.4,39.43002201,39.81944645,16,0,52.81643472,2089.425992,2061.482876,1992.006066,1981.038685,1988.344109,1989.852899,0,6.8,28.33399427
10/3/2022,SUPREMEIND,2133.4,2133.4,2133.4,2074.9,2086.5,2092,37.15026663,39.28561049,0,-41.4,54.17162277,2089.893993,2064.389269,1995.927397,1982.142778,1989.170052,1990.531618,0,0,23.72445161
10/4/2022,SUPREMEIND,2092,2092,2102.25,2056.55,2061,2069.35,33.13393103,38.05527459,0,-22.65,53.13333333,2086.158722,2064.86172,1998.806715,1983.010511,1989.808936,1991.055328,18.35,0,20.83745155
10/6/2022,SUPREMEIND,2069.35,2070,2092.85,2027.6,2039.55,2048.15,27.9184666,36.02791299,0,-21.2,48.53689567,2079.248045,2063.270127,2000.741746,1983.658665,1990.273805,1991.434694,28.95,0,17.8952227
10/7/2022,SUPREMEIND,2048.15,2039.55,2041.4,2009.05,2015,2014.85,20.8577071,32.99387181,0,-33.3,48.87892377,2067.53931,2058.658687,2001.295011,1983.969027,1990.469631,1991.590278,18.55,0,16.13443462
10/10/2022,SUPREMEIND,2014.85,2000,2014.5,1987,2000,1997.75,13.72397578,29.13989261,0,-17.1,46.93218515,2054.850344,2052.857859,2001.15599,1984.106151,1990.527642,1991.631206,22.05,0,13.96960415
10/11/2022,SUPREMEIND,1997.75,2007.45,2022.9,1933.55,1980,1961.75,5.106676597,24.33324941,0,-36,27.78739612,2037.923009,2044.18092,1999.610658,1983.883702,1990.298338,1991.43266,53.45,0,14.37449309
10/12/2022,SUPREMEIND,1961.75,1971.55,2035,1965.3,2027,2021.9,3.09532622,20.08566477,60.15,0,41.81060155,2035.009735,2042.058928,2000.484749,1984.261973,1990.550144,1991.635101,0,12.1,14.35612535
10/13/2022,SUPREMEIND,2021.9,2029,2029.4,1965,1982.85,1975.55,-2.213228363,15.62588614,0,-46.35,36.63171691,2024.198874,2035.724744,1999.506916,1984.175287,1990.430621,1991.528223,0.3,0,14.59766677
10/14/2022,SUPREMEIND,1975.55,1991,2003.25,1930.1,1945,1939.55,-9.21892522,10.65692387,0,-36,34.81564524,2008.808169,2026.565245,1997.155664,1983.731254,1990.025198,1991.182853,34.9,0,16.77311995
10/17/2022,SUPREMEIND,1939.55,1943.5,2000,1906.5,1999.9,1994.85,-10.19126407,6.487286283,55.3,0,41.96517689,2006.27032,2023.544745,1997.065246,1983.841889,1990.063643,1991.207219,23.6,0,19.76891341
10/18/2022,SUPREMEIND,1994.85,1994.85,2044.2,1978.55,2030,2021.7,-8.695047902,3.450819446,26.85,0,45.9631954,2009.075717,2023.369055,1998.031315,1984.218586,1990.315725,1991.409829,0,44.2,20.73434443
10/19/2022,SUPREMEIND,2021.7,2025,2045.5,1962.6,2030.75,2032.3,-6.57812586,1.445030385,10.6,0,40.41754633,2013.298314,2024.219621,1999.375185,1984.697008,1990.650261,1991.681525,15.95,0,23.85336994
10/20/2022,SUPREMEIND,2032.3,2032,2091,2027,2060,2057.65,-2.822382084,0.591547891,25.35,0,43.33519241,2021.362257,2027.403467,2001.660472,1985.422909,1991.184124,1992.119853,0,45.5,25.42297094
10/21/2022,SUPREMEIND,2057.65,2038.9,2119.95,2038.9,2086,2091.75,2.872544031,1.047747119,34.1,0,45.53446982,2034.160028,2033.531708,2005.193395,1986.48089,1991.985445,1992.781848,0,28.95,26.16505447
10/24/2022,SUPREMEIND,2091.75,2099,2120,2036.65,2054,2052.4,4.162613847,1.670720465,0,-39.35,45.73551583,2037.476387,2035.328688,2007.044634,1987.136801,1992.466836,1993.177982,2.25,0,27.80188855
10/25/2022,SUPREMEIND,2052.4,2052.4,2068.9,2031.05,2049,2046.8,4.679191466,2.272414665,0,-5.6,47.47903857,2039.171589,2036.421194,2008.603668,1987.730465,1992.89977,1993.534274,5.6,0,28.62172059
10/27/2022,SUPREMEIND,2046.8,2046.8,2098.8,2045,2098.75,2091.15,8.568485139,3.53162876,44.35,0,54.57057823,2048.622209,2041.633462,2011.840779,1988.759515,1993.68264,1994.182883,0,29.9,28.33491564
10/28/2022,SUPREMEIND,2091.15,2072.1,2120,2020,2030,2037.35,7.226268101,4.270556628,0,-53.8,52.29170911,2046.572717,2041.225513,2012.841141,1989.243002,1994.030587,1994.469708,25,0,28.40706034
10/31/2022,SUPREMEIND,2037.35,2035.5,2190,1952.2,2165,2170.3,16.69802093,6.756049488,132.95,0,64.21920066,2069.068586,2053.518321,2019.015998,1991.044564,1995.435124,1995.638016,0,70,29.34911131
11/1/2022,SUPREMEIND,2170.3,2160,2275,2050,2262.55,2263.35,31.35141108,11.67512181,93.05,0,72.71768605,2104.39248,2073.502291,2028.597723,1993.754071,1997.569904,1997.416833,0,85,29.81321339
11/2/2022,SUPREMEIND,2263.35,2241.25,2345,2238.9,2262,2284.25,44.14194284,18.16848601,20.9,0,71.00312225,2137.093847,2093.573501,2038.623303,1996.644578,1999.854208,1999.322701,0,70,31.11584097
11/3/2022,SUPREMEIND,2284.25,2263.5,2275.65,2186.45,2200,2200.75,46.99900399,23.93458961,0,-83.5,67.01677497,2148.667693,2103.780787,2044.981213,1998.675478,2001.454971,2000.661089,52.45,0,31.5444483
11/4/2022,SUPREMEIND,2200.75,2211.8,2245,2191,2240,2238.8,51.73716866,29.49510542,38.05,0,72.54237288,2165.055385,2116.639759,2052.581949,2001.064777,2003.346167,2002.243407,0,0,32.1225494
11/7/2022,SUPREMEIND,2238.8,2243.6,2374.9,2240,2350,2358.6,64.41650373,36.47938508,119.8,0,74.97425335,2200.245315,2139.683592,2064.582657,2004.622341,2006.176874,2004.611225,0,129.9,33.80637505
11/9/2022,SUPREMEIND,2358.6,2358.6,2429,2346.05,2428.2,2400.8,76.98274626,44.58005732,42.2,0,75.4908553,2236.709803,2164.551821,2077.767651,2008.564407,2009.321282,2007.243708,0,54.1,36.92049049
11/10/2022,SUPREMEIND,2400.8,2413.4,2450,2405.05,2445,2447.4,89.66817564,53.59768098,46.6,0,76.62262699,2275.017112,2191.489743,2092.263037,2012.93093,2012.811949,2010.168335,0,21,38.18255491
11/11/2022,SUPREMEIND,2447.4,2430,2480,2372,2401,2420.7,96.45512828,62.16917044,0,-26.7,73.24412574,2301.50491,2213.319291,2105.142918,2016.988334,2016.062053,2012.89612,33.05,0,40.17614797
11/14/2022,SUPREMEIND,2420.7,2382,2457.55,2382,2419.2,2420.55,100.6613718,69.86761071,0,-0.15,72.00803213,2323.149472,2233.055549,2117.511823,2021.003873,2019.285064,2015.604784,0,0,42.63750289
11/15/2022,SUPREMEIND,2420.55,2411.1,2429.8,2372.3,2418.3,2415.35,102.3949087,76.37307031,0,-5.2,75.45766992,2339.913204,2250.416925,2129.191752,2024.927715,2022.44096,2018.260898,9.7,0,44.91962848
11/16/2022,SUPREMEIND,2415.35,2396.5,2438.85,2355.55,2365,2369.3,98.91269512,80.88099527,0,-46.05,71.40581442,2345.256258,2261.739123,2138.607762,2028.354305,2025.204777,2020.593384,16.75,0,47.19501903
11/17/2022,SUPREMEIND,2369.3,2356.5,2398.95,2261.55,2279,2275.65,87.58659962,82.22211614,0,-93.65,61.49389484,2332.600575,2263.063968,2143.981967,2030.814959,2027.200357,2022.288112,94,0,49.00731837
11/18/2022,SUPREMEIND,2275.65,2287.05,2300,2244.25,2297,2289.4,78.81160629,81.54001417,13.75,0,66.52678513,2324.745925,2265.572162,2149.684635,2033.387944,2029.289597,2024.062942,17.3,0,50.80149951
11/21/2022,SUPREMEIND,2289.4,2289.4,2369,2255,2275.7,2282.5,70.4880462,79.32962058,0,-6.9,58.81382561,2317.064847,2267.184337,2154.893081,2035.866671,2031.30721,2025.780132,0,69,51.78549612
11/22/2022,SUPREMEIND,2282.5,2280,2285,2246.6,2250.05,2257.6,61.17713107,75.69912268,0,-24.9,49.49414973,2306.253057,2266.271543,2158.920803,2038.072973,2033.11034,2027.320463,8.4,0,49.66847628
11/23/2022,SUPREMEIND,2257.6,2268.9,2312,2232.05,2305.3,2304.85,56.95431003,71.95016015,47.25,0,51.7319657,2305.997956,2269.945682,2164.643517,2040.727471,2035.275596,2029.164513,0,27,46.65033224
11/24/2022,SUPREMEIND,2304.85,2314.95,2317,2272.4,2278,2278.1,50.86287691,67.7327035,0,-26.75,57.18932986,2300.9256,2270.722283,2169.09279,2043.089386,2037.210452,2030.81857,0,5,45.65344278
11/25/2022,SUPREMEIND,2278.1,2278.15,2347.9,2278.15,2334.45,2343.25,50.70790365,64.32774353,65.15,0,59.24254491,2308.620946,2277.629685,2175.922485,2046.076059,2039.649014,2032.894526,0,30.9,44.27175812
11/28/2022,SUPREMEIND,2343.25,2350,2415,2339.85,2411,2406.2,55.03027042,62.46824891,62.95,0,54.68319559,2326.362592,2289.874477,2184.952976,2049.659382,2042.569739,2035.374961,0,67.1,41.01626118
11/29/2022,SUPREMEIND,2406.2,2399.95,2399.95,2350,2350.05,2371.15,54.99360313,60.97331975,0,-35.05,47.04121345,2334.505757,2297.615003,2192.25482,2052.858294,2045.187908,2037.606024,0,0,36.9568826
11/30/2022,SUPREMEIND,2371.15,2349.6,2458.8,2349.6,2445,2435.2,59.44756918,60.66816964,64.05,0,48.82352941,2352.813801,2310.718336,2201.782082,2056.662689,2048.295574,2040.247845,0,58.85,33.06597715
12/1/2022,SUPREMEIND,2435.2,2447.95,2471.95,2410.45,2439,2431.15,61.93660162,60.92185603,0,-4.05,51.05374609,2367.056746,2322.188018,2210.776902,2060.388931,2051.346207,2042.845201,0,13.15,30.84536969
12/2/2022,SUPREMEIND,2431.15,2465,2531.95,2438.05,2498,2508.1,69.31932958,62.60135074,76.95,0,57.64428534,2392.700974,2339.893921,2222.436631,2064.843767,2054.98568,2045.936595,0,60,29.39353327
12/5/2022,SUPREMEIND,2508.1,2508.1,2568.45,2460.05,2493,2488.4,72.74204431,64.62948946,0,-19.7,56.22072724,2410.100797,2354.037357,2232.866567,2069.058257,2058.43918,2048.876551,0,36.5,28.59388667
12/6/2022,SUPREMEIND,2488.4,2500,2500,2454.1,2457.1,2464.55,72.69212515,66.24201659,0,-23.85,58.42994955,2420.000652,2364.562371,2241.952192,2072.993498,2061.675123,2051.638501,5.95,0,28.23194389
12/7/2022,SUPREMEIND,2464.55,2454.35,2459.2,2386.35,2440.2,2445.5,70.30495629,67.05460453,0,-19.05,67.31926175,2424.636897,2372.270717,2249.934459,2076.700031,2064.733489,2054.255521,67.75,0,30.1823401
12/8/2022,SUPREMEIND,2445.5,2423.3,2458,2392,2400,2403.5,64.28304386,66.5002924,0,-42,61.00077131,2420.793825,2375.244934,2255.956637,2079.951772,2067.432823,2056.576083,0,0,32.45585457
12/9/2022,SUPREMEIND,2403.5,2416.2,2445,2398.25,2414.05,2420.95,60.22447379,65.24512868,17.45,0,63.0823018,2420.82222,2379.597797,2262.426965,2083.344789,2070.249693,2058.997172,0,0,34.26392172
12/12/2022,SUPREMEIND,2420.95,2405.5,2567.4,2405.5,2506,2536.3,65.56007305,65.30811755,115.35,0,72.49031633,2441.81818,2394.521817,2273.167084,2087.851806,2073.963241,2062.168619,0,122.4,37.88399831
12/13/2022,SUPREMEIND,2536.3,2536,2557.8,2504.4,2519,2515.2,67.31007163,65.70850837,0,-21.1,67.72263881,2455.160329,2406.014977,2282.658571,2092.104027,2077.479072,2065.178794,0,0,41.84525005
12/14/2022,SUPREMEIND,2515.2,2528.4,2607.65,2516.3,2569.9,2565.9,71.95853124,66.95851294,50.7,0,73.30741821,2475.294815,2421.242122,2293.766078,2096.818414,2081.370872,2068.505846,0,49.85,45.06686898
12/15/2022,SUPREMEIND,2565.9,2570,2581.85,2491.45,2495.45,2506,70.00209895,67.56723014,0,-59.9,63.29331046,2480.877576,2429.314301,2302.088977,2100.889873,2084.754371,2071.412783,24.85,0,47.24701936
12/16/2022,SUPREMEIND,2506,2481.5,2549.9,2470.25,2536,2507.3,67.77524062,67.60883224,1.3,0,59.18256131,2485.681653,2436.74151,2310.136468,2104.933755,2088.121269,2074.309044,21.2,0,49.17958728
12/19/2022,SUPREMEIND,2507.3,2507.3,2593,2495.05,2546,2559.7,69.43824061,67.97471391,52.4,0,66.60209562,2499.139534,2448.451843,2319.923273,2109.458792,2091.878868,2077.534233,0,43.1,52.19544255
12/20/2022,SUPREMEIND,2559.7,2544,2544,2489,2500,2503.2,65.44271934,67.468315,0,-56.5,56.06817776,2499.877801,2453.665953,2327.110596,2113.376615,2095.156328,2080.362577,6.05,0,54.06633236
12/21/2022,SUPREMEIND,2503.2,2482,2527.9,2406.05,2427.95,2427.3,55.51183835,65.07701967,0,-75.9,49.69548367,2486.681837,2451.15491,2331.039592,2116.500231,2097.802891,2082.667809,82.95,0,53.34310309
12/22/2022,SUPREMEIND,2427.3,2427.3,2468.25,2327.8,2367.35,2366.95,42.28437504,60.51849074,0,-60.35,38.53464381,2464.912412,2443.135395,2332.447843,2118.992268,2099.947489,2084.556727,78.25,0,51.04186831
12/23/2022,SUPREMEIND,2366.95,2366.95,2371.75,2278.6,2320,2319.3,27.63796503,53.9423856,0,-47.65,36.86091686,2438.437428,2431.341547,2331.932242,2120.98538,2101.695318,2086.116483,49.2,0,49.33209515
