2020-07-21,BAJFINANCE,3247.276611328125,0.0,NO_SIGNAL
2020-07-22,BAJFINANCE,3208.367919921875,0.0,NO_SIGNAL
2020-07-23,BAJFINANCE,3252.553466796875,0.0,NO_SIGNAL
2020-07-24,BAJFINANCE,3207.23388671875,0.0,NO_SIGNAL
2020-07-27,BAJFINANCE,3127.640625,0.0,NO_SIGNAL
2020-07-28,BAJFINANCE,3195.152099609375,0.0,NO_SIGNAL
2020-07-29,BAJFINANCE,3239.189208984375,0.0,NO_SIGNAL
2020-07-30,BAJFINANCE,3174.14404296875,0.0,NO_SIGNAL
2020-07-31,BAJFINANCE,3206.69140625,0.0,NO_SIGNAL
2020-08-03,BAJFINANCE,3130.945068359375,0.0,NO_SIGNAL
2020-08-04,BAJFINANCE,3191.20654296875,0.0,NO_SIGNAL
2020-08-05,BAJFINANCE,3217.392333984375,0.0,NO_SIGNAL
2020-08-06,BAJFINANCE,3299.302734375,0.0,NO_SIGNAL
2020-08-07,BAJFINANCE,3416.7685546875,0.0,NO_SIGNAL
2020-08-10,BAJFINANCE,3395.711669921875,59.27980223927752,NO_SIGNAL
2020-08-11,BAJFINANCE,3409.96337890625,60.046525104424376,NO_SIGNAL
2020-08-12,BAJFINANCE,3371.350830078125,56.91946960506124,NO_SIGNAL
2020-08-13,BAJFINANCE,3372.731201171875,57.00567033840738,NO_SIGNAL
2020-08-14,BAJFINANCE,3285.396240234375,50.16626082220434,NO_SIGNAL
2020-08-17,BAJFINANCE,3338.35986328125,53.7873224980157,NO_SIGNAL
2020-08-18,BAJFINANCE,3372.97802734375,56.03596798633569,NO_SIGNAL
2020-08-19,BAJFINANCE,3363.164306640625,55.2157353119078,NO_SIGNAL
2020-08-20,BAJFINANCE,3347.236083984375,53.83827334086898,NO_SIGNAL
2020-08-21,BAJFINANCE,3342.7978515625,53.43823988879508,NO_SIGNAL
2020-08-24,BAJFINANCE,3444.137939453125,60.63127884895694,NO_SIGNAL
2020-08-25,BAJFINANCE,3592.918212890625,68.35943677780469,NO_SIGNAL
2020-08-26,BAJFINANCE,3595.5322265625,68.47652305011036,NO_SIGNAL
2020-08-27,BAJFINANCE,3582.6611328125,67.15870226922142,NO_SIGNAL
2020-08-28,BAJFINANCE,3620.435546875,69.04173647904575,NO_SIGNAL
2020-08-31,BAJFINANCE,3439.946533203125,53.31258319374757,NO_SIGNAL
2020-09-01,BAJFINANCE,3593.855224609375,61.39027692968506,NO_SIGNAL
2020-09-02,BAJFINANCE,3618.315185546875,62.5006988060055,NO_SIGNAL
2020-09-03,BAJFINANCE,3570.03662109375,58.89997581866094,NO_SIGNAL
2020-09-04,BAJFINANCE,3547.450927734375,57.238638220339645,NO_SIGNAL
2020-09-07,BAJFINANCE,3457.05810546875,51.03436780143208,NO_SIGNAL
2020-09-08,BAJFINANCE,3451.978759765625,50.701797631240375,NO_SIGNAL
2020-09-09,BAJFINANCE,3375.8876953125,45.87853745788121,NO_SIGNAL
2020-09-10,BAJFINANCE,3450.69677734375,50.83092600089197,NO_SIGNAL
2020-09-11,BAJFINANCE,3495.76953125,53.58663104339141,NO_SIGNAL
2020-09-14,BAJFINANCE,3393.49267578125,47.13156723738754,NO_SIGNAL
2020-09-15,BAJFINANCE,3465.195068359375,51.53892302458532,NO_SIGNAL
2020-09-16,BAJFINANCE,3473.18408203125,52.01887337799336,NO_SIGNAL
2020-09-17,BAJFINANCE,3424.31396484375,48.83284127406047,NO_SIGNAL
2020-09-18,BAJFINANCE,3427.124755859375,49.026218762776494,NO_SIGNAL
2020-09-21,BAJFINANCE,3284.45947265625,40.63236906333647,NO_SIGNAL
2020-09-22,BAJFINANCE,3257.681884765625,39.27321986722486,NO_SIGNAL
2020-09-23,BAJFINANCE,3199.343505859375,36.41532184715236,NO_SIGNAL
2020-09-24,BAJFINANCE,2987.342529296875,28.34349541893889,NO_SIGNAL
2020-09-25,BAJFINANCE,3095.882568359375,36.14725737348445,NO_SIGNAL
2020-09-28,BAJFINANCE,3289.390869140625,47.18961979928255,NO_SIGNAL
2020-09-29,BAJFINANCE,3249.545166015625,45.44680060251208,NO_SIGNAL
2020-09-30,BAJFINANCE,3233.61669921875,44.7355287950693,NO_SIGNAL
2020-10-01,BAJFINANCE,3395.563720703125,52.820353951792086,NO_SIGNAL
2020-10-05,BAJFINANCE,3336.485595703125,49.94960575952102,NO_SIGNAL
2020-10-06,BAJFINANCE,3426.631591796875,54.05310522060282,NO_SIGNAL
2020-10-07,BAJFINANCE,3285.445556640625,47.48641876948549,NO_SIGNAL
2020-10-08,BAJFINANCE,3280.81005859375,47.28331271429681,NO_SIGNAL
2020-10-09,BAJFINANCE,3272.37744140625,46.89040720048383,NO_SIGNAL
2020-10-12,BAJFINANCE,3281.5498046875,47.40238347650981,NO_SIGNAL
2020-10-13,BAJFINANCE,3227.698974609375,44.67919297362717,NO_SIGNAL
2020-10-14,BAJFINANCE,3325.78466796875,50.28181191445055,NO_SIGNAL
2020-10-15,BAJFINANCE,3170.642578125,42.883953011620434,NO_SIGNAL
2020-10-16,BAJFINANCE,3187.01513671875,43.82329340638257,NO_SIGNAL
2020-10-19,BAJFINANCE,3222.373046875,45.8928358929985,NO_SIGNAL
2020-10-20,BAJFINANCE,3217.392333984375,45.6377818551606,NO_SIGNAL
2020-10-21,BAJFINANCE,3188.49462890625,44.10618886187559,NO_SIGNAL
2020-10-22,BAJFINANCE,3268.974853515625,49.217618802983694,NO_SIGNAL
2020-10-23,BAJFINANCE,3271.39111328125,49.367328062231934,NO_SIGNAL
2020-10-26,BAJFINANCE,3248.706787109375,47.93847759079067,NO_SIGNAL
2020-10-27,BAJFINANCE,3405.87060546875,57.184580721006505,NO_SIGNAL
2020-10-28,BAJFINANCE,3324.5517578125,52.03511991856343,NO_SIGNAL
2020-10-29,BAJFINANCE,3333.6748046875,52.5513461690005,NO_SIGNAL
2020-10-30,BAJFINANCE,3263.599609375,48.25528277985276,NO_SIGNAL
2020-11-02,BAJFINANCE,3372.87939453125,54.5018418382958,NO_SIGNAL
2020-11-03,BAJFINANCE,3442.9052734375,58.000655131010745,NO_SIGNAL
2020-11-04,BAJFINANCE,3512.585693359375,61.19819354746714,NO_SIGNAL
2020-11-05,BAJFINANCE,3685.628662109375,67.76216902969023,NO_SIGNAL
2020-11-06,BAJFINANCE,3728.877197265625,69.16609950094626,NO_SIGNAL
2020-11-09,BAJFINANCE,3811.970947265625,71.71481010101425,NO_SIGNAL
2020-11-10,BAJFINANCE,4150.80712890625,79.2477353673067,NO_SIGNAL
2020-11-11,BAJFINANCE,4210.23046875,80.24155873055815,NO_SIGNAL
2020-11-12,BAJFINANCE,4239.32568359375,80.72820682358152,NO_SIGNAL
2020-11-13,BAJFINANCE,4316.00927734375,81.98743241548615,NO_SIGNAL
2020-11-14,BAJFINANCE,4314.7763671875,81.8947811623161,NO_SIGNAL
2020-11-17,BAJFINANCE,4426.42333984375,83.69201475114524,NO_SIGNAL
2020-11-18,BAJFINANCE,4589.89892578125,85.89918396228525,NO_SIGNAL
2020-11-19,BAJFINANCE,4474.306640625,77.87343985681613,NO_SIGNAL
2020-11-20,BAJFINANCE,4651.1474609375,80.8251081390928,NO_SIGNAL
2020-11-23,BAJFINANCE,4745.435546875,82.18935299369137,NO_SIGNAL
2020-11-24,BAJFINANCE,4744.646484375,82.13668632523824,NO_SIGNAL
2020-11-25,BAJFINANCE,4625.4052734375,74.38000182525319,NO_SIGNAL
2020-11-26,BAJFINANCE,4755.10107421875,76.93175003299395,NO_SIGNAL
2020-11-27,BAJFINANCE,4841.44970703125,78.46930617715607,NO_SIGNAL
2020-12-01,BAJFINANCE,4794.404296875,75.51604374648842,NO_SIGNAL
2020-12-02,BAJFINANCE,4757.71435546875,73.20216500428242,NO_SIGNAL
2020-12-03,BAJFINANCE,4800.6669921875,74.19887210533135,NO_SIGNAL
2020-12-04,BAJFINANCE,4808.458984375,74.38499749047017,NO_SIGNAL
2020-12-07,BAJFINANCE,4763.18896484375,71.17261891055783,NO_SIGNAL
2020-12-08,BAJFINANCE,4726.400390625,68.58064921955396,NO_SIGNAL
2020-12-09,BAJFINANCE,4777.6865234375,70.20944717012404,NO_SIGNAL
2020-12-10,BAJFINANCE,4729.01416015625,66.67670995011225,NO_SIGNAL
2020-12-11,BAJFINANCE,4777.39111328125,68.3797387636044,NO_SIGNAL
2020-12-14,BAJFINANCE,4831.43896484375,70.21141457067522,NO_SIGNAL
2020-12-15,BAJFINANCE,5052.2177734375,76.26081790150604,STRONG_SELL
2020-12-16,BAJFINANCE,5075.98681640625,76.80690308979099,SELL
2020-12-17,BAJFINANCE,5214.1650390625,79.72657681155486,STRONG_SELL
2020-12-18,BAJFINANCE,5180.4345703125,77.17266137135049,STRONG_SELL
2020-12-21,BAJFINANCE,4972.6748046875,63.64837212748957,NO_SIGNAL
2020-12-22,BAJFINANCE,4942.642578125,61.95808786721827,NO_SIGNAL
2020-12-23,BAJFINANCE,5019.0791015625,64.53926748460519,NO_SIGNAL
2020-12-24,BAJFINANCE,5113.76171875,67.48251539141435,NO_SIGNAL
2020-12-28,BAJFINANCE,5132.69873046875,68.0536342202885,NO_SIGNAL
2020-12-29,BAJFINANCE,5129.1474609375,67.8130982711234,NO_SIGNAL
2020-12-30,BAJFINANCE,5260.96337890625,71.79767737685972,NO_SIGNAL
2020-12-31,BAJFINANCE,5222.548828125,69.11250305593556,NO_SIGNAL
2021-01-01,BAJFINANCE,5207.70458984375,68.05335068053022,NO_SIGNAL
2021-01-04,BAJFINANCE,5144.6328125,63.59392156470175,NO_SIGNAL
2021-01-05,BAJFINANCE,5048.765625,57.4334461564568,NO_SIGNAL
2021-01-06,BAJFINANCE,4961.28271484375,52.4410617716216,NO_SIGNAL
2021-01-07,BAJFINANCE,5011.287109375,54.85656370476234,NO_SIGNAL
2021-01-08,BAJFINANCE,5012.27392578125,54.90523962761631,NO_SIGNAL
2021-01-11,BAJFINANCE,4915.8642578125,49.3111014139051,NO_SIGNAL
2021-01-12,BAJFINANCE,4973.02001953125,52.40699912629656,NO_SIGNAL
2021-01-13,BAJFINANCE,4835.630859375,45.252297636272914,NO_SIGNAL
2021-01-14,BAJFINANCE,4810.43115234375,44.06403032434678,NO_SIGNAL
2021-01-15,BAJFINANCE,4816.59619140625,44.44835253404887,NO_SIGNAL
2021-01-18,BAJFINANCE,4655.0927734375,37.23153364834111,BUY
2021-01-19,BAJFINANCE,4891.10888671875,50.00623138665723,NO_SIGNAL
2021-01-20,BAJFINANCE,4913.59619140625,51.02888727058078,NO_SIGNAL
2021-01-21,BAJFINANCE,5048.07568359375,56.7293534064832,NO_SIGNAL
2021-01-22,BAJFINANCE,4904.3251953125,50.02583650556341,NO_SIGNAL
2021-01-25,BAJFINANCE,4841.3515625,47.38426065208123,NO_SIGNAL
2021-01-27,BAJFINANCE,4778.525390625,44.84033669344453,NO_SIGNAL
2021-01-28,BAJFINANCE,4744.251953125,43.46928367107608,NO_SIGNAL
2021-01-29,BAJFINANCE,4669.59033203125,40.55986438288877,NO_SIGNAL
2021-02-01,BAJFINANCE,4989.19482421875,54.575532817597086,NO_SIGNAL
2021-02-02,BAJFINANCE,5102.22265625,58.31864669935811,NO_SIGNAL
2021-02-03,BAJFINANCE,5173.13525390625,60.51689707019553,NO_SIGNAL
2021-02-04,BAJFINANCE,5429.32177734375,67.23906298822799,NO_SIGNAL
2021-02-05,BAJFINANCE,5462.5595703125,68.00027353880006,STRONG_BUY
2021-02-08,BAJFINANCE,5422.27001953125,65.99844392071805,STRONG_BUY
2021-02-09,BAJFINANCE,5326.20654296875,61.36019809962852,STRONG_BUY
2021-02-10,BAJFINANCE,5400.76904296875,63.50412834500546,STRONG_BUY
2021-02-11,BAJFINANCE,5490.66845703125,65.95673577172828,STRONG_BUY
2021-02-12,BAJFINANCE,5500.92578125,66.23554423813972,STRONG_BUY
2021-02-15,BAJFINANCE,5700.548828125,71.18205589524797,NO_SIGNAL
2021-02-16,BAJFINANCE,5681.2177734375,70.11089588082632,NO_SIGNAL
2021-02-17,BAJFINANCE,5626.873046875,67.05592197402477,STRONG_BUY
2021-02-18,BAJFINANCE,5487.01904296875,59.8307436662346,STRONG_BUY
2021-02-19,BAJFINANCE,5422.5166015625,56.79139914718108,STRONG_BUY
2021-02-22,BAJFINANCE,5303.078125,51.56761348173271,NO_SIGNAL
2021-02-23,BAJFINANCE,5309.833984375,51.83747011731214,NO_SIGNAL
2021-02-24,BAJFINANCE,5486.5751953125,58.37213444649863,NO_SIGNAL
2021-02-25,BAJFINANCE,5454.07763671875,56.844908969644415,NO_SIGNAL
2021-02-26,BAJFINANCE,5192.66357421875,46.34149425103192,NO_SIGNAL
2021-03-01,BAJFINANCE,5194.5380859375,46.41794859600132,NO_SIGNAL
2021-03-02,BAJFINANCE,5243.3583984375,48.47697551623834,NO_SIGNAL
2021-03-03,BAJFINANCE,5466.85009765625,56.6832188529102,NO_SIGNAL
2021-03-04,BAJFINANCE,5410.6318359375,54.33870385257904,NO_SIGNAL
2021-03-05,BAJFINANCE,5370.1943359375,52.651751175103,NO_SIGNAL
2021-03-08,BAJFINANCE,5247.64892578125,47.8079006456652,NO_SIGNAL
2021-03-09,BAJFINANCE,5340.75390625,51.46153042918456,NO_SIGNAL
2021-03-10,BAJFINANCE,5468.9697265625,56.02675050088002,NO_SIGNAL
2021-03-12,BAJFINANCE,5481.5947265625,56.460989325622414,NO_SIGNAL
2021-03-15,BAJFINANCE,5364.42529296875,51.3890047460532,NO_SIGNAL
2021-03-16,BAJFINANCE,5381.09326171875,52.04890905403463,NO_SIGNAL
2021-03-17,BAJFINANCE,5286.26123046875,48.05207891884341,NO_SIGNAL
2021-03-18,BAJFINANCE,5298.14697265625,48.58498413398119,NO_SIGNAL
2021-03-19,BAJFINANCE,5378.4296875,52.15521907801904,NO_SIGNAL
2021-03-22,BAJFINANCE,5315.40673828125,49.26326514135931,NO_SIGNAL
2021-03-23,BAJFINANCE,5305.00146484375,48.7823200389869,NO_SIGNAL
2021-03-24,BAJFINANCE,5197.98974609375,44.02231200037144,NO_SIGNAL
2021-03-25,BAJFINANCE,5051.921875,38.50007708438149,BUY
2021-03-26,BAJFINANCE,5111.9365234375,41.73410456141871,NO_SIGNAL
2021-03-30,BAJFINANCE,5122.29296875,42.29799942410112,NO_SIGNAL
2021-03-31,BAJFINANCE,5079.19287109375,40.53960830200416,NO_SIGNAL
2021-04-01,BAJFINANCE,5199.814453125,47.16008437470685,NO_SIGNAL
2021-04-05,BAJFINANCE,4894.41259765625,36.176980234920585,BUY
2021-04-06,BAJFINANCE,4924.59326171875,37.72058758539796,BUY
2021-04-07,BAJFINANCE,5007.44091796875,41.87633013870668,NO_SIGNAL
2021-04-08,BAJFINANCE,4960.494140625,40.23782115481404,NO_SIGNAL
2021-04-09,BAJFINANCE,4805.4501953125,35.32236630905819,BUY
2021-04-12,BAJFINANCE,4449.10791015625,27.121783291317364,STRONG_BUY
2021-04-13,BAJFINANCE,4663.8701171875,36.66536493144271,BUY
2021-04-15,BAJFINANCE,4596.359375,35.10893004128568,BUY
2021-04-16,BAJFINANCE,4553.2587890625,34.11330966209981,BUY
2021-04-19,BAJFINANCE,4418.138671875,31.13264120287198,STRONG_BUY
2021-04-20,BAJFINANCE,4550.349609375,36.93874113580996,BUY
2021-04-22,BAJFINANCE,4624.3701171875,39.98923129260323,BUY
2021-04-23,BAJFINANCE,4603.75634765625,39.41737782183322,BUY
2021-04-26,BAJFINANCE,4671.5634765625,42.33837543831304,NO_SIGNAL
2021-04-27,BAJFINANCE,4798.2998046875,47.43936234735198,NO_SIGNAL
2021-04-28,BAJFINANCE,5208.44482421875,59.82556361674807,NO_SIGNAL
2021-04-29,BAJFINANCE,5409.59619140625,64.27240392012176,NO_SIGNAL
2021-04-30,BAJFINANCE,5377.09814453125,63.05800623403719,NO_SIGNAL
2021-05-03,BAJFINANCE,5474.986328125,65.19144450205276,NO_SIGNAL
2021-05-04,BAJFINANCE,5538.7001953125,66.54569840955986,NO_SIGNAL
2021-05-05,BAJFINANCE,5439.47998046875,62.46969655265937,NO_SIGNAL
2021-05-06,BAJFINANCE,5452.94287109375,62.80262394479602,STRONG_BUY
2021-05-07,BAJFINANCE,5418.42333984375,61.3010503436694,STRONG_BUY
2021-05-10,BAJFINANCE,5422.0732421875,61.40612265500975,STRONG_BUY
2021-05-11,BAJFINANCE,5350.27197265625,58.06611516346233,STRONG_BUY
2021-05-12,BAJFINANCE,5284.880859375,55.125362397094335,STRONG_BUY
2021-05-14,BAJFINANCE,5257.21630859375,53.882080320892925,STRONG_BUY
2021-05-17,BAJFINANCE,5355.59765625,57.54883345889266,STRONG_BUY
2021-05-18,BAJFINANCE,5610.69873046875,65.26153886001337,STRONG_BUY
2021-05-19,BAJFINANCE,5553.9384765625,62.53893581152503,STRONG_BUY
2021-05-20,BAJFINANCE,5512.07080078125,60.532904375732976,STRONG_BUY
2021-05-21,BAJFINANCE,5554.48095703125,61.86722845281263,STRONG_BUY
2021-05-24,BAJFINANCE,5526.02685546875,60.39198018691061,STRONG_BUY
2021-05-25,BAJFINANCE,5541.560546875,60.93957073474915,STRONG_BUY
2021-05-26,BAJFINANCE,5691.9677734375,65.8611096798999,STRONG_BUY
2021-05-27,BAJFINANCE,5604.23876953125,61.03082905789623,STRONG_BUY
2021-05-28,BAJFINANCE,5533.76904296875,57.38981611081645,STRONG_BUY
2021-05-31,BAJFINANCE,5550.7333984375,58.03880941614202,NO_SIGNAL
2021-06-01,BAJFINANCE,5705.4306640625,63.49849394374074,STRONG_BUY
2021-06-02,BAJFINANCE,5728.95361328125,64.25999098731512,STRONG_BUY
2021-06-03,BAJFINANCE,5820.52978515625,67.13455723839984,STRONG_BUY
2021-06-04,BAJFINANCE,5911.21875,69.73096491596704,STRONG_BUY
2021-06-07,BAJFINANCE,5651.13623046875,56.05421072808466,STRONG_BUY
2021-06-08,BAJFINANCE,5676.43408203125,56.93891773526303,NO_SIGNAL
2021-06-09,BAJFINANCE,5596.64453125,53.29462957929546,NO_SIGNAL
2021-06-10,BAJFINANCE,6002.89306640625,65.42752479241081,STRONG_BUY
2021-06-11,BAJFINANCE,6036.03173828125,66.1988839507907,STRONG_BUY
2021-06-14,BAJFINANCE,6109.16455078125,67.90096413092193,STRONG_BUY
2021-06-15,BAJFINANCE,6076.6171875,66.3008308272257,STRONG_BUY
2021-06-16,BAJFINANCE,5998.15869140625,62.47857136006031,STRONG_BUY
2021-06-17,BAJFINANCE,5967.23828125,60.98638174709477,STRONG_BUY
2021-06-18,BAJFINANCE,6003.5341796875,62.12975499164767,STRONG_BUY
2021-06-21,BAJFINANCE,6032.0869140625,63.04722873948886,STRONG_BUY
2021-06-22,BAJFINANCE,5934.24755859375,57.87325738352585,NO_SIGNAL
2021-06-23,BAJFINANCE,5933.064453125,57.811474719847055,NO_SIGNAL
2021-06-24,BAJFINANCE,5960.6796875,58.91400979464344,NO_SIGNAL
2021-06-25,BAJFINANCE,5992.43798828125,60.202114812570926,NO_SIGNAL
2021-06-28,BAJFINANCE,5954.2197265625,57.85155708106401,NO_SIGNAL
2021-06-29,BAJFINANCE,5969.359375,58.54210835429732,NO_SIGNAL
2021-06-30,BAJFINANCE,5933.31103515625,56.18182366545759,NO_SIGNAL
2021-07-01,BAJFINANCE,5885.27880859375,53.10927656330286,NO_SIGNAL
2021-07-02,BAJFINANCE,5915.45947265625,54.78263405465727,NO_SIGNAL
2021-07-05,BAJFINANCE,5989.380859375,58.672764394855314,NO_SIGNAL
2021-07-06,BAJFINANCE,6117.30126953125,64.38318836628254,NO_SIGNAL
2021-07-07,BAJFINANCE,6113.55322265625,64.1036992223257,NO_SIGNAL
2021-07-08,BAJFINANCE,6043.61181640625,58.96012633221933,NO_SIGNAL
2021-07-09,BAJFINANCE,6061.73974609375,59.85914145055153,NO_SIGNAL
2021-07-12,BAJFINANCE,6074.97705078125,60.53891774033072,NO_SIGNAL
2021-07-13,BAJFINANCE,6079.6689453125,60.79236254221443,NO_SIGNAL
2021-07-14,BAJFINANCE,6059.5166015625,59.03843660872451,NO_SIGNAL
2021-07-15,BAJFINANCE,6055.36767578125,58.66318492225267,NO_SIGNAL
2021-07-16,BAJFINANCE,6051.169921875,58.25970486261094,NO_SIGNAL
2021-07-19,BAJFINANCE,5942.45361328125,48.88252083360253,NO_SIGNAL
2021-07-20,BAJFINANCE,5869.7958984375,43.80764117110653,NO_SIGNAL
2021-07-22,BAJFINANCE,6120.4189453125,59.44700395197032,NO_SIGNAL
2021-07-23,BAJFINANCE,6105.9462890625,58.43558494370068,NO_SIGNAL
2021-07-26,BAJFINANCE,6087.720703125,57.11766354552928,NO_SIGNAL
2021-07-27,BAJFINANCE,6155.88427734375,60.68863046254632,NO_SIGNAL
2021-07-28,BAJFINANCE,6186.0634765625,62.18988863165929,NO_SIGNAL
2021-07-29,BAJFINANCE,6322.48876953125,68.11728964185846,NO_SIGNAL
2021-07-30,BAJFINANCE,6152.57421875,56.28273528458359,NO_SIGNAL
2021-08-02,BAJFINANCE,6125.3095703125,54.64223240362727,STRONG_BUY
2021-08-03,BAJFINANCE,6255.11572265625,60.5394245009312,STRONG_BUY
2021-08-04,BAJFINANCE,6282.03515625,61.6529019641933,STRONG_BUY
2021-08-05,BAJFINANCE,6172.47998046875,54.86737104423898,STRONG_BUY
2021-08-06,BAJFINANCE,6148.81982421875,53.49795047611503,NO_SIGNAL
2021-08-09,BAJFINANCE,6118.04833984375,51.69097225836786,NO_SIGNAL
2021-08-10,BAJFINANCE,6095.2783203125,50.33611024928098,NO_SIGNAL
2021-08-11,BAJFINANCE,6093.005859375,50.1947081021367,NO_SIGNAL
2021-08-12,BAJFINANCE,6124.32080078125,52.187921668597866,NO_SIGNAL
2021-08-13,BAJFINANCE,6081.8916015625,49.30854521193095,NO_SIGNAL
2021-08-16,BAJFINANCE,6299.81640625,61.16130723787852,NO_SIGNAL
2021-08-17,BAJFINANCE,6332.36767578125,62.56916966945148,NO_SIGNAL
2021-08-18,BAJFINANCE,6464.74267578125,67.69728075432123,NO_SIGNAL
2021-08-20,BAJFINANCE,6580.32373046875,71.38371565453355,NO_SIGNAL
2021-08-23,BAJFINANCE,6670.3193359375,73.88297079608418,NO_SIGNAL
2021-08-24,BAJFINANCE,6895.45556640625,78.85759714629404,STRONG_SELL
2021-08-25,BAJFINANCE,6860.7314453125,76.43922289788966,STRONG_SELL
2021-08-26,BAJFINANCE,6847.88916015625,75.51682265383344,NO_SIGNAL
2021-08-27,BAJFINANCE,6882.119140625,76.33647851047017,STRONG_SELL
2021-08-30,BAJFINANCE,7078.60693359375,80.3940429163146,STRONG_SELL
2021-08-31,BAJFINANCE,7433.25341796875,85.29512649196246,STRONG_SELL
2021-09-01,BAJFINANCE,7428.4130859375,84.98287848423362,NO_SIGNAL
2021-09-02,BAJFINANCE,7407.51953125,83.56087615691158,NO_SIGNAL
2021-09-03,BAJFINANCE,7432.16650390625,83.90305122667259,NO_SIGNAL
2021-09-06,BAJFINANCE,7415.32373046875,82.63720766248316,NO_SIGNAL
2021-09-07,BAJFINANCE,7366.8681640625,78.94698490606581,STRONG_SELL
2021-09-08,BAJFINANCE,7372.69677734375,79.06807049620059,STRONG_SELL
2021-09-09,BAJFINANCE,7340.54150390625,76.45555511727265,STRONG_SELL
2021-09-13,BAJFINANCE,7355.2607421875,76.83290746851387,STRONG_SELL
2021-09-14,BAJFINANCE,7327.60009765625,74.41908904558115,NO_SIGNAL
2021-09-15,BAJFINANCE,7324.24169921875,74.11463907612948,NO_SIGNAL
2021-09-16,BAJFINANCE,7321.6240234375,73.86100062569234,NO_SIGNAL
2021-09-17,BAJFINANCE,7338.71337890625,74.47514280553668,NO_SIGNAL
2021-09-20,BAJFINANCE,7352.19873046875,74.97480750405607,NO_SIGNAL
2021-09-21,BAJFINANCE,7719.0947265625,84.0964735039448,NO_SIGNAL
2021-09-22,BAJFINANCE,7699.1396484375,82.33856932218345,NO_SIGNAL
2021-09-23,BAJFINANCE,7803.26123046875,84.19501984369411,NO_SIGNAL
2021-09-24,BAJFINANCE,7698.892578125,75.61515679525563,NO_SIGNAL
2021-09-27,BAJFINANCE,7700.91796875,75.66697870235247,STRONG_SELL
2021-09-28,BAJFINANCE,7451.8251953125,59.0470652655294,NO_SIGNAL
2021-09-29,BAJFINANCE,7424.26318359375,57.54103228977591,NO_SIGNAL
2021-09-30,BAJFINANCE,7575.11279296875,63.08984418676238,NO_SIGNAL
2021-10-01,BAJFINANCE,7431.5244140625,55.63651540839971,NO_SIGNAL
2021-10-04,BAJFINANCE,7601.7353515625,61.45036682950925,NO_SIGNAL
2021-10-05,BAJFINANCE,7630.5322265625,62.34935358895999,NO_SIGNAL
2021-10-06,BAJFINANCE,7641.34912109375,62.70121340114041,NO_SIGNAL
2021-10-07,BAJFINANCE,7653.9443359375,63.133249226345,NO_SIGNAL
2021-10-08,BAJFINANCE,7638.43505859375,62.17818243221538,NO_SIGNAL
2021-10-11,BAJFINANCE,7722.3056640625,65.24051165519738,NO_SIGNAL
2021-10-12,BAJFINANCE,7760.486328125,66.56758702494545,NO_SIGNAL
2021-10-13,BAJFINANCE,7833.14404296875,68.99361751275654,NO_SIGNAL
2021-10-14,BAJFINANCE,7767.5498046875,64.44688794361046,NO_SIGNAL
2021-10-18,BAJFINANCE,7770.16748046875,64.54729735022246,NO_SIGNAL
2021-10-19,BAJFINANCE,7645.44873046875,56.37763331181239,NO_SIGNAL
2021-10-20,BAJFINANCE,7667.23193359375,57.391993111166805,NO_SIGNAL
2021-10-21,BAJFINANCE,7643.47265625,55.86608899976749,NO_SIGNAL
2021-10-22,BAJFINANCE,7616.70166015625,54.12006490845567,NO_SIGNAL
2021-10-25,BAJFINANCE,7553.92236328125,50.160897537630056,NO_SIGNAL
2021-10-26,BAJFINANCE,7760.3876953125,60.41676148772546,NO_SIGNAL
2021-10-27,BAJFINANCE,7391.41650390625,43.277440585468575,NO_SIGNAL
2021-10-28,BAJFINANCE,7393.49169921875,43.37473717140436,NO_SIGNAL
2021-10-29,BAJFINANCE,7310.46142578125,40.389541010663024,NO_SIGNAL
2021-11-01,BAJFINANCE,7324.04443359375,41.10365660365925,NO_SIGNAL
2021-11-02,BAJFINANCE,7364.9423828125,43.30594326580887,NO_SIGNAL
2021-11-03,BAJFINANCE,7425.103515625,46.47645623259382,NO_SIGNAL
2021-11-04,BAJFINANCE,7433.84619140625,46.94082769411205,NO_SIGNAL
2021-11-08,BAJFINANCE,7580.5947265625,54.134073735146906,NO_SIGNAL
2021-11-09,BAJFINANCE,7485.61083984375,49.460158876599294,NO_SIGNAL
2021-11-10,BAJFINANCE,7489.51318359375,49.65248946384464,NO_SIGNAL
2021-11-11,BAJFINANCE,7362.32421875,43.80170506033252,NO_SIGNAL
2021-11-12,BAJFINANCE,7487.19140625,50.02740964856272,NO_SIGNAL
2021-11-15,BAJFINANCE,7442.88525390625,47.995671063434536,NO_SIGNAL
2021-11-16,BAJFINANCE,7464.07568359375,49.06120885266481,NO_SIGNAL
2021-11-17,BAJFINANCE,7515.39501953125,51.64522190362253,NO_SIGNAL
2021-11-18,BAJFINANCE,7394.18359375,45.74297118293104,NO_SIGNAL
2021-11-22,BAJFINANCE,6972.70654296875,32.03380392251229,STRONG_BUY
2021-11-23,BAJFINANCE,7028.02734375,34.79603446425036,BUY
2021-11-24,BAJFINANCE,7090.263671875,37.85593160585556,BUY
2021-11-25,BAJFINANCE,7039.38818359375,36.35405254876886,BUY
2021-11-26,BAJFINANCE,6724.50341796875,28.751086836079644,STRONG_BUY
2021-11-29,BAJFINANCE,6822.0068359375,33.39605786857896,BUY
2021-11-30,BAJFINANCE,6912.39697265625,37.46616390226848,BUY
2021-12-01,BAJFINANCE,6953.3447265625,39.2764882522647,BUY
2021-12-02,BAJFINANCE,7093.4248046875,45.12866972956819,NO_SIGNAL
2021-12-03,BAJFINANCE,6983.52392578125,41.73065265882948,NO_SIGNAL
2021-12-06,BAJFINANCE,6867.44921875,38.43863542447455,BUY
2021-12-07,BAJFINANCE,7017.0126953125,44.51262121066517,NO_SIGNAL
2021-12-08,BAJFINANCE,7272.22998046875,53.029159134424994,NO_SIGNAL
2021-12-09,BAJFINANCE,7350.07470703125,55.283603240813015,NO_SIGNAL
2021-12-10,BAJFINANCE,7362.126953125,55.63861254482866,NO_SIGNAL
2021-12-13,BAJFINANCE,7131.21142578125,47.80726244774065,NO_SIGNAL
2021-12-14,BAJFINANCE,6980.21484375,43.495965049876304,NO_SIGNAL
2021-12-15,BAJFINANCE,6764.21630859375,38.19034591406972,BUY
2021-12-16,BAJFINANCE,6943.6142578125,44.270613766152174,NO_SIGNAL
2021-12-17,BAJFINANCE,6817.4130859375,41.20020384850061,NO_SIGNAL
2021-12-20,BAJFINANCE,6553.7001953125,35.63800117121193,BUY
2021-12-21,BAJFINANCE,6497.7861328125,34.5722651334872,BUY
2021-12-22,BAJFINANCE,6689.0888671875,41.065898897601855,NO_SIGNAL
2021-12-23,BAJFINANCE,6833.861328125,45.47613652531172,NO_SIGNAL
2021-12-24,BAJFINANCE,6768.908203125,43.88922746403477,NO_SIGNAL
2021-12-27,BAJFINANCE,6807.18896484375,45.10503873480997,NO_SIGNAL
2021-12-28,BAJFINANCE,6822.89599609375,45.62564840209518,NO_SIGNAL
2021-12-29,BAJFINANCE,6827.83544921875,45.7997291109347,NO_SIGNAL
2021-12-30,BAJFINANCE,6787.77734375,44.55395573527645,NO_SIGNAL
2021-12-31,BAJFINANCE,6892.6884765625,48.504536639808535,NO_SIGNAL
2022-01-03,BAJFINANCE,7132.05078125,56.17664728990576,NO_SIGNAL
2022-01-04,BAJFINANCE,7253.9541015625,59.48707386696719,NO_SIGNAL
2022-01-05,BAJFINANCE,7577.779296875,66.68623456626605,NO_SIGNAL
2022-01-06,BAJFINANCE,7654.2900390625,68.12736308712672,NO_SIGNAL
2022-01-07,BAJFINANCE,7566.46826171875,64.66923402736998,NO_SIGNAL
2022-01-10,BAJFINANCE,7637.5458984375,66.16611387538659,STRONG_BUY
2022-01-11,BAJFINANCE,7576.8408203125,63.68444417823611,STRONG_BUY
2022-01-12,BAJFINANCE,7680.2216796875,66.0217178501682,STRONG_BUY
2022-01-13,BAJFINANCE,7713.6611328125,66.7667808464143,STRONG_BUY
2022-01-14,BAJFINANCE,7737.22216796875,67.31067872400484,STRONG_BUY
2022-01-17,BAJFINANCE,7757.375,67.79616719059962,STRONG_BUY
2022-01-18,BAJFINANCE,7650.09130859375,62.47664054061583,STRONG_BUY
2022-01-19,BAJFINANCE,7479.97998046875,55.09482984737001,STRONG_BUY
2022-01-20,BAJFINANCE,7438.93359375,53.45367637770049,STRONG_BUY
2022-01-21,BAJFINANCE,7284.33154296875,47.69128946541744,NO_SIGNAL
2022-01-24,BAJFINANCE,6847.69140625,35.91529974403726,BUY
2022-01-25,BAJFINANCE,6879.30322265625,37.12573551811866,BUY
2022-01-27,BAJFINANCE,6754.09033203125,34.3575578909964,BUY
2022-01-28,BAJFINANCE,6783.97412109375,35.59188643209246,BUY
2022-01-31,BAJFINANCE,6915.3603515625,40.85745112236388,NO_SIGNAL
2022-02-01,BAJFINANCE,6929.537109375,41.414008454693175,NO_SIGNAL
2022-02-02,BAJFINANCE,7159.5634765625,49.68721084503994,NO_SIGNAL
2022-02-03,BAJFINANCE,7024.421875,45.61195675278144,NO_SIGNAL
2022-02-04,BAJFINANCE,7071.5927734375,47.23861395186757,NO_SIGNAL
2022-02-07,BAJFINANCE,6846.55517578125,40.94677088171755,NO_SIGNAL
2022-02-08,BAJFINANCE,6969.44677734375,45.23644383165485,NO_SIGNAL
2022-02-09,BAJFINANCE,7031.041015625,47.302641862220376,NO_SIGNAL
2022-02-10,BAJFINANCE,7050.4521484375,47.96889433155868,NO_SIGNAL
2022-02-11,BAJFINANCE,6926.5732421875,44.1339915363519,NO_SIGNAL
2022-02-14,BAJFINANCE,6703.65966796875,38.21376509625824,BUY
2022-02-15,BAJFINANCE,7055.44091796875,49.68442506757816,NO_SIGNAL
2022-02-16,BAJFINANCE,6982.88232421875,47.71668472541414,NO_SIGNAL
2022-02-17,BAJFINANCE,6996.564453125,48.133824164633694,NO_SIGNAL
2022-02-18,BAJFINANCE,6944.8486328125,46.6197657033757,NO_SIGNAL
2022-02-21,BAJFINANCE,6921.38671875,45.914157530212215,NO_SIGNAL
2022-02-22,BAJFINANCE,6926.326171875,46.09912249056315,NO_SIGNAL
2022-02-23,BAJFINANCE,6959.12353515625,47.385753358529655,NO_SIGNAL
2022-02-24,BAJFINANCE,6547.42724609375,35.82538439714645,BUY
2022-02-25,BAJFINANCE,6884.884765625,47.19672366444786,NO_SIGNAL
2022-02-28,BAJFINANCE,6917.3857421875,48.149655791142045,NO_SIGNAL
2022-03-02,BAJFINANCE,6748.70654296875,43.73792431800086,NO_SIGNAL
2022-03-03,BAJFINANCE,6666.515625,41.73148201532913,NO_SIGNAL
2022-03-04,BAJFINANCE,6458.6171875,37.09587886521464,BUY
2022-03-07,BAJFINANCE,6050.72509765625,30.044340701901927,STRONG_BUY
2022-03-08,BAJFINANCE,6087.1279296875,31.29948245423984,STRONG_BUY
2022-03-09,BAJFINANCE,6394.0107421875,40.922553946031606,NO_SIGNAL
2022-03-10,BAJFINANCE,6505.04736328125,43.98010921690377,NO_SIGNAL
2022-03-11,BAJFINANCE,6547.625,45.15233361540095,NO_SIGNAL
2022-03-14,BAJFINANCE,6584.62109375,46.20566266867942,NO_SIGNAL
2022-03-15,BAJFINANCE,6585.70703125,46.23829984261311,NO_SIGNAL
2022-03-16,BAJFINANCE,6757.64697265625,51.27855761624792,NO_SIGNAL
2022-03-17,BAJFINANCE,6909.58154296875,55.26926849693732,NO_SIGNAL
2022-03-21,BAJFINANCE,6787.08544921875,51.59960038853429,NO_SIGNAL
2022-03-22,BAJFINANCE,6901.0859375,54.619428260757545,NO_SIGNAL
2022-03-23,BAJFINANCE,6919.85595703125,55.11598359393041,NO_SIGNAL
2022-03-24,BAJFINANCE,6912.693359375,54.86925625419954,NO_SIGNAL
2022-03-25,BAJFINANCE,6888.93505859375,54.00566441303884,NO_SIGNAL
2022-03-28,BAJFINANCE,6916.49658203125,54.892615417832246,NO_SIGNAL
2022-03-29,BAJFINANCE,6953.98681640625,56.13182418003949,NO_SIGNAL
2022-03-30,BAJFINANCE,7163.90966796875,62.36630058781412,NO_SIGNAL
2022-03-31,BAJFINANCE,7171.91162109375,62.58458461157295,STRONG_BUY
2022-04-01,BAJFINANCE,7318.265625,66.42084510540629,STRONG_BUY
2022-04-04,BAJFINANCE,7399.81396484375,68.3670662614994,STRONG_BUY
2022-04-05,BAJFINANCE,7298.85400390625,63.462943092655244,STRONG_BUY
2022-04-06,BAJFINANCE,7257.85693359375,61.532714124853214,STRONG_BUY
2022-04-07,BAJFINANCE,7201.794921875,58.89476827608501,STRONG_BUY
2022-04-08,BAJFINANCE,7277.2685546875,61.300130912481166,STRONG_BUY
2022-04-11,BAJFINANCE,7247.68115234375,59.82223993956472,STRONG_BUY
2022-04-12,BAJFINANCE,7186.28515625,56.76399782356296,STRONG_BUY
2022-04-13,BAJFINANCE,7239.58154296875,58.73606729962528,STRONG_BUY
2022-04-18,BAJFINANCE,7173.3935546875,55.35906376018027,NO_SIGNAL
2022-04-19,BAJFINANCE,7171.51611328125,55.26200713200953,NO_SIGNAL
2022-04-20,BAJFINANCE,6947.2197265625,45.0909438216226,NO_SIGNAL
2022-04-21,BAJFINANCE,7051.53955078125,49.72558368485015,NO_SIGNAL
2022-04-22,BAJFINANCE,7024.5205078125,48.5818269729935,NO_SIGNAL
2022-04-25,BAJFINANCE,6920.54736328125,44.35395331058029,NO_SIGNAL
2022-04-26,BAJFINANCE,7152.74658203125,53.984969836909,NO_SIGNAL
2022-04-27,BAJFINANCE,6632.6806640625,38.08557351869869,BUY
2022-04-28,BAJFINANCE,6646.06640625,38.58691934199784,BUY
2022-04-29,BAJFINANCE,6590.8935546875,37.248113833403856,BUY
2022-05-02,BAJFINANCE,6545.79736328125,36.14424947177916,BUY
2022-05-04,BAJFINANCE,6262.87060546875,30.11442300180563,STRONG_BUY
2022-05-05,BAJFINANCE,6232.93798828125,29.552705188935697,STRONG_BUY
2022-05-06,BAJFINANCE,5927.53662109375,24.526019907938853,STRONG_BUY
2022-05-09,BAJFINANCE,5963.7421875,26.13015411196335,STRONG_BUY
2022-05-10,BAJFINANCE,5856.55859375,24.47190820931013,STRONG_BUY
2022-05-11,BAJFINANCE,5736.58056640625,22.732832088239,STRONG_BUY
2022-05-12,BAJFINANCE,5525.5712890625,20.03604165284841,STRONG_BUY
2022-05-13,BAJFINANCE,5448.86279296875,19.146806534838667,STRONG_BUY
2022-05-16,BAJFINANCE,5576.94091796875,25.122294597807148,STRONG_BUY
2022-05-17,BAJFINANCE,5766.51318359375,33.01357586121894,BUY
2022-05-18,BAJFINANCE,5744.681640625,32.58764192353384,STRONG_BUY
2022-05-19,BAJFINANCE,5637.79345703125,30.51200953648196,STRONG_BUY
2022-05-20,BAJFINANCE,5699.63427734375,33.16438898373383,BUY
2022-05-23,BAJFINANCE,5723.73876953125,34.218382353184886,BUY
2022-05-24,BAJFINANCE,5728.48046875,34.437413930325846,BUY
2022-05-25,BAJFINANCE,5756.73291015625,35.80887607770126,BUY
2022-05-26,BAJFINANCE,5747.24951171875,35.540131642704225,BUY
2022-05-27,BAJFINANCE,5920.81982421875,43.84667603164808,NO_SIGNAL
2022-05-30,BAJFINANCE,6037.091796875,48.62290158682775,NO_SIGNAL
2022-05-31,BAJFINANCE,6008.39404296875,47.54792627775534,NO_SIGNAL
2022-06-01,BAJFINANCE,5937.267578125,44.89846768364145,NO_SIGNAL
2022-06-02,BAJFINANCE,5984.38916015625,47.005306275840674,NO_SIGNAL
2022-06-03,BAJFINANCE,5955.0986328125,45.83221857771546,NO_SIGNAL
2022-06-06,BAJFINANCE,5947.98583984375,45.53503355720871,NO_SIGNAL
2022-06-07,BAJFINANCE,5807.3125,40.00948600384438,NO_SIGNAL
2022-06-08,BAJFINANCE,5882.09423828125,43.90632107354628,NO_SIGNAL
2022-06-09,BAJFINANCE,5827.0205078125,41.75515865307842,NO_SIGNAL
2022-06-10,BAJFINANCE,5598.7724609375,34.26283249333611,BUY
2022-06-13,BAJFINANCE,5293.2724609375,27.22211100100592,STRONG_BUY
2022-06-14,BAJFINANCE,5310.560546875,28.1222483206067,STRONG_BUY
2022-06-15,BAJFINANCE,5418.4365234375,33.63784269751247,BUY
2022-06-16,BAJFINANCE,5219.82421875,29.19578596062245,STRONG_BUY
2022-06-17,BAJFINANCE,5353.8291015625,35.394799701190664,BUY
2022-06-20,BAJFINANCE,5404.11279296875,37.602410539701935,BUY
2022-06-21,BAJFINANCE,5481.85791015625,40.96149588933372,NO_SIGNAL
2022-06-22,BAJFINANCE,5373.63623046875,37.90270842217011,BUY
2022-06-23,BAJFINANCE,5382.08251953125,38.29002423050597,BUY
2022-06-24,BAJFINANCE,5519.98974609375,44.38902694014835,NO_SIGNAL
2022-06-27,BAJFINANCE,5572.79150390625,46.56654972577477,NO_SIGNAL
2022-06-28,BAJFINANCE,5508.62890625,44.29672623897411,NO_SIGNAL
2022-06-29,BAJFINANCE,5445.9482421875,42.13596252602635,NO_SIGNAL
2022-06-30,BAJFINANCE,5354.435546875,39.13453239996012,BUY
2022-07-01,BAJFINANCE,5566.51123046875,48.32163013017266,NO_SIGNAL
2022-07-04,BAJFINANCE,5582.275390625,48.93860109819378,NO_SIGNAL
2022-07-05,BAJFINANCE,5612.81298828125,50.17943397994154,NO_SIGNAL
2022-07-06,BAJFINANCE,5866.23291015625,59.06871324009586,NO_SIGNAL
2022-07-07,BAJFINANCE,5810.71044921875,56.68244581854923,NO_SIGNAL
2022-07-08,BAJFINANCE,5823.10400390625,57.09906591362321,NO_SIGNAL
2022-07-11,BAJFINANCE,5811.50341796875,56.55080935847868,NO_SIGNAL
2022-07-12,BAJFINANCE,5823.45068359375,57.0086446259044,NO_SIGNAL
2022-07-13,BAJFINANCE,5828.75537109375,57.224171757237485,NO_SIGNAL
2022-07-14,BAJFINANCE,5781.11474609375,54.57786792075139,NO_SIGNAL
2022-07-15,BAJFINANCE,5864.74560546875,58.22962869420149,NO_SIGNAL
2022-07-18,BAJFINANCE,6008.11181640625,63.62804507523983,STRONG_BUY
2022-07-19,BAJFINANCE,6014.20947265625,63.84208864844596,STRONG_BUY
2022-07-20,BAJFINANCE,6022.58740234375,64.15421618607752,STRONG_BUY
2022-07-21,BAJFINANCE,6213.44580078125,70.41893762859218,NO_SIGNAL
2022-07-22,BAJFINANCE,6204.869140625,69.82834632048987,STRONG_BUY
2022-07-25,BAJFINANCE,6173.88623046875,67.62199704782493,STRONG_BUY
2022-07-26,BAJFINANCE,6211.0166015625,68.8906005317628,STRONG_BUY
2022-07-27,BAJFINANCE,6341.79150390625,72.91567287187436,NO_SIGNAL
2022-07-28,BAJFINANCE,7016.2392578125,84.24052287160988,NO_SIGNAL
2022-07-29,BAJFINANCE,7147.60888671875,85.51131555421698,STRONG_SELL
2022-08-01,BAJFINANCE,7199.06640625,85.98793695814241,STRONG_SELL
2022-08-02,BAJFINANCE,7279.2763671875,86.72121241968983,STRONG_SELL
2022-08-03,BAJFINANCE,7234.115234375,84.05407704965853,NO_SIGNAL
2022-08-04,BAJFINANCE,7254.24169921875,84.28602636409866,NO_SIGNAL
2022-08-05,BAJFINANCE,7242.39404296875,83.51589958554425,NO_SIGNAL
2022-08-08,BAJFINANCE,7279.57373046875,84.00966667009011,NO_SIGNAL
2022-08-10,BAJFINANCE,7088.41796875,72.058543911117,NO_SIGNAL
2022-08-11,BAJFINANCE,7256.5224609375,75.37606378325255,NO_SIGNAL
2022-08-12,BAJFINANCE,7247.05322265625,74.83704790885216,NO_SIGNAL
2022-08-16,BAJFINANCE,7223.9521484375,73.45697211756564,NO_SIGNAL
2022-08-17,BAJFINANCE,7462.896484375,77.98020380299022,STRONG_SELL
2022-08-18,BAJFINANCE,7424.3779296875,75.73952867006317,NO_SIGNAL
2022-08-19,BAJFINANCE,7239.41943359375,65.94142868894168,NO_SIGNAL
2022-08-22,BAJFINANCE,7041.62109375,57.390859294424,NO_SIGNAL
2022-08-23,BAJFINANCE,7146.22119140625,60.32101921038786,NO_SIGNAL
2022-08-24,BAJFINANCE,7115.68359375,59.0444191407498,NO_SIGNAL
2022-08-25,BAJFINANCE,6987.04052734375,53.87208932410809,NO_SIGNAL
2022-08-26,BAJFINANCE,7001.86279296875,54.36809748637007,NO_SIGNAL
2022-08-29,BAJFINANCE,6904.94677734375,50.541286808488,NO_SIGNAL
2022-08-30,BAJFINANCE,7243.93017578125,60.90624943107722,NO_SIGNAL
2022-09-01,BAJFINANCE,7120.0458984375,56.26548582626225,NO_SIGNAL
2022-09-02,BAJFINANCE,7129.0185546875,56.52387123061119,NO_SIGNAL
2022-09-05,BAJFINANCE,7134.81884765625,56.70195549109663,NO_SIGNAL
2022-09-06,BAJFINANCE,7058.62451171875,53.596207774791935,NO_SIGNAL
2022-09-07,BAJFINANCE,7105.3720703125,55.21690962297131,NO_SIGNAL
2022-09-08,BAJFINANCE,7195.74462890625,58.25249535125248,NO_SIGNAL
2022-09-09,BAJFINANCE,7119.6494140625,54.87929293629967,NO_SIGNAL
2022-09-12,BAJFINANCE,7224.7451171875,58.45725213966021,NO_SIGNAL
2022-09-13,BAJFINANCE,7340.30126953125,62.023167441313234,NO_SIGNAL
2022-09-14,BAJFINANCE,7419.619140625,64.2890621214514,NO_SIGNAL
2022-09-15,BAJFINANCE,7323.29736328125,59.635714184350086,NO_SIGNAL
2022-09-16,BAJFINANCE,7212.0546875,54.71044151770359,NO_SIGNAL
2022-09-19,BAJFINANCE,7432.1611328125,61.48790272417556,NO_SIGNAL
2022-09-20,BAJFINANCE,7570.27294921875,65.02472214935271,NO_SIGNAL
2022-09-21,BAJFINANCE,7625.05126953125,66.34489040010038,STRONG_BUY
2022-09-22,BAJFINANCE,7653.70458984375,67.04559111974757,STRONG_BUY
2022-09-23,BAJFINANCE,7443.11669921875,57.56035509850227,STRONG_BUY
2022-09-26,BAJFINANCE,7197.5791015625,48.87760797459798,NO_SIGNAL
2022-09-27,BAJFINANCE,7181.0712890625,48.3495491250293,NO_SIGNAL
2022-09-28,BAJFINANCE,7141.0654296875,47.02365892656827,NO_SIGNAL
2022-09-29,BAJFINANCE,7044.1494140625,43.88403037922637,NO_SIGNAL
2022-09-30,BAJFINANCE,7273.1787109375,52.03431336782663,NO_SIGNAL
2022-10-03,BAJFINANCE,7110.626953125,46.83504243794864,NO_SIGNAL
2022-10-04,BAJFINANCE,7424.82421875,55.98900657457533,NO_SIGNAL
2022-10-06,BAJFINANCE,7340.9951171875,53.34968279609965,NO_SIGNAL
2022-10-07,BAJFINANCE,7282.49853515625,51.52442819407911,NO_SIGNAL
2022-10-10,BAJFINANCE,7231.189453125,49.91140776709233,NO_SIGNAL
2022-10-11,BAJFINANCE,7141.36279296875,47.12966643445778,NO_SIGNAL
2022-10-12,BAJFINANCE,7164.5634765625,47.93676813077663,NO_SIGNAL
2022-10-13,BAJFINANCE,7090.64892578125,45.55100137685913,NO_SIGNAL
2022-10-14,BAJFINANCE,7210.4677734375,49.903572421718565,NO_SIGNAL
2022-10-17,BAJFINANCE,7292.46337890625,52.69067434673336,NO_SIGNAL
2022-10-18,BAJFINANCE,7327.3623046875,53.86709611574391,NO_SIGNAL
2022-10-19,BAJFINANCE,7317.44775390625,53.46037756445497,NO_SIGNAL
2022-10-20,BAJFINANCE,7369.00439453125,55.34838559334142,NO_SIGNAL
2022-10-21,BAJFINANCE,7131.3984375,46.07205955215306,NO_SIGNAL
2022-10-24,BAJFINANCE,7145.03125,46.62480269126228,NO_SIGNAL
2022-10-25,BAJFINANCE,7042.31494140625,43.04491040620483,NO_SIGNAL
2022-10-27,BAJFINANCE,6911.63916015625,38.94781193606872,BUY
2022-10-28,BAJFINANCE,6947.08447265625,40.59937068749842,NO_SIGNAL
2022-10-31,BAJFINANCE,7083.16357421875,46.57464091975597,NO_SIGNAL
2022-11-01,BAJFINANCE,7148.005859375,49.19708765731133,NO_SIGNAL
2022-11-02,BAJFINANCE,7095.16015625,47.16512254989838,NO_SIGNAL
2022-11-03,BAJFINANCE,7060.85546875,45.841500046436586,NO_SIGNAL
2022-11-04,BAJFINANCE,7150.484375,49.805034584210375,NO_SIGNAL
2022-11-07,BAJFINANCE,7128.72119140625,48.86981048962128,NO_SIGNAL
2022-11-09,BAJFINANCE,7083.06396484375,46.88092228295553,NO_SIGNAL
2022-11-10,BAJFINANCE,6915.60546875,40.38846103772744,NO_SIGNAL
2022-11-11,BAJFINANCE,6991.3037109375,44.15352433269502,NO_SIGNAL
2022-11-14,BAJFINANCE,6965.87255859375,43.16710894346221,NO_SIGNAL
2022-11-15,BAJFINANCE,6965.82275390625,43.16507510793793,NO_SIGNAL
2022-11-16,BAJFINANCE,6836.2373046875,38.13108117936709,BUY
2022-11-17,BAJFINANCE,6836.2373046875,38.13108117936709,BUY
2022-11-18,BAJFINANCE,6733.5712890625,34.44054062121148,BUY
2022-11-21,BAJFINANCE,6622.12939453125,30.939981804960777,STRONG_BUY
2022-11-22,BAJFINANCE,6628.02880859375,31.33784150136723,STRONG_BUY
2022-11-23,BAJFINANCE,6722.21875,37.526278405818175,BUY
2022-11-24,BAJFINANCE,6713.5927734375,37.19564703053356,BUY
2022-11-25,BAJFINANCE,6689.9462890625,36.25269022682237,BUY
2022-11-28,BAJFINANCE,6719.64111328125,38.36579174850904,BUY
2022-11-29,BAJFINANCE,6676.71044921875,36.48292460190377,BUY
2022-11-30,BAJFINANCE,6663.623046875,35.90443685680897,BUY
2022-12-01,BAJFINANCE,6690.1943359375,38.05214203727844,BUY
2022-12-02,BAJFINANCE,6618.80859375,34.68916373059934,BUY
2022-12-05,BAJFINANCE,6603.63916015625,34.00148528102264,BUY
2022-12-06,BAJFINANCE,6641.41357421875,37.33301316535571,BUY
2022-12-07,BAJFINANCE,6568.689453125,33.79597534650118,BUY
2022-12-08,BAJFINANCE,6525.80859375,31.87814834110364,STRONG_BUY
2022-12-09,BAJFINANCE,6461.8583984375,29.215460476153133,STRONG_BUY
2022-12-12,BAJFINANCE,6451.001953125,28.776031661384536,STRONG_BUY
2022-12-13,BAJFINANCE,6563.63330078125,39.02305595777744,BUY
2022-12-14,BAJFINANCE,6598.43408203125,41.80881284177803,NO_SIGNAL
2022-12-15,BAJFINANCE,6568.8876953125,40.13243046488293,NO_SIGNAL
2022-12-16,BAJFINANCE,6540.630859375,38.540843753336965,BUY
2022-12-19,BAJFINANCE,6629.96240234375,45.85195826593708,NO_SIGNAL
2022-12-20,BAJFINANCE,6586.18896484375,43.143613136860495,NO_SIGNAL
2022-12-21,BAJFINANCE,6471.02978515625,36.9586781222425,BUY
2022-12-22,BAJFINANCE,6435.287109375,35.26869933259626,BUY
2022-12-23,BAJFINANCE,6320.22705078125,30.442863563431068,STRONG_BUY
2022-12-26,BAJFINANCE,6378.82275390625,35.298262306562336,BUY
2022-12-27,BAJFINANCE,6449.21728515625,40.657543698649306,NO_SIGNAL
2022-12-28,BAJFINANCE,6420.861328125,39.24731158341998,BUY
2022-12-29,BAJFINANCE,6455.3642578125,41.8885495160722,NO_SIGNAL
2022-12-30,BAJFINANCE,6519.1162109375,46.515473700039344,NO_SIGNAL
2023-01-02,BAJFINANCE,6497.84912109375,45.2219360506369,NO_SIGNAL
2023-01-03,BAJFINANCE,6549.90087890625,48.96286877915259,NO_SIGNAL
2023-01-04,BAJFINANCE,6514.9521484375,46.65884027708005,NO_SIGNAL
2023-01-05,BAJFINANCE,6048.0185546875,27.8217495893958,STRONG_BUY
2023-01-06,BAJFINANCE,5929.38916015625,25.054275210753712,STRONG_BUY
2023-01-09,BAJFINANCE,5942.22900390625,25.913272301215144,STRONG_BUY
2023-01-10,BAJFINANCE,5853.7900390625,23.882793120910588,STRONG_BUY
2023-01-11,BAJFINANCE,5845.46142578125,23.69449866361949,STRONG_BUY
2023-01-12,BAJFINANCE,5848.0888671875,23.898339680581696,STRONG_BUY
2023-01-13,BAJFINANCE,5926.8115234375,29.937451116589514,STRONG_BUY
2023-01-16,BAJFINANCE,5959.62890625,32.34763823494319,STRONG_BUY
2023-01-17,BAJFINANCE,5933.900390625,31.434642344802207,STRONG_BUY
2023-01-18,BAJFINANCE,5947.48388671875,32.51756761472682,STRONG_BUY
2023-01-19,BAJFINANCE,5961.16650390625,33.654275778415546,BUY
2023-01-20,BAJFINANCE,5810.4130859375,28.048340318849373,STRONG_BUY
2023-01-23,BAJFINANCE,5812.99072265625,28.268358130802905,STRONG_BUY
2023-01-24,BAJFINANCE,5805.10791015625,27.986513353471032,STRONG_BUY
2023-01-25,BAJFINANCE,5746.462890625,25.916291516183527,STRONG_BUY
2023-01-27,BAJFINANCE,5711.5634765625,24.743293495021817,STRONG_BUY
2023-01-30,BAJFINANCE,5970.43603515625,44.727472510499446,NO_SIGNAL
2023-01-31,BAJFINANCE,5836.19091796875,38.95106753104726,BUY
2023-02-01,BAJFINANCE,5767.58154296875,36.36613022728861,BUY
2023-02-02,BAJFINANCE,5668.88037109375,32.97574678780224,STRONG_BUY
2023-02-03,BAJFINANCE,5962.95068359375,48.40850080463267,NO_SIGNAL
2023-02-06,BAJFINANCE,6052.1337890625,52.01690978941894,NO_SIGNAL
2023-02-07,BAJFINANCE,6108.00244140625,54.17899357175857,NO_SIGNAL
2023-02-08,BAJFINANCE,6297.47265625,60.65402719663645,NO_SIGNAL
2023-02-09,BAJFINANCE,6399.94140625,63.646045446676204,NO_SIGNAL
2023-02-10,BAJFINANCE,6380.607421875,62.67756539933284,NO_SIGNAL
2023-02-13,BAJFINANCE,6291.37548828125,58.27047993765855,NO_SIGNAL
2023-02-14,BAJFINANCE,6403.60986328125,61.89927822961042,NO_SIGNAL
2023-02-15,BAJFINANCE,6434.59326171875,62.85946439425878,NO_SIGNAL
2023-02-16,BAJFINANCE,6382.39208984375,60.11086708079089,STRONG_BUY
2023-02-17,BAJFINANCE,6361.9677734375,59.02339875605299,STRONG_BUY
2023-02-20,BAJFINANCE,6313.08837890625,56.39398240630149,STRONG_BUY
2023-02-21,BAJFINANCE,6324.83740234375,56.89110406073847,STRONG_BUY
2023-02-22,BAJFINANCE,6145.77783203125,47.92404249773002,STRONG_BUY
2023-02-23,BAJFINANCE,6149.44677734375,48.10453682854919,STRONG_BUY
2023-02-24,BAJFINANCE,6183.05712890625,49.820351651417646,NO_SIGNAL
2023-02-27,BAJFINANCE,6141.6630859375,47.72740425814671,NO_SIGNAL
2023-02-28,BAJFINANCE,6059.9658203125,43.815124255773206,NO_SIGNAL
2023-03-01,BAJFINANCE,6102.3515625,46.2756625981059,NO_SIGNAL
2023-03-02,BAJFINANCE,6031.1142578125,42.877004192943225,NO_SIGNAL
2023-03-03,BAJFINANCE,6048.0185546875,43.929364988067455,NO_SIGNAL
2023-03-06,BAJFINANCE,6082.52197265625,46.11158621578954,NO_SIGNAL
2023-03-08,BAJFINANCE,5945.69921875,39.539861837629495,BUY
2023-03-09,BAJFINANCE,5850.9638671875,35.741625331887626,BUY
2023-03-10,BAJFINANCE,5824.04541015625,34.72101024515335,BUY
2023-03-13,BAJFINANCE,5783.7919921875,33.19452897470575,BUY
2023-03-14,BAJFINANCE,5682.66162109375,29.665797026501483,STRONG_BUY
2023-03-15,BAJFINANCE,5669.970703125,29.245642119880596,STRONG_BUY
2023-03-16,BAJFINANCE,5666.35205078125,29.119002842153417,STRONG_BUY
2023-03-17,BAJFINANCE,5683.455078125,30.64755358908312,STRONG_BUY
2023-03-20,BAJFINANCE,5503.45361328125,24.62797064523146,STRONG_BUY
2023-03-21,BAJFINANCE,5661.39501953125,36.42703801490315,BUY
2023-03-22,BAJFINANCE,5784.4365234375,43.80708831624921,NO_SIGNAL
2023-03-23,BAJFINANCE,5783.2958984375,43.756377083212,NO_SIGNAL
2023-03-24,BAJFINANCE,5601.06396484375,36.48885586080266,BUY
2023-03-27,BAJFINANCE,5545.34326171875,34.596702029145526,BUY
2023-03-28,BAJFINANCE,5487.24365234375,32.69302773164317,STRONG_BUY
2023-03-29,BAJFINANCE,5577.21923828125,38.35051460985275,BUY
2023-03-31,BAJFINANCE,5568.8408203125,38.02995314594021,BUY
2023-04-03,BAJFINANCE,5666.302734375,43.90390453348463,NO_SIGNAL
2023-04-05,BAJFINANCE,5712.158203125,46.47459264487152,NO_SIGNAL
2023-04-06,BAJFINANCE,5881.6005859375,54.7300697470785,NO_SIGNAL
2023-04-10,BAJFINANCE,5779.08203125,49.73219956001406,NO_SIGNAL
2023-04-11,BAJFINANCE,5787.9560546875,50.1564968988113,NO_SIGNAL
2023-04-12,BAJFINANCE,5806.99267578125,51.10985428354805,NO_SIGNAL
2023-04-13,BAJFINANCE,5854.08740234375,53.48040992542391,NO_SIGNAL
2023-04-17,BAJFINANCE,5910.60107421875,56.2234745530176,NO_SIGNAL
2023-04-18,BAJFINANCE,5865.19140625,53.49396610408551,NO_SIGNAL
2023-04-19,BAJFINANCE,5897.01806640625,55.13786142090219,NO_SIGNAL
2023-04-20,BAJFINANCE,5862.26708984375,52.93752485471634,NO_SIGNAL
2023-04-21,BAJFINANCE,5887.25146484375,54.34806215614396,NO_SIGNAL
2023-04-24,BAJFINANCE,5883.1376953125,54.06075393037624,NO_SIGNAL
2023-04-25,BAJFINANCE,6023.43017578125,61.529834892857615,NO_SIGNAL
2023-04-26,BAJFINANCE,6004.29541015625,60.09469939367541,NO_SIGNAL
2023-04-27,BAJFINANCE,6147.166015625,66.39688411709926,STRONG_BUY
2023-04-28,BAJFINANCE,6226.533203125,69.2976638540027,STRONG_BUY
2023-05-02,BAJFINANCE,6195.84716796875,66.89328874946216,STRONG_BUY
2023-05-03,BAJFINANCE,6127.53466796875,61.756295996858846,STRONG_BUY
2023-05-04,BAJFINANCE,6335.74365234375,69.45546556246217,STRONG_BUY
2023-05-05,BAJFINANCE,6335.3466796875,69.42676722813617,STRONG_BUY
2023-05-08,BAJFINANCE,6601.16064453125,76.44509322564753,SELL
2023-05-09,BAJFINANCE,6496.36181640625,69.65596795463685,STRONG_BUY
2023-05-10,BAJFINANCE,6574.935546875,71.68629735771069,NO_SIGNAL
2023-05-11,BAJFINANCE,6606.61328125,72.48560614754128,NO_SIGNAL
2023-05-12,BAJFINANCE,6657.12890625,73.75785915288033,NO_SIGNAL
2023-05-15,BAJFINANCE,6655.04638671875,73.60675401276207,NO_SIGNAL
2023-05-16,BAJFINANCE,6726.72998046875,75.46965575233597,NO_SIGNAL
2023-05-17,BAJFINANCE,6647.85791015625,69.64493840235356,STRONG_BUY
2023-05-18,BAJFINANCE,6731.48876953125,72.10349538811485,NO_SIGNAL
2023-05-19,BAJFINANCE,6726.33349609375,71.71788699748589,NO_SIGNAL
2023-05-22,BAJFINANCE,6735.107421875,71.9924188208152,NO_SIGNAL
2023-05-23,BAJFINANCE,6722.7138671875,70.94483629237057,NO_SIGNAL
2023-05-24,BAJFINANCE,6728.068359375,71.14022591475296,NO_SIGNAL
2023-05-25,BAJFINANCE,6782.79736328125,73.12925789348957,NO_SIGNAL
2023-05-26,BAJFINANCE,6845.607421875,75.2384807278597,NO_SIGNAL
2023-05-29,BAJFINANCE,6872.921875,76.11647020446895,STRONG_SELL
2023-05-30,BAJFINANCE,6946.04296875,78.33148219070651,STRONG_SELL
2023-05-31,BAJFINANCE,6930.22900390625,76.67527119988979,STRONG_SELL
2023-06-01,BAJFINANCE,6980.447265625,78.24810220606557,STRONG_SELL
2023-06-02,BAJFINANCE,6963.98828125,76.42903037092591,STRONG_SELL
2023-06-05,BAJFINANCE,6983.12451171875,77.0957304786039,STRONG_SELL
2023-06-06,BAJFINANCE,7053.2705078125,79.39627193390506,STRONG_SELL
2023-06-07,BAJFINANCE,7019.56103515625,75.47308093364546,STRONG_SELL
2023-06-08,BAJFINANCE,6950.30615234375,68.03509333134471,NO_SIGNAL
2023-06-09,BAJFINANCE,6977.12548828125,69.29699791590087,NO_SIGNAL
2023-06-12,BAJFINANCE,7037.1591796875,71.96499542814134,NO_SIGNAL
2023-06-13,BAJFINANCE,7105.6201171875,74.66833606568832,NO_SIGNAL
2023-06-14,BAJFINANCE,7036.31640625,67.56562317606486,NO_SIGNAL
2023-06-15,BAJFINANCE,7065.81298828125,68.92068500594827,NO_SIGNAL
2023-06-16,BAJFINANCE,7141.75927734375,72.14725508917992,NO_SIGNAL
2023-06-19,BAJFINANCE,7323.19873046875,78.01857091351965,STRONG_SELL
2023-06-20,BAJFINANCE,7186.97021484375,66.65709386793095,NO_SIGNAL
2023-06-21,BAJFINANCE,7144.68408203125,63.56284826407423,NO_SIGNAL
2023-06-22,BAJFINANCE,6970.03662109375,52.68497124155902,NO_SIGNAL
2023-06-23,BAJFINANCE,6930.03076171875,50.55086801014824,NO_SIGNAL
2023-06-26,BAJFINANCE,6939.00390625,51.03001022031107,NO_SIGNAL
2023-06-27,BAJFINANCE,6959.37841796875,52.16343569501949,NO_SIGNAL
2023-06-28,BAJFINANCE,6959.37841796875,52.16343569501948,NO_SIGNAL
2023-06-29,BAJFINANCE,0.0,0.0,STRONG_BUY
2023-06-30,BAJFINANCE,7160.60009765625,0.0,STRONG_BUY
2023-07-03,BAJFINANCE,7333.0,0.0,STRONG_BUY
2023-07-04,BAJFINANCE,7860.4501953125,0.0,STRONG_BUY
2023-07-05,BAJFINANCE,7838.75,0.0,STRONG_BUY
2023-07-06,BAJFINANCE,7766.25,0.0,STRONG_BUY
2023-07-07,BAJFINANCE,7622.35009765625,0.0,STRONG_BUY
2023-07-10,BAJFINANCE,7533.25,0.0,STRONG_BUY
2023-07-11,BAJFINANCE,7444.0,0.0,STRONG_BUY
2023-07-12,BAJFINANCE,7431.9501953125,0.0,STRONG_BUY
2023-07-13,BAJFINANCE,7474.60009765625,0.0,STRONG_BUY
2023-07-14,BAJFINANCE,7482.35009765625,0.0,STRONG_BUY
2023-07-17,BAJFINANCE,7510.9501953125,0.0,STRONG_BUY
2023-07-18,BAJFINANCE,7420.0,0.0,STRONG_BUY
2023-07-19,BAJFINANCE,7584.7001953125,0.0,STRONG_BUY
2023-07-20,BAJFINANCE,7596.60009765625,0.0,STRONG_BUY
2023-07-21,BAJFINANCE,7551.25,0.0,STRONG_BUY
