2020-07-21,HAVELLS,568.4140625,0.0,NO_SIGNAL
2020-07-22,HAVELLS,573.9112548828125,0.0,NO_SIGNAL
2020-07-23,HAVELLS,594.5255126953125,0.0,NO_SIGNAL
2020-07-24,HAVELLS,595.55615234375,0.0,NO_SIGNAL
2020-07-27,HAVELLS,584.2675170898438,0.0,NO_SIGNAL
2020-07-28,HAVELLS,565.3219604492188,0.0,NO_SIGNAL
2020-07-29,HAVELLS,559.9720458984375,0.0,NO_SIGNAL
2020-07-30,HAVELLS,567.874267578125,0.0,NO_SIGNAL
2020-07-31,HAVELLS,572.4388427734375,0.0,NO_SIGNAL
2020-08-03,HAVELLS,573.9603271484375,0.0,NO_SIGNAL
2020-08-04,HAVELLS,577.445068359375,0.0,NO_SIGNAL
2020-08-05,HAVELLS,594.3782958984375,0.0,NO_SIGNAL
2020-08-06,HAVELLS,595.016357421875,0.0,NO_SIGNAL
2020-08-07,HAVELLS,598.3539428710938,0.0,NO_SIGNAL
2020-08-10,HAVELLS,600.5625610351562,65.55822775014016,NO_SIGNAL
2020-08-11,HAVELLS,594.7709350585938,61.82585712673727,NO_SIGNAL
2020-08-12,HAVELLS,592.3659057617188,60.290839261443466,NO_SIGNAL
2020-08-13,HAVELLS,601.2496948242188,63.860208536983976,NO_SIGNAL
2020-08-14,HAVELLS,599.7772827148438,62.85180501675192,NO_SIGNAL
2020-08-17,HAVELLS,605.9614868164062,65.32819793128327,NO_SIGNAL
2020-08-18,HAVELLS,615.0416259765625,68.63439597869476,NO_SIGNAL
2020-08-19,HAVELLS,617.6429443359375,69.53079075817324,NO_SIGNAL
2020-08-20,HAVELLS,626.6739501953125,72.4721327909331,NO_SIGNAL
2020-08-21,HAVELLS,621.029541015625,68.05049958928042,NO_SIGNAL
2020-08-24,HAVELLS,625.7413940429688,69.71178147471093,NO_SIGNAL
2020-08-25,HAVELLS,650.8712158203125,76.67713931142475,NO_SIGNAL
2020-08-26,HAVELLS,637.668212890625,67.84878468410413,NO_SIGNAL
2020-08-27,HAVELLS,641.1038818359375,68.85373169294674,NO_SIGNAL
2020-08-28,HAVELLS,627.5083618164062,60.76026432202696,NO_SIGNAL
2020-08-31,HAVELLS,604.2437133789062,49.94198294303032,NO_SIGNAL
2020-09-01,HAVELLS,609.25,51.925593669206336,NO_SIGNAL
2020-09-02,HAVELLS,618.084716796875,55.29245503064579,NO_SIGNAL
2020-09-03,HAVELLS,633.54541015625,60.50526110126565,NO_SIGNAL
2020-09-04,HAVELLS,622.2566528320312,55.42379685374764,NO_SIGNAL
2020-09-07,HAVELLS,636.0975952148438,59.87350169318868,NO_SIGNAL
2020-09-08,HAVELLS,626.8212280273438,55.849619111584914,NO_SIGNAL
2020-09-09,HAVELLS,629.6188354492188,56.79272624372281,NO_SIGNAL
2020-09-10,HAVELLS,631.6312255859375,57.49606700121229,NO_SIGNAL
2020-09-11,HAVELLS,641.7420043945312,60.93667533007158,NO_SIGNAL
2020-09-14,HAVELLS,656.760986328125,65.41517246818199,NO_SIGNAL
2020-09-15,HAVELLS,658.7241821289062,65.96446473855532,NO_SIGNAL
2020-09-16,HAVELLS,667.4608154296875,68.37190790158806,NO_SIGNAL
2020-09-17,HAVELLS,669.3258666992188,68.87799168674063,NO_SIGNAL
2020-09-18,HAVELLS,662.8471069335938,64.9878334105417,NO_SIGNAL
2020-09-21,HAVELLS,656.760986328125,61.47529732246906,NO_SIGNAL
2020-09-22,HAVELLS,653.0308227539062,59.35772623467796,NO_SIGNAL
2020-09-23,HAVELLS,662.3563232421875,62.8069989929554,NO_SIGNAL
2020-09-24,HAVELLS,652.0,57.01949819526055,NO_SIGNAL
2020-09-25,HAVELLS,646.9446411132812,54.38502703728325,NO_SIGNAL
2020-09-28,HAVELLS,671.92724609375,63.387633579822925,NO_SIGNAL
2020-09-29,HAVELLS,654.35595703125,55.14414829475703,NO_SIGNAL
2020-09-30,HAVELLS,665.3993530273438,58.7730195538808,NO_SIGNAL
2020-10-01,HAVELLS,653.8160400390625,53.851854339266346,NO_SIGNAL
2020-10-05,HAVELLS,657.3009033203125,55.07072326613481,NO_SIGNAL
2020-10-06,HAVELLS,675.3138427734375,60.82967517547439,NO_SIGNAL
2020-10-07,HAVELLS,668.3442993164062,57.74551646316584,NO_SIGNAL
2020-10-08,HAVELLS,674.430419921875,59.6685462247222,NO_SIGNAL
2020-10-09,HAVELLS,697.1551513671875,65.90753858762005,NO_SIGNAL
2020-10-12,HAVELLS,692.0996704101562,63.55221975749161,NO_SIGNAL
2020-10-13,HAVELLS,689.1548461914062,62.158747122432125,NO_SIGNAL
2020-10-14,HAVELLS,684.639404296875,59.98680128973052,NO_SIGNAL
2020-10-15,HAVELLS,671.5835571289062,54.10056097318272,NO_SIGNAL
2020-10-16,HAVELLS,684.6883544921875,58.50222629713067,NO_SIGNAL
2020-10-19,HAVELLS,693.0322875976562,61.0625912507497,NO_SIGNAL
2020-10-20,HAVELLS,696.1244506835938,61.998332954629575,NO_SIGNAL
2020-10-21,HAVELLS,698.5293579101562,62.748153546231855,NO_SIGNAL
2020-10-22,HAVELLS,710.5543823242188,66.32600034363134,NO_SIGNAL
2020-10-23,HAVELLS,713.3521118164062,67.11730865905872,NO_SIGNAL
2020-10-26,HAVELLS,707.953125,63.9921713584634,NO_SIGNAL
2020-10-27,HAVELLS,711.1433715820312,65.02837948670094,NO_SIGNAL
2020-10-28,HAVELLS,715.2171630859375,66.35966027249137,NO_SIGNAL
2020-10-29,HAVELLS,711.8306274414062,64.17267632591299,NO_SIGNAL
2020-10-30,HAVELLS,714.5300903320312,65.1583795575438,NO_SIGNAL
2020-11-02,HAVELLS,767.24365234375,77.92846934907651,NO_SIGNAL
2020-11-03,HAVELLS,768.9124145507812,78.20085971744952,NO_SIGNAL
2020-11-04,HAVELLS,793.2078247070312,81.7350657979375,NO_SIGNAL
2020-11-05,HAVELLS,802.8278198242188,82.91613141172684,NO_SIGNAL
2020-11-06,HAVELLS,803.6131591796875,83.01270256056567,NO_SIGNAL
2020-11-09,HAVELLS,808.8649291992188,83.6771934498277,NO_SIGNAL
2020-11-10,HAVELLS,826.1907348632812,85.66886511876547,NO_SIGNAL
2020-11-11,HAVELLS,799.8338012695312,71.39677349988648,NO_SIGNAL
2020-11-12,HAVELLS,796.5945434570312,69.85646909456025,NO_SIGNAL
2020-11-13,HAVELLS,813.1840209960938,73.06177065446893,NO_SIGNAL
2020-11-14,HAVELLS,811.809814453125,72.37522615396085,NO_SIGNAL
2020-11-17,HAVELLS,829.1846923828125,75.50881959998648,NO_SIGNAL
2020-11-18,HAVELLS,822.7057495117188,72.21906971416459,NO_SIGNAL
2020-11-19,HAVELLS,812.5950317382812,67.2919741109462,NO_SIGNAL
2020-11-20,HAVELLS,809.8464965820312,65.97427064263574,NO_SIGNAL
2020-11-23,HAVELLS,809.0121459960938,65.55461827760247,NO_SIGNAL
2020-11-24,HAVELLS,805.7236328125,63.83122671073552,NO_SIGNAL
2020-11-25,HAVELLS,800.4719848632812,61.07007770382846,NO_SIGNAL
2020-11-26,HAVELLS,788.4469604492188,55.1837687177688,NO_SIGNAL
2020-11-27,HAVELLS,786.6800537109375,54.35474982552383,NO_SIGNAL
2020-12-01,HAVELLS,808.2760009765625,61.89054554857943,NO_SIGNAL
2020-12-02,HAVELLS,820.9879760742188,65.50102724554834,NO_SIGNAL
2020-12-03,HAVELLS,817.012451171875,63.47565101967165,NO_SIGNAL
2020-12-04,HAVELLS,814.263916015625,62.04718092502733,NO_SIGNAL
2020-12-07,HAVELLS,810.6317749023438,60.12169088967754,NO_SIGNAL
2020-12-08,HAVELLS,804.8402709960938,57.07999047534228,NO_SIGNAL
2020-12-09,HAVELLS,808.7175903320312,58.59045526893736,NO_SIGNAL
2020-12-10,HAVELLS,812.202392578125,59.95452173549748,NO_SIGNAL
2020-12-11,HAVELLS,812.2515258789062,59.97454126568582,NO_SIGNAL
2020-12-14,HAVELLS,811.7607421875,59.6537393640096,NO_SIGNAL
2020-12-15,HAVELLS,848.9154052734375,71.90551358001834,STRONG_SELL
2020-12-16,HAVELLS,884.5977783203125,78.6201845011553,NO_SIGNAL
2020-12-17,HAVELLS,894.31591796875,80.02073035949245,NO_SIGNAL
2020-12-18,HAVELLS,902.4635009765624,81.13643076886393,NO_SIGNAL
2020-12-21,HAVELLS,865.8976440429688,63.89208600122347,NO_SIGNAL
2020-12-22,HAVELLS,864.376220703125,63.28935920656095,NO_SIGNAL
2020-12-23,HAVELLS,876.9410400390625,66.13098481182452,SELL
2020-12-24,HAVELLS,879.4443359375,66.68428980633139,SELL
2020-12-28,HAVELLS,887.0028076171875,68.36479243347749,SELL
2020-12-29,HAVELLS,892.0582275390625,69.47388941182155,SELL
2020-12-30,HAVELLS,888.0335083007812,67.4465719896893,SELL
2020-12-31,HAVELLS,899.3223266601562,70.08355707220211,STRONG_SELL
2021-01-01,HAVELLS,893.1870727539062,66.91122484300675,SELL
2021-01-04,HAVELLS,901.9236450195312,69.0590058947579,SELL
2021-01-05,HAVELLS,918.51318359375,72.68471507913708,STRONG_SELL
2021-01-06,HAVELLS,928.52587890625,74.61795887269197,STRONG_SELL
2021-01-07,HAVELLS,953.41015625,78.66026051952404,NO_SIGNAL
2021-01-08,HAVELLS,988.994384765625,82.8631686932351,NO_SIGNAL
2021-01-11,HAVELLS,995.1785278320312,83.47239327109878,NO_SIGNAL
2021-01-12,HAVELLS,1000.0868530273438,83.95980396087593,NO_SIGNAL
2021-01-13,HAVELLS,993.853515625,80.70476459994063,NO_SIGNAL
2021-01-14,HAVELLS,984.6260986328124,76.00708797607504,NO_SIGNAL
2021-01-15,HAVELLS,963.3246459960938,66.39856963189777,SELL
2021-01-18,HAVELLS,967.5457763671876,67.28124959196835,SELL
2021-01-19,HAVELLS,1000.4794921875,73.19717538250852,STRONG_SELL
2021-01-20,HAVELLS,1001.4121704101562,73.34416749980184,STRONG_SELL
2021-01-21,HAVELLS,1111.158447265625,84.27341929481415,NO_SIGNAL
2021-01-22,HAVELLS,1102.029296875,81.28770470176117,NO_SIGNAL
2021-01-25,HAVELLS,1101.783935546875,81.20443292159601,NO_SIGNAL
2021-01-27,HAVELLS,1095.5506591796875,78.99060737885054,NO_SIGNAL
2021-01-28,HAVELLS,1163.17041015625,84.0656516138419,NO_SIGNAL
2021-01-29,HAVELLS,1028.324462890625,55.35111886592393,STRONG_BUY
2021-02-01,HAVELLS,1045.5,57.349438850187454,NO_SIGNAL
2021-02-02,HAVELLS,1112.5294189453125,64.1019475185348,STRONG_BUY
2021-02-03,HAVELLS,1095.2552490234375,61.40388108549663,NO_SIGNAL
2021-02-04,HAVELLS,1116.220458984375,63.416464111390034,NO_SIGNAL
2021-02-05,HAVELLS,1092.5977783203125,59.64263983755627,NO_SIGNAL
2021-02-08,HAVELLS,1108.4937744140625,61.31107584815737,NO_SIGNAL
2021-02-09,HAVELLS,1121.19091796875,62.63969403870762,NO_SIGNAL
2021-02-10,HAVELLS,1118.6810302734375,62.18509055947423,NO_SIGNAL
2021-02-11,HAVELLS,1137.1854248046875,64.24534560008712,NO_SIGNAL
2021-02-12,HAVELLS,1123.99609375,61.666417622547854,NO_SIGNAL
2021-02-15,HAVELLS,1153.9180908203125,65.09013712750128,SELL
2021-02-16,HAVELLS,1197.0296630859375,69.33917476970119,SELL
2021-02-17,HAVELLS,1175.719970703125,65.12002450463712,SELL
2021-02-18,HAVELLS,1147.569580078125,59.932054914744725,NO_SIGNAL
2021-02-19,HAVELLS,1121.0926513671875,55.45691672722,NO_SIGNAL
2021-02-22,HAVELLS,1110.46240234375,53.72245915141502,NO_SIGNAL
2021-02-23,HAVELLS,1106.771240234375,53.10142073417005,NO_SIGNAL
2021-02-24,HAVELLS,1128.03173828125,56.23933783022071,NO_SIGNAL
2021-02-25,HAVELLS,1157.31396484375,60.19016061783805,NO_SIGNAL
2021-02-26,HAVELLS,1088.1685791015625,48.95152308262112,NO_SIGNAL
2021-03-01,HAVELLS,1094.6646728515625,49.89801489081262,NO_SIGNAL
2021-03-02,HAVELLS,1125.9644775390625,54.295155313115565,NO_SIGNAL
2021-03-03,HAVELLS,1145.650146484375,56.85959702403135,NO_SIGNAL
2021-03-04,HAVELLS,1153.179931640625,57.834156784003,NO_SIGNAL
2021-03-05,HAVELLS,1099.2415771484375,49.25113335193767,NO_SIGNAL
2021-03-08,HAVELLS,1097.716064453125,49.029509623872,NO_SIGNAL
2021-03-09,HAVELLS,1082.70556640625,46.79803670529588,NO_SIGNAL
2021-03-10,HAVELLS,1102.6865234375,50.05654281501168,NO_SIGNAL
2021-03-12,HAVELLS,1085.757080078125,47.40715317850696,NO_SIGNAL
2021-03-15,HAVELLS,1081.9676513671875,46.809927196463015,NO_SIGNAL
2021-03-16,HAVELLS,1071.3372802734375,45.09371798450456,NO_SIGNAL
2021-03-17,HAVELLS,1045.1063232421875,41.09037531852841,NO_SIGNAL
2021-03-18,HAVELLS,1007.949951171875,36.18930619034199,BUY
2021-03-19,HAVELLS,1027.536865234375,40.236064843604346,NO_SIGNAL
2021-03-22,HAVELLS,1020.8931274414062,39.32507292695095,BUY
2021-03-23,HAVELLS,1025.0269775390625,40.231840189680135,NO_SIGNAL
2021-03-24,HAVELLS,1012.7728271484376,38.39982536456431,BUY
2021-03-25,HAVELLS,1010.0167846679688,37.98092378823336,BUY
2021-03-26,HAVELLS,1033.7872314453125,43.686880254692205,NO_SIGNAL
2021-03-30,HAVELLS,1034.033203125,43.74455692176284,NO_SIGNAL
2021-03-31,HAVELLS,1033.885498046875,43.71560202405426,NO_SIGNAL
2021-04-01,HAVELLS,1041.8089599609375,45.78857236649775,NO_SIGNAL
2021-04-05,HAVELLS,1013.6585693359376,40.13317966309469,NO_SIGNAL
2021-04-06,HAVELLS,1035.4110107421875,45.71287832767539,NO_SIGNAL
2021-04-07,HAVELLS,1041.661376953125,47.23467050289711,NO_SIGNAL
2021-04-08,HAVELLS,1043.0885009765625,47.59588474108259,NO_SIGNAL
2021-04-09,HAVELLS,1045.54931640625,48.25369038707864,NO_SIGNAL
2021-04-12,HAVELLS,978.0770263671876,35.20498425195268,BUY
2021-04-13,HAVELLS,1007.654541015625,42.54033549426961,NO_SIGNAL
2021-04-15,HAVELLS,994.317626953125,40.32358502438051,NO_SIGNAL
2021-04-16,HAVELLS,994.5636596679688,40.38530012620576,NO_SIGNAL
2021-04-19,HAVELLS,985.2129516601562,38.74529930733807,BUY
2021-04-20,HAVELLS,989.0025024414062,39.81203862535442,BUY
2021-04-22,HAVELLS,988.8055419921876,39.77326948674978,BUY
2021-04-23,HAVELLS,989.6914672851562,40.056030799686845,NO_SIGNAL
2021-04-26,HAVELLS,984.3762817382812,38.87672512517522,BUY
2021-04-27,HAVELLS,1012.3298950195312,47.61230902519334,NO_SIGNAL
2021-04-28,HAVELLS,1003.8158569335938,45.480290970820576,NO_SIGNAL
2021-04-29,HAVELLS,993.4808349609376,42.96522586058774,NO_SIGNAL
2021-04-30,HAVELLS,974.6812744140624,38.76574933637273,BUY
2021-05-03,HAVELLS,988.904052734375,43.28240798932159,NO_SIGNAL
2021-05-04,HAVELLS,970.4489135742188,39.23806473478017,BUY
2021-05-05,HAVELLS,981.5220336914062,42.69781796749614,NO_SIGNAL
2021-05-06,HAVELLS,990.9218139648438,45.532990119047085,NO_SIGNAL
2021-05-07,HAVELLS,986.2463989257812,44.35738528408379,NO_SIGNAL
2021-05-10,HAVELLS,989.6422119140624,45.458842971233786,NO_SIGNAL
2021-05-11,HAVELLS,1013.4617309570312,52.55359905798258,NO_SIGNAL
2021-05-12,HAVELLS,992.0044555664062,46.66477511894081,NO_SIGNAL
2021-05-14,HAVELLS,981.8663940429688,44.14768331226437,NO_SIGNAL
2021-05-17,HAVELLS,1014.3477172851562,52.91141365047983,NO_SIGNAL
2021-05-18,HAVELLS,1054.6044921875,61.065454338638126,NO_SIGNAL
2021-05-19,HAVELLS,1057.212890625,61.53028611942438,NO_SIGNAL
2021-05-20,HAVELLS,1055.4903564453125,61.01225437379782,NO_SIGNAL
2021-05-21,HAVELLS,1012.133056640625,49.675499730808575,NO_SIGNAL
2021-05-24,HAVELLS,999.435791015625,46.92561607812163,NO_SIGNAL
2021-05-25,HAVELLS,979.4549560546876,42.9009733713211,NO_SIGNAL
2021-05-26,HAVELLS,980.7345581054688,43.23673471680602,NO_SIGNAL
2021-05-27,HAVELLS,1003.7666625976562,49.0448287056906,NO_SIGNAL
2021-05-28,HAVELLS,1002.0933227539062,48.65530697085882,NO_SIGNAL
2021-05-31,HAVELLS,1014.5936889648438,51.738912696742254,NO_SIGNAL
2021-06-01,HAVELLS,1013.264892578125,51.38562758766601,NO_SIGNAL
2021-06-02,HAVELLS,1030.2437744140625,55.56110920232111,NO_SIGNAL
2021-06-03,HAVELLS,1055.6875,60.97096846942547,NO_SIGNAL
2021-06-04,HAVELLS,1040.1849365234375,56.46094887897578,STRONG_BUY
2021-06-07,HAVELLS,1034.2794189453125,54.79807329925487,STRONG_BUY
2021-06-08,HAVELLS,1022.6156005859376,51.56767132086341,STRONG_BUY
2021-06-09,HAVELLS,1011.0994873046876,48.52597789869891,STRONG_BUY
2021-06-10,HAVELLS,1007.7036743164062,47.6337511842343,NO_SIGNAL
2021-06-11,HAVELLS,1001.1090698242188,45.86991387983021,NO_SIGNAL
2021-06-14,HAVELLS,1003.422119140625,46.61658764532766,NO_SIGNAL
2021-06-15,HAVELLS,1001.896484375,46.164264859212665,NO_SIGNAL
2021-06-16,HAVELLS,991.11865234375,42.990695630278566,NO_SIGNAL
2021-06-17,HAVELLS,985.4887084960938,41.3900494824704,NO_SIGNAL
2021-06-18,HAVELLS,984.2540283203124,41.0292634818638,NO_SIGNAL
2021-06-21,HAVELLS,970.87060546875,37.239952422322766,BUY
2021-06-22,HAVELLS,987.4147338867188,44.11144093948794,NO_SIGNAL
2021-06-23,HAVELLS,986.2294921875,43.74194188322388,NO_SIGNAL
2021-06-24,HAVELLS,979.3649291992188,41.57007334110343,NO_SIGNAL
2021-06-25,HAVELLS,987.0690307617188,44.87798820664203,NO_SIGNAL
2021-06-28,HAVELLS,980.105712890625,42.53410899570902,NO_SIGNAL
2021-06-29,HAVELLS,966.7715454101562,38.398405407858185,BUY
2021-06-30,HAVELLS,968.1543579101562,39.06015771687332,BUY
2021-07-01,HAVELLS,976.8462524414062,43.19115850996946,NO_SIGNAL
2021-07-02,HAVELLS,973.4386596679688,41.98941522824952,NO_SIGNAL
2021-07-05,HAVELLS,1009.7863159179688,56.03984164479038,NO_SIGNAL
2021-07-06,HAVELLS,1008.84814453125,55.66507964242111,NO_SIGNAL
2021-07-07,HAVELLS,1008.84814453125,55.66507964242111,NO_SIGNAL
2021-07-08,HAVELLS,1015.8609008789062,58.09451557276815,NO_SIGNAL
2021-07-09,HAVELLS,1010.7740478515624,55.70980182998311,NO_SIGNAL
2021-07-12,HAVELLS,1029.6888427734375,61.96228671856797,NO_SIGNAL
2021-07-13,HAVELLS,1019.8611450195312,57.42611679127004,NO_SIGNAL
2021-07-14,HAVELLS,1010.1321411132812,53.268596282466994,NO_SIGNAL
2021-07-15,HAVELLS,1027.0712890625,58.85406646178374,NO_SIGNAL
2021-07-16,HAVELLS,1064.4068603515625,67.94751379869989,SELL
2021-07-19,HAVELLS,1076.259521484375,70.19919731312378,STRONG_SELL
2021-07-20,HAVELLS,1089.988525390625,72.60024176726425,STRONG_SELL
2021-07-22,HAVELLS,1137.1517333984375,78.89195860474048,NO_SIGNAL
2021-07-23,HAVELLS,1129.6944580078125,75.92330799451156,STRONG_SELL
2021-07-26,HAVELLS,1148.0164794921875,78.10342785515068,NO_SIGNAL
2021-07-27,HAVELLS,1145.1522216796875,76.93067500046327,NO_SIGNAL
2021-07-28,HAVELLS,1143.374267578125,76.16615028193591,NO_SIGNAL
2021-07-29,HAVELLS,1164.2645263671875,78.82842633959288,NO_SIGNAL
2021-07-30,HAVELLS,1159.2271728515625,76.60631032739641,NO_SIGNAL
2021-08-02,HAVELLS,1170.536376953125,78.09897613848855,NO_SIGNAL
2021-08-03,HAVELLS,1216.168701171875,82.85313612146881,NO_SIGNAL
2021-08-04,HAVELLS,1218.5885009765625,83.06309534007849,NO_SIGNAL
2021-08-05,HAVELLS,1201.3035888671875,75.9125938681491,STRONG_SELL
2021-08-06,HAVELLS,1217.7490234375,77.8650025394461,NO_SIGNAL
2021-08-09,HAVELLS,1220.3170166015625,78.16265786926981,NO_SIGNAL
2021-08-10,HAVELLS,1208.810302734375,73.39976317563948,STRONG_SELL
2021-08-11,HAVELLS,1221.5516357421875,75.20170868684511,STRONG_SELL
2021-08-12,HAVELLS,1216.76123046875,73.19412144601043,STRONG_SELL
2021-08-13,HAVELLS,1226.8853759765625,74.7295529536512,STRONG_SELL
2021-08-16,HAVELLS,1210.637451171875,67.99792270074894,SELL
2021-08-17,HAVELLS,1209.3533935546875,67.48058042033027,SELL
2021-08-18,HAVELLS,1218.983642578125,69.36320346043033,SELL
2021-08-20,HAVELLS,1221.1072998046875,69.77869801863534,SELL
2021-08-23,HAVELLS,1243.725830078125,73.8469591787756,STRONG_SELL
2021-08-24,HAVELLS,1250.1458740234375,74.8805852918214,STRONG_SELL
2021-08-25,HAVELLS,1189.450927734375,53.39521530010231,NO_SIGNAL
2021-08-26,HAVELLS,1200.06884765625,55.78529266457537,NO_SIGNAL
2021-08-27,HAVELLS,1219.822998046875,59.90507655411672,NO_SIGNAL
2021-08-30,HAVELLS,1250.93603515625,65.37701194363991,SELL
2021-08-31,HAVELLS,1252.8619384765625,65.68915932049127,SELL
2021-09-01,HAVELLS,1328.2244873046875,75.13576874931846,STRONG_SELL
2021-09-02,HAVELLS,1375.140625,79.01017213019352,NO_SIGNAL
2021-09-03,HAVELLS,1412.8712158203125,81.50601042572754,NO_SIGNAL
2021-09-06,HAVELLS,1412.8712158203125,81.50601042572754,NO_SIGNAL
2021-09-07,HAVELLS,1427.0450439453125,82.41690040837676,NO_SIGNAL
2021-09-08,HAVELLS,1415.044189453125,78.8746250608703,NO_SIGNAL
2021-09-09,HAVELLS,1436.0823974609375,80.46013462009206,NO_SIGNAL
2021-09-13,HAVELLS,1432.27978515625,79.30161219809165,NO_SIGNAL
2021-09-14,HAVELLS,1447.5400390625,80.51418193716448,NO_SIGNAL
2021-09-15,HAVELLS,1433.3662109375,76.05739629853582,NO_SIGNAL
2021-09-16,HAVELLS,1435.242919921875,76.24489607335074,NO_SIGNAL
2021-09-17,HAVELLS,1453.8118896484375,78.07448971202157,NO_SIGNAL
2021-09-20,HAVELLS,1389.9068603515625,60.73710121718485,NO_SIGNAL
2021-09-21,HAVELLS,1393.759033203125,61.29505267743094,NO_SIGNAL
2021-09-22,HAVELLS,1402.994140625,62.66483939486588,NO_SIGNAL
2021-09-23,HAVELLS,1420.575439453125,65.19051600836448,SELL
2021-09-24,HAVELLS,1397.5123291015625,59.50386591829556,NO_SIGNAL
2021-09-27,HAVELLS,1371.4862060546875,53.80045905516844,NO_SIGNAL
2021-09-28,HAVELLS,1353.015869140625,50.12829459312972,NO_SIGNAL
2021-09-29,HAVELLS,1351.0406494140625,49.73732422825418,NO_SIGNAL
2021-09-30,HAVELLS,1356.22607421875,50.8217200965574,NO_SIGNAL
2021-10-01,HAVELLS,1342.3980712890625,47.85658966777957,NO_SIGNAL
2021-10-04,HAVELLS,1372.7208251953125,54.17094740249655,NO_SIGNAL
2021-10-05,HAVELLS,1372.47412109375,54.11353204878813,NO_SIGNAL
2021-10-06,HAVELLS,1352.5716552734375,49.55077576404867,NO_SIGNAL
2021-10-07,HAVELLS,1377.0667724609375,54.62211810741047,NO_SIGNAL
2021-10-08,HAVELLS,1354.59619140625,49.68769122154136,NO_SIGNAL
2021-10-11,HAVELLS,1365.164794921875,51.88909493371319,NO_SIGNAL
2021-10-12,HAVELLS,1402.7965087890625,58.80148292722532,NO_SIGNAL
2021-10-13,HAVELLS,1392.3763427734375,56.38569481223211,NO_SIGNAL
2021-10-14,HAVELLS,1455.9847412109375,65.66023498116145,SELL
2021-10-18,HAVELLS,1436.8231201171875,61.42286880505788,NO_SIGNAL
2021-10-19,HAVELLS,1406.302978515625,55.30123466919725,NO_SIGNAL
2021-10-20,HAVELLS,1389.4130859375,52.2006862864435,NO_SIGNAL
2021-10-21,HAVELLS,1269.998779296875,36.58349232734541,BUY
2021-10-22,HAVELLS,1273.5052490234375,37.177836617858695,BUY
2021-10-25,HAVELLS,1282.9871826171875,38.84687351523502,BUY
2021-10-26,HAVELLS,1269.70263671875,37.34969164980423,BUY
2021-10-27,HAVELLS,1263.96044921875,36.691430134090105,BUY
2021-10-28,HAVELLS,1251.1395263671875,35.19974367803952,BUY
2021-10-29,HAVELLS,1250.3475341796875,35.10480007586379,BUY
2021-11-01,HAVELLS,1275.2962646484375,40.54513730869469,NO_SIGNAL
2021-11-02,HAVELLS,1277.8702392578125,41.093811660192166,NO_SIGNAL
2021-11-03,HAVELLS,1277.820556640625,41.08593022528206,NO_SIGNAL
2021-11-04,HAVELLS,1281.5333251953125,41.98144726351789,NO_SIGNAL
2021-11-08,HAVELLS,1313.0654296875,49.062992284927766,NO_SIGNAL
2021-11-09,HAVELLS,1313.6595458984375,49.18883365048272,NO_SIGNAL
2021-11-10,HAVELLS,1333.6083984375,53.35578986967791,NO_SIGNAL
2021-11-11,HAVELLS,1332.3709716796875,53.06508327110684,NO_SIGNAL
2021-11-12,HAVELLS,1359.00244140625,58.32747815968683,NO_SIGNAL
2021-11-15,HAVELLS,1375.337890625,61.20108651058425,NO_SIGNAL
2021-11-16,HAVELLS,1384.8914794921875,62.81601706156478,NO_SIGNAL
2021-11-17,HAVELLS,1361.5269775390625,56.61013985798724,NO_SIGNAL
2021-11-18,HAVELLS,1359.2498779296875,56.02916529379569,NO_SIGNAL
2021-11-22,HAVELLS,1363.754638671875,56.9699900183579,NO_SIGNAL
2021-11-23,HAVELLS,1378.406982421875,59.97017322236222,STRONG_BUY
2021-11-24,HAVELLS,1358.85400390625,54.508438789741966,STRONG_BUY
2021-11-25,HAVELLS,1375.5853271484375,58.0307560573827,STRONG_BUY
2021-11-26,HAVELLS,1313.9564208984375,44.395208456636944,STRONG_BUY
2021-11-29,HAVELLS,1316.8275146484375,45.04307326548426,NO_SIGNAL
2021-11-30,HAVELLS,1346.775634765625,51.40347133674387,NO_SIGNAL
2021-12-01,HAVELLS,1347.419189453125,51.533280711213024,NO_SIGNAL
2021-12-02,HAVELLS,1365.38818359375,55.136701677714605,NO_SIGNAL
2021-12-03,HAVELLS,1369.4471435546875,55.93369322423724,STRONG_BUY
2021-12-06,HAVELLS,1356.7747802734375,52.781096265338746,STRONG_BUY
2021-12-07,HAVELLS,1396.771728515625,60.37284425174354,STRONG_BUY
2021-12-08,HAVELLS,1403.8009033203125,61.54305173754441,NO_SIGNAL
2021-12-09,HAVELLS,1375.1397705078125,54.47872761394925,STRONG_BUY
2021-12-10,HAVELLS,1378.307861328125,55.092349551715415,STRONG_BUY
2021-12-13,HAVELLS,1356.3294677734375,50.0516808136393,NO_SIGNAL
2021-12-14,HAVELLS,1338.9544677734375,46.43464704966108,NO_SIGNAL
2021-12-15,HAVELLS,1337.865478515625,46.209251004541926,NO_SIGNAL
2021-12-16,HAVELLS,1347.419189453125,48.56794293790824,NO_SIGNAL
2021-12-17,HAVELLS,1306.6798095703125,40.42719605786409,NO_SIGNAL
2021-12-20,HAVELLS,1276.78125,35.6980803547806,BUY
2021-12-21,HAVELLS,1325.3416748046875,46.62005858820505,NO_SIGNAL
2021-12-22,HAVELLS,1357.764892578125,52.42996526204383,NO_SIGNAL
2021-12-23,HAVELLS,1359.1016845703125,52.65874797640727,NO_SIGNAL
2021-12-24,HAVELLS,1347.4688720703125,50.38773231407004,NO_SIGNAL
2021-12-27,HAVELLS,1360.982421875,52.92745712623761,NO_SIGNAL
2021-12-28,HAVELLS,1385.881591796875,57.26806222928179,NO_SIGNAL
2021-12-29,HAVELLS,1379.8919677734375,55.93195295952479,NO_SIGNAL
2021-12-30,HAVELLS,1373.2587890625,54.41777442734311,STRONG_BUY
2021-12-31,HAVELLS,1383.0599365234375,56.30027747793567,STRONG_BUY
2022-01-03,HAVELLS,1392.1187744140625,58.0257320943517,STRONG_BUY
2022-01-04,HAVELLS,1387.3172607421875,56.746773743252696,STRONG_BUY
2022-01-05,HAVELLS,1386.1290283203125,56.41538235281951,STRONG_BUY
2022-01-06,HAVELLS,1372.417236328125,52.5981547481254,STRONG_BUY
2022-01-07,HAVELLS,1354.745361328125,48.08259573076406,NO_SIGNAL
2022-01-10,HAVELLS,1338.113037109375,44.23359293988792,NO_SIGNAL
2022-01-11,HAVELLS,1344.300537109375,45.966481066467225,NO_SIGNAL
2022-01-12,HAVELLS,1342.320556640625,45.47946466964295,NO_SIGNAL
2022-01-13,HAVELLS,1313.6595458984375,39.0326441871737,BUY
2022-01-14,HAVELLS,1331.4302978515625,44.30434256747015,NO_SIGNAL
2022-01-17,HAVELLS,1315.7880859375,40.94802391691661,NO_SIGNAL
2022-01-18,HAVELLS,1302.32373046875,38.26115168416624,BUY
2022-01-19,HAVELLS,1295.690673828125,36.97401834457945,BUY
2022-01-20,HAVELLS,1297.2252197265625,37.49787341957354,BUY
2022-01-21,HAVELLS,1229.1611328125,26.841294291317336,STRONG_BUY
2022-01-24,HAVELLS,1168.17578125,21.06483800345781,STRONG_BUY
2022-01-25,HAVELLS,1172.5814208984375,22.36466511676374,STRONG_BUY
2022-01-27,HAVELLS,1133.8221435546875,19.34634440054393,STRONG_BUY
2022-01-28,HAVELLS,1130.85205078125,19.13325062090496,STRONG_BUY
2022-01-31,HAVELLS,1172.5814208984375,30.685178401989155,STRONG_BUY
2022-02-01,HAVELLS,1175.947509765625,31.53479468194965,STRONG_BUY
2022-02-02,HAVELLS,1197.87646484375,36.95624902218128,BUY
2022-02-03,HAVELLS,1194.6094970703125,36.49262852139768,BUY
2022-02-04,HAVELLS,1197.48046875,37.23777528204644,BUY
2022-02-07,HAVELLS,1183.026123046875,35.0105178019301,BUY
2022-02-08,HAVELLS,1174.9576416015625,33.795389311556605,BUY
2022-02-09,HAVELLS,1211.687255859375,43.4221344629742,NO_SIGNAL
2022-02-10,HAVELLS,1207.1331787109375,42.5951075219257,NO_SIGNAL
2022-02-11,HAVELLS,1163.0277099609375,35.535946089208615,BUY
2022-02-14,HAVELLS,1144.514404296875,33.059303657453896,BUY
2022-02-15,HAVELLS,1177.9276123046875,41.04535894621931,NO_SIGNAL
2022-02-16,HAVELLS,1194.3619384765625,44.54938149869023,NO_SIGNAL
2022-02-17,HAVELLS,1194.9063720703125,44.66671257712812,NO_SIGNAL
2022-02-18,HAVELLS,1189.312744140625,43.64489478126957,NO_SIGNAL
2022-02-21,HAVELLS,1189.1641845703125,43.61635631712739,NO_SIGNAL
2022-02-22,HAVELLS,1191.4412841796875,44.21843591532208,NO_SIGNAL
2022-02-23,HAVELLS,1189.2633056640625,43.737364415788505,NO_SIGNAL
2022-02-24,HAVELLS,1135.9505615234375,33.98943586137057,BUY
2022-02-25,HAVELLS,1156.7412109375,39.639272550365874,BUY
2022-02-28,HAVELLS,1173.868408203125,43.89912916370361,NO_SIGNAL
2022-03-02,HAVELLS,1137.385986328125,37.78248666008601,BUY
2022-03-03,HAVELLS,1093.3302001953125,31.986494181245,STRONG_BUY
2022-03-04,HAVELLS,1073.183349609375,29.739702587282054,STRONG_BUY
2022-03-07,HAVELLS,1061.3526611328125,28.47483545554005,STRONG_BUY
2022-03-08,HAVELLS,1064.61962890625,29.368198706250148,STRONG_BUY
2022-03-09,HAVELLS,1081.7470703125,34.0209275900526,BUY
2022-03-10,HAVELLS,1116.4471435546875,42.3120805157056,NO_SIGNAL
2022-03-11,HAVELLS,1081.6973876953125,37.26217788517279,BUY
2022-03-14,HAVELLS,1084.7664794921875,37.96636593672601,BUY
2022-03-15,HAVELLS,1071.2528076171875,36.047760474553314,BUY
2022-03-16,HAVELLS,1125.0108642578125,47.428961142694526,NO_SIGNAL
2022-03-17,HAVELLS,1135.653564453125,49.35071854597669,NO_SIGNAL
2022-03-21,HAVELLS,1125.8028564453125,47.615706334602095,NO_SIGNAL
2022-03-22,HAVELLS,1113.724609375,45.50332029113848,NO_SIGNAL
2022-03-23,HAVELLS,1129.9609375,48.79205612407063,NO_SIGNAL
2022-03-24,HAVELLS,1134.713134765625,49.74793785066935,NO_SIGNAL
2022-03-25,HAVELLS,1137.08935546875,50.24803463423078,NO_SIGNAL
2022-03-28,HAVELLS,1118.7738037109375,46.41390986104288,NO_SIGNAL
2022-03-29,HAVELLS,1142.0887451171875,51.488393159562975,NO_SIGNAL
2022-03-30,HAVELLS,1139.415771484375,50.89335357714033,NO_SIGNAL
2022-03-31,HAVELLS,1141.0491943359375,51.2640128932055,NO_SIGNAL
2022-04-01,HAVELLS,1161.3941650390625,55.74468538789987,NO_SIGNAL
2022-04-04,HAVELLS,1168.5224609375,57.22843926285493,NO_SIGNAL
2022-04-05,HAVELLS,1246.090576171875,69.29308998143576,SELL
2022-04-06,HAVELLS,1239.3583984375,67.51315125392591,SELL
2022-04-07,HAVELLS,1236.7347412109375,66.79306798255062,SELL
2022-04-08,HAVELLS,1255.2977294921875,69.28889915660001,SELL
2022-04-11,HAVELLS,1262.4752197265625,70.22088151732456,STRONG_SELL
2022-04-12,HAVELLS,1243.26904296875,64.57382881108549,STRONG_BUY
2022-04-13,HAVELLS,1260.990234375,67.1952062319004,SELL
2022-04-18,HAVELLS,1267.029541015625,68.06253670206843,SELL
2022-04-19,HAVELLS,1272.9696044921875,68.93258059042462,SELL
2022-04-20,HAVELLS,1286.38427734375,70.86303161574124,STRONG_SELL
2022-04-21,HAVELLS,1307.5709228515625,73.64807956097589,STRONG_SELL
2022-04-22,HAVELLS,1303.165283203125,72.10466312535745,STRONG_SELL
2022-04-25,HAVELLS,1288.9090576171875,67.19724110797799,SELL
2022-04-26,HAVELLS,1312.7188720703125,70.77477718006115,STRONG_SELL
2022-04-27,HAVELLS,1302.8682861328125,67.49506015042311,SELL
2022-04-28,HAVELLS,1303.957275390625,67.67340641692765,SELL
2022-04-29,HAVELLS,1298.7103271484375,65.80009892541217,SELL
2022-05-02,HAVELLS,1276.979248046875,58.56879645283927,NO_SIGNAL
2022-05-04,HAVELLS,1240.4969482421875,48.86067795954026,NO_SIGNAL
2022-05-05,HAVELLS,1236.6358642578125,47.95471220540169,NO_SIGNAL
2022-05-06,HAVELLS,1226.191162109375,45.49713141906852,NO_SIGNAL
2022-05-09,HAVELLS,1203.37109375,40.60134463624839,NO_SIGNAL
2022-05-10,HAVELLS,1212.0833740234375,43.11793991445929,NO_SIGNAL
2022-05-11,HAVELLS,1216.9840087890625,44.54128992685589,NO_SIGNAL
2022-05-12,HAVELLS,1187.580322265625,38.34195897702836,BUY
2022-05-13,HAVELLS,1222.6268310546875,47.68769571160203,NO_SIGNAL
2022-05-16,HAVELLS,1223.66650390625,47.93979193839455,NO_SIGNAL
2022-05-17,HAVELLS,1240.1505126953125,51.89781328276969,NO_SIGNAL
2022-05-18,HAVELLS,1230.1016845703125,49.43060712030764,NO_SIGNAL
2022-05-19,HAVELLS,1202.9256591796875,43.4189901094213,NO_SIGNAL
2022-05-20,HAVELLS,1217.0828857421875,47.03290905174042,NO_SIGNAL
2022-05-23,HAVELLS,1233.0220947265625,50.83999675350341,NO_SIGNAL
2022-05-24,HAVELLS,1205.5491943359375,44.85553335342194,NO_SIGNAL
2022-05-25,HAVELLS,1217.181884765625,47.66468316953045,NO_SIGNAL
2022-05-26,HAVELLS,1161.0477294921875,37.68760809583201,BUY
2022-05-27,HAVELLS,1169.561767578125,39.74763874205232,BUY
2022-05-30,HAVELLS,1205.4500732421875,47.6099482516625,NO_SIGNAL
2022-05-31,HAVELLS,1189.807861328125,44.86214285352449,NO_SIGNAL
2022-06-01,HAVELLS,1179.26416015625,43.05819615317367,NO_SIGNAL
2022-06-02,HAVELLS,1159.5130615234375,39.8274073012937,BUY
2022-06-03,HAVELLS,1144.6134033203125,37.5391398039221,BUY
2022-06-06,HAVELLS,1137.68310546875,36.48900029247518,BUY
2022-06-07,HAVELLS,1121.5457763671875,34.09709231646681,BUY
2022-06-08,HAVELLS,1098.0328369140625,30.9169995126582,STRONG_BUY
2022-06-09,HAVELLS,1120.7537841796875,37.02879282775255,BUY
2022-06-10,HAVELLS,1112.2396240234375,35.75234784953631,BUY
2022-06-13,HAVELLS,1081.6480712890625,31.544751712109893,STRONG_BUY
2022-06-14,HAVELLS,1115.895263671875,40.05068275795217,NO_SIGNAL
2022-06-15,HAVELLS,1107.047607421875,38.71238429527541,BUY
2022-06-16,HAVELLS,1086.9664306640625,35.78929675953868,BUY
2022-06-17,HAVELLS,1063.356201171875,32.66619467895522,STRONG_BUY
2022-06-20,HAVELLS,1064.89697265625,33.07661947634713,BUY
2022-06-21,HAVELLS,1099.442626953125,41.6625565326186,NO_SIGNAL
2022-06-22,HAVELLS,1094.7703857421875,40.898313054635736,NO_SIGNAL
2022-06-23,HAVELLS,1090.1973876953125,40.12254000616182,NO_SIGNAL
2022-06-24,HAVELLS,1100.3372802734375,42.71714339842408,NO_SIGNAL
2022-06-27,HAVELLS,1095.91357421875,41.86483919498073,NO_SIGNAL
2022-06-28,HAVELLS,1100.0391845703125,43.0069312223742,NO_SIGNAL
2022-06-29,HAVELLS,1092.1358642578125,41.33178603748126,NO_SIGNAL
2022-06-30,HAVELLS,1091.7381591796875,41.2447260384269,NO_SIGNAL
2022-07-01,HAVELLS,1104.71142578125,45.292829718630415,NO_SIGNAL
2022-07-04,HAVELLS,1126.432861328125,51.33812445415787,NO_SIGNAL
2022-07-05,HAVELLS,1150.291748046875,56.96355711965382,NO_SIGNAL
2022-07-06,HAVELLS,1190.15576171875,64.3740779400148,NO_SIGNAL
2022-07-07,HAVELLS,1214.8594970703125,68.04607907072433,SELL
2022-07-08,HAVELLS,1211.4298095703125,67.01337756986477,SELL
2022-07-11,HAVELLS,1217.0963134765625,67.88070490384418,SELL
2022-07-12,HAVELLS,1213.71630859375,66.75323662869712,SELL
2022-07-13,HAVELLS,1221.3212890625,68.03952023791216,SELL
2022-07-14,HAVELLS,1234.443603515625,70.18313326857425,STRONG_SELL
2022-07-15,HAVELLS,1248.2120361328125,72.28365780657754,STRONG_SELL
2022-07-18,HAVELLS,1254.8726806640625,73.26487338946427,STRONG_SELL
2022-07-19,HAVELLS,1251.2938232421875,71.79415197588197,STRONG_SELL
2022-07-20,HAVELLS,1216.0523681640625,59.193267156435766,STRONG_BUY
2022-07-21,HAVELLS,1249.6038818359375,65.41659514770203,SELL
2022-07-22,HAVELLS,1219.2335205078125,56.950028428441314,STRONG_BUY
2022-07-25,HAVELLS,1219.08447265625,56.911099108499016,STRONG_BUY
2022-07-26,HAVELLS,1203.42724609375,52.82598427978407,NO_SIGNAL
2022-07-27,HAVELLS,1213.815673828125,55.12746615877645,NO_SIGNAL
2022-07-28,HAVELLS,1218.0406494140625,56.06624247639648,NO_SIGNAL
2022-07-29,HAVELLS,1241.9989013671875,61.043367470337,NO_SIGNAL
2022-08-01,HAVELLS,1280.322021484375,67.40442424054201,SELL
2022-08-02,HAVELLS,1282.6085205078125,67.74285407757955,SELL
2022-08-03,HAVELLS,1271.9217529296875,64.37843247048829,STRONG_BUY
2022-08-04,HAVELLS,1302.192626953125,69.06505102288037,SELL
2022-08-05,HAVELLS,1281.813232421875,63.05071616761874,NO_SIGNAL
2022-08-08,HAVELLS,1297.271728515625,65.50458470371721,SELL
2022-08-10,HAVELLS,1301.2978515625,66.1353907142108,SELL
2022-08-11,HAVELLS,1300.5025634765625,65.87911684289512,SELL
2022-08-12,HAVELLS,1289.517578125,62.28874307440947,NO_SIGNAL
2022-08-16,HAVELLS,1293.69287109375,63.111654747902136,NO_SIGNAL
2022-08-17,HAVELLS,1340.5654296875,70.81189821904617,STRONG_SELL
2022-08-18,HAVELLS,1350.009521484375,72.07666038085443,STRONG_SELL
2022-08-19,HAVELLS,1342.056640625,69.35140481668883,SELL
2022-08-22,HAVELLS,1279.576416015625,52.5428904833308,NO_SIGNAL
2022-08-23,HAVELLS,1284.050048828125,53.41352592880251,NO_SIGNAL
2022-08-24,HAVELLS,1291.4560546875,54.88898135779009,NO_SIGNAL
2022-08-25,HAVELLS,1303.435302734375,57.24759596296185,NO_SIGNAL
2022-08-26,HAVELLS,1315.8616943359375,59.606888630388376,NO_SIGNAL
2022-08-29,HAVELLS,1335.5948486328125,63.09025006500628,NO_SIGNAL
2022-08-30,HAVELLS,1383.3123779296875,69.85908323790433,SELL
2022-09-01,HAVELLS,1376.8009033203125,68.02578814580087,SELL
2022-09-02,HAVELLS,1374.1666259765625,67.25681246876857,SELL
2022-09-05,HAVELLS,1371.6812744140625,66.49310567239164,SELL
2022-09-06,HAVELLS,1370.23974609375,66.02481275944751,SELL
2022-09-07,HAVELLS,1359.3543701171875,62.44824744372743,NO_SIGNAL
2022-09-08,HAVELLS,1340.963134765625,56.84542744375622,NO_SIGNAL
2022-09-09,HAVELLS,1338.1795654296875,56.02610905421048,NO_SIGNAL
2022-09-12,HAVELLS,1375.4093017578125,63.58574952787617,NO_SIGNAL
2022-09-13,HAVELLS,1370.438720703125,62.051967357440695,NO_SIGNAL
2022-09-14,HAVELLS,1360.6466064453125,59.031052983222295,NO_SIGNAL
2022-09-15,HAVELLS,1350.4072265625,55.96298085018432,NO_SIGNAL
2022-09-16,HAVELLS,1294.68701171875,42.89714414653065,NO_SIGNAL
2022-09-19,HAVELLS,1305.622314453125,45.58235763983755,NO_SIGNAL
2022-09-20,HAVELLS,1311.63671875,47.05696473587742,NO_SIGNAL
2022-09-21,HAVELLS,1306.5667724609375,45.92716451827233,NO_SIGNAL
2022-09-22,HAVELLS,1305.6719970703125,45.71853994972189,NO_SIGNAL
2022-09-23,HAVELLS,1298.7628173828125,44.0544280534462,NO_SIGNAL
2022-09-26,HAVELLS,1285.242919921875,40.91598148130429,NO_SIGNAL
2022-09-27,HAVELLS,1306.169189453125,47.18740048212698,NO_SIGNAL
2022-09-28,HAVELLS,1311.537353515625,48.69192800308437,NO_SIGNAL
2022-09-29,HAVELLS,1325.65380859375,52.52226623965917,NO_SIGNAL
2022-09-30,HAVELLS,1340.615234375,56.2501314285914,NO_SIGNAL
2022-10-03,HAVELLS,1315.3646240234375,49.225211340696646,NO_SIGNAL
2022-10-04,HAVELLS,1335.3961181640625,54.12034075519551,NO_SIGNAL
2022-10-06,HAVELLS,1344.591796875,56.20757034311151,NO_SIGNAL
2022-10-07,HAVELLS,1342.80224609375,55.676724237777584,NO_SIGNAL
2022-10-10,HAVELLS,1337.4837646484375,54.04313573580334,NO_SIGNAL
2022-10-11,HAVELLS,1271.8720703125,38.88541205485676,BUY
2022-10-12,HAVELLS,1262.72607421875,37.31431379682478,BUY
2022-10-13,HAVELLS,1223.7071533203125,31.472169840399,STRONG_BUY
2022-10-14,HAVELLS,1246.1243896484375,37.52418775723476,BUY
2022-10-17,HAVELLS,1224.7509765625,34.40440885332435,BUY
2022-10-18,HAVELLS,1249.653564453125,40.60092368662759,NO_SIGNAL
2022-10-19,HAVELLS,1241.302978515625,39.26156290279236,BUY
2022-10-20,HAVELLS,1202.681640625,33.72096419357,BUY
2022-10-21,HAVELLS,1159.0894775390625,28.78355294291543,STRONG_BUY
2022-10-24,HAVELLS,1169.0306396484375,31.25556335204526,STRONG_BUY
2022-10-25,HAVELLS,1168.8319091796875,31.23222420984373,STRONG_BUY
2022-10-27,HAVELLS,1179.5186767578125,34.08273902642198,BUY
2022-10-28,HAVELLS,1180.3636474609375,34.314578449192204,BUY
2022-10-31,HAVELLS,1209.143310546875,41.82023723875791,NO_SIGNAL
2022-11-01,HAVELLS,1213.567138671875,42.90030459604354,NO_SIGNAL
2022-11-02,HAVELLS,1213.0203857421875,42.7945631976794,NO_SIGNAL
2022-11-03,HAVELLS,1199.9974365234375,40.24977830475613,NO_SIGNAL
2022-11-04,HAVELLS,1201.8365478515625,40.78529792169091,NO_SIGNAL
2022-11-07,HAVELLS,1225.1982421875,47.25253069484342,NO_SIGNAL
2022-11-09,HAVELLS,1195.9713134765625,41.19133461280561,NO_SIGNAL
2022-11-10,HAVELLS,1219.5318603515625,47.08394332861901,NO_SIGNAL
2022-11-11,HAVELLS,1229.1746826171875,49.322089561426594,NO_SIGNAL
2022-11-14,HAVELLS,1232.4056396484375,50.08391108561271,NO_SIGNAL
2022-11-15,HAVELLS,1231.5606689453125,49.87276010844042,NO_SIGNAL
2022-11-16,HAVELLS,1225.2978515625,48.24909372030752,NO_SIGNAL
2022-11-17,HAVELLS,1216.400390625,45.95984501692518,NO_SIGNAL
2022-11-18,HAVELLS,1214.3624267578125,45.42817256713542,NO_SIGNAL
2022-11-21,HAVELLS,1227.335693359375,49.43801462214603,NO_SIGNAL
2022-11-22,HAVELLS,1233.35009765625,51.2272360713182,NO_SIGNAL
2022-11-23,HAVELLS,1233.499267578125,51.27329145240624,NO_SIGNAL
2022-11-24,HAVELLS,1235.686279296875,51.989100830011246,NO_SIGNAL
2022-11-25,HAVELLS,1239.16552734375,53.16777578943683,NO_SIGNAL
2022-11-28,HAVELLS,1214.3624267578125,44.73603947847661,NO_SIGNAL
2022-11-29,HAVELLS,1227.5841064453125,49.34746354692225,NO_SIGNAL
2022-11-30,HAVELLS,1246.1741943359375,55.029456461745205,NO_SIGNAL
2022-12-01,HAVELLS,1243.042724609375,53.93197480330284,NO_SIGNAL
2022-12-02,HAVELLS,1231.6600341796875,50.02641894177754,NO_SIGNAL
2022-12-05,HAVELLS,1227.087158203125,48.50668586575163,NO_SIGNAL
2022-12-06,HAVELLS,1215.257080078125,44.721661309233085,NO_SIGNAL
2022-12-07,HAVELLS,1198.6553955078125,40.00406814585453,NO_SIGNAL
2022-12-08,HAVELLS,1205.31591796875,42.619294380273374,NO_SIGNAL
2022-12-09,HAVELLS,1175.045166015625,35.12538908742946,BUY
2022-12-12,HAVELLS,1160.1334228515625,32.128426696162805,STRONG_BUY
2022-12-13,HAVELLS,1144.823974609375,29.358840673346403,STRONG_BUY
2022-12-14,HAVELLS,1148.45263671875,30.879746749059965,STRONG_BUY
2022-12-15,HAVELLS,1147.8560791015625,30.762484953497463,STRONG_BUY
2022-12-16,HAVELLS,1146.96142578125,30.574969996075247,STRONG_BUY
2022-12-19,HAVELLS,1155.659912109375,34.740153500559025,BUY
2022-12-20,HAVELLS,1165.3525390625,39.12297685708171,BUY
2022-12-21,HAVELLS,1149.4964599609375,34.98380079398658,BUY
2022-12-22,HAVELLS,1131.6024169921875,30.99802075901257,STRONG_BUY
2022-12-23,HAVELLS,1094.322998046875,24.68745843859801,STRONG_BUY
2022-12-26,HAVELLS,1104.015625,28.74892217951171,STRONG_BUY
2022-12-27,HAVELLS,1103.3197021484375,28.629541525877165,STRONG_BUY
2022-12-28,HAVELLS,1104.26416015625,29.060077390199496,STRONG_BUY
2022-12-29,HAVELLS,1096.36083984375,27.561741713610346,STRONG_BUY
2022-12-30,HAVELLS,1093.477783203125,27.014551415456804,STRONG_BUY
2023-01-02,HAVELLS,1094.1240234375,27.362661938961725,STRONG_BUY
2023-01-03,HAVELLS,1121.3131103515625,40.2705379994658,NO_SIGNAL
2023-01-04,HAVELLS,1141.99072265625,47.85916637610051,NO_SIGNAL
2023-01-05,HAVELLS,1160.23291015625,53.475092789772674,NO_SIGNAL
2023-01-06,HAVELLS,1185.4833984375,59.91146527554433,NO_SIGNAL
2023-01-09,HAVELLS,1179.4688720703125,57.85823723053007,NO_SIGNAL
2023-01-10,HAVELLS,1174.6474609375,56.19563913828888,NO_SIGNAL
2023-01-11,HAVELLS,1181.407470703125,58.01723068794785,NO_SIGNAL
2023-01-12,HAVELLS,1185.582763671875,59.1472332887877,NO_SIGNAL
2023-01-13,HAVELLS,1165.700439453125,51.97335515300705,NO_SIGNAL
2023-01-16,HAVELLS,1171.4664306640625,53.72621072229654,NO_SIGNAL
2023-01-17,HAVELLS,1171.1680908203125,53.61716974488435,NO_SIGNAL
2023-01-18,HAVELLS,1195.7227783203125,60.68891202397303,NO_SIGNAL
2023-01-19,HAVELLS,1198.357177734375,61.36941858561256,NO_SIGNAL
2023-01-20,HAVELLS,1146.812255859375,44.96721515806843,NO_SIGNAL
2023-01-23,HAVELLS,1192.939208984375,56.23896488984336,NO_SIGNAL
2023-01-24,HAVELLS,1186.3780517578125,54.52815783313052,STRONG_BUY
2023-01-25,HAVELLS,1176.511474609375,51.96797903450596,STRONG_BUY
2023-01-27,HAVELLS,1167.242919921875,49.61150811749213,STRONG_BUY
2023-01-30,HAVELLS,1172.574951171875,50.98837116609995,STRONG_BUY
2023-01-31,HAVELLS,1177.75732421875,52.35117165251585,NO_SIGNAL
2023-02-01,HAVELLS,1193.952392578125,56.42848940251842,STRONG_BUY
2023-02-02,HAVELLS,1194.749755859375,56.6252857748205,STRONG_BUY
2023-02-03,HAVELLS,1192.856201171875,55.97867433420001,STRONG_BUY
2023-02-06,HAVELLS,1195.3974609375,56.69340579572876,STRONG_BUY
2023-02-07,HAVELLS,1194.899169921875,56.49969911588231,STRONG_BUY
2023-02-08,HAVELLS,1226.143310546875,64.65454620621412,STRONG_BUY
2023-02-09,HAVELLS,1230.5782470703125,65.63921493740358,SELL
2023-02-10,HAVELLS,1196.892333984375,53.457445263725546,STRONG_BUY
2023-02-13,HAVELLS,1179.60107421875,48.48346922658047,NO_SIGNAL
2023-02-14,HAVELLS,1197.8392333984375,53.40780552639476,NO_SIGNAL
2023-02-15,HAVELLS,1214.0343017578125,57.310039582358826,NO_SIGNAL
2023-02-16,HAVELLS,1223.2032470703125,59.38408231114558,STRONG_BUY
2023-02-17,HAVELLS,1222.904296875,59.28295093821669,STRONG_BUY
2023-02-20,HAVELLS,1211.592529296875,55.43593864537583,STRONG_BUY
2023-02-21,HAVELLS,1212.5892333984375,55.708668669559145,NO_SIGNAL
2023-02-22,HAVELLS,1197.590087890625,50.68193020258602,NO_SIGNAL
2023-02-23,HAVELLS,1195.9954833984375,50.16369822784628,NO_SIGNAL
2023-02-24,HAVELLS,1176.91015625,44.32220680279887,NO_SIGNAL
2023-02-27,HAVELLS,1165.399169921875,41.205559718382325,NO_SIGNAL
2023-02-28,HAVELLS,1193.005615234375,50.2422539108082,NO_SIGNAL
2023-03-01,HAVELLS,1210.446533203125,54.95293161741499,NO_SIGNAL
2023-03-02,HAVELLS,1194.0023193359375,50.13366850529544,NO_SIGNAL
2023-03-03,HAVELLS,1200.9786376953125,52.05469653409227,NO_SIGNAL
2023-03-06,HAVELLS,1220.8612060546875,57.124241446401605,NO_SIGNAL
2023-03-08,HAVELLS,1217.771728515625,56.13107170714101,NO_SIGNAL
2023-03-09,HAVELLS,1206.111083984375,52.426196524377936,NO_SIGNAL
2023-03-10,HAVELLS,1211.6922607421875,53.991491898511725,NO_SIGNAL
2023-03-13,HAVELLS,1201.377197265625,50.673035184795545,NO_SIGNAL
2023-03-14,HAVELLS,1172.8240966796875,42.8263237979217,NO_SIGNAL
2023-03-15,HAVELLS,1182.3916015625,45.85200549126438,NO_SIGNAL
2023-03-16,HAVELLS,1181.046142578125,45.48744040614203,NO_SIGNAL
2023-03-17,HAVELLS,1189.1685791015625,48.16676657299866,NO_SIGNAL
2023-03-20,HAVELLS,1168.73779296875,42.50729462908632,NO_SIGNAL
2023-03-21,HAVELLS,1198.2877197265625,51.40150249700829,NO_SIGNAL
2023-03-22,HAVELLS,1188.6702880859375,48.7577224333053,NO_SIGNAL
2023-03-23,HAVELLS,1186.87646484375,48.25914302591812,NO_SIGNAL
2023-03-24,HAVELLS,1177.458251953125,45.621396606266735,NO_SIGNAL
2023-03-27,HAVELLS,1163.9541015625,42.070676959633786,NO_SIGNAL
2023-03-28,HAVELLS,1140.1348876953125,36.65203189903748,BUY
2023-03-29,HAVELLS,1175.614501953125,47.49913590225613,NO_SIGNAL
2023-03-31,HAVELLS,1184.4844970703125,49.81281501659679,NO_SIGNAL
2023-04-03,HAVELLS,1184.9329833984375,49.93295819518914,NO_SIGNAL
2023-04-05,HAVELLS,1196.8426513671875,53.14096133486118,NO_SIGNAL
2023-04-06,HAVELLS,1190.51416015625,51.26139155013495,NO_SIGNAL
2023-04-10,HAVELLS,1165.7978515625,44.623092355821086,NO_SIGNAL
2023-04-11,HAVELLS,1169.036865234375,45.61699419571102,NO_SIGNAL
2023-04-12,HAVELLS,1177.85693359375,48.3362173418019,NO_SIGNAL
2023-04-13,HAVELLS,1182.1922607421875,49.66837970530948,NO_SIGNAL
2023-04-17,HAVELLS,1211.09423828125,57.530481513418266,NO_SIGNAL
2023-04-18,HAVELLS,1205.911865234375,55.84596471808514,NO_SIGNAL
2023-04-19,HAVELLS,1211.492919921875,57.29612792277508,NO_SIGNAL
2023-04-20,HAVELLS,1201.77587890625,53.97243469758236,NO_SIGNAL
2023-04-21,HAVELLS,1204.56640625,54.78363523946339,NO_SIGNAL
2023-04-24,HAVELLS,1197.8392333984375,52.38666855342721,STRONG_BUY
2023-04-25,HAVELLS,1211.7919921875,56.62560374415276,STRONG_BUY
2023-04-26,HAVELLS,1215.7784423828125,57.78207807893565,STRONG_BUY
2023-04-27,HAVELLS,1217.073974609375,58.17239031327293,STRONG_BUY
2023-04-28,HAVELLS,1226.0435791015625,60.86974319341918,STRONG_BUY
2023-05-02,HAVELLS,1221.4591064453125,58.78319377751414,STRONG_BUY
2023-05-03,HAVELLS,1237.106201171875,63.39524118861927,NO_SIGNAL
2023-05-04,HAVELLS,1251.8560791015625,67.12919672100931,SELL
2023-05-05,HAVELLS,1281.455810546875,73.06671485558255,STRONG_SELL
2023-05-08,HAVELLS,1253.6500244140625,61.77764696077156,NO_SIGNAL
2023-05-09,HAVELLS,1235.362060546875,55.68391780518378,STRONG_BUY
2023-05-10,HAVELLS,1251.4573974609375,59.47285331698952,STRONG_BUY
2023-05-11,HAVELLS,1277.718505859375,64.76601630614803,STRONG_BUY
2023-05-12,HAVELLS,1301.53759765625,68.75242960663238,SELL
2023-05-15,HAVELLS,1293.91357421875,66.17173391478809,SELL
2023-05-16,HAVELLS,1286.7877197265625,63.76264685896879,NO_SIGNAL
2023-05-17,HAVELLS,1264.9117431640625,56.91245856370467,STRONG_BUY
2023-05-18,HAVELLS,1260.1280517578125,55.50811602980994,STRONG_BUY
2023-05-19,HAVELLS,1255.2945556640625,54.0566797667975,NO_SIGNAL
2023-05-22,HAVELLS,1259.480224609375,55.150355741748335,NO_SIGNAL
2023-05-23,HAVELLS,1245.527587890625,50.80846894039145,NO_SIGNAL
2023-05-24,HAVELLS,1269.0478515625,56.95987362426619,NO_SIGNAL
2023-05-25,HAVELLS,1274.080810546875,58.16542361280713,NO_SIGNAL
2023-05-26,HAVELLS,1284.79443359375,60.689584176734726,NO_SIGNAL
2023-05-29,HAVELLS,1293.2158203125,62.59982100944549,NO_SIGNAL
2023-05-30,HAVELLS,1283.9970703125,59.20799887562609,NO_SIGNAL
2023-05-31,HAVELLS,1303.5308837890625,63.69656272517597,NO_SIGNAL
2023-06-01,HAVELLS,1327.4000244140625,68.28838607365519,SELL
2023-06-02,HAVELLS,1331.449951171875,69.00474021405526,SELL
2023-06-05,HAVELLS,1347.199951171875,71.68368767343956,STRONG_SELL
2023-06-06,HAVELLS,1334.5999755859375,66.71580346323358,SELL
2023-06-07,HAVELLS,1345.8499755859375,68.79521218842895,SELL
2023-06-08,HAVELLS,1355.449951171875,70.48947585260781,STRONG_SELL
2023-06-09,HAVELLS,1345.8499755859375,66.59553323624372,SELL
2023-06-12,HAVELLS,1346.550048828125,66.7398270798909,SELL
2023-06-13,HAVELLS,1350.300048828125,67.54845931790706,SELL
2023-06-14,HAVELLS,1360.949951171875,69.79447112073768,SELL
2023-06-15,HAVELLS,1355.300048828125,67.1396469311826,SELL
2023-06-16,HAVELLS,1350.8499755859375,65.04112416351916,SELL
2023-06-19,HAVELLS,1336.949951171875,58.85329258431731,NO_SIGNAL
2023-06-20,HAVELLS,1346.800048828125,61.63848887765835,NO_SIGNAL
2023-06-21,HAVELLS,1339.4000244140625,58.43816040077391,NO_SIGNAL
2023-06-22,HAVELLS,1325.4000244140625,52.847692377244094,NO_SIGNAL
2023-06-23,HAVELLS,1284.949951171875,40.72522371084595,NO_SIGNAL
2023-06-26,HAVELLS,1290.4000244140625,42.63456278158436,NO_SIGNAL
2023-06-27,HAVELLS,1285.9000244140625,41.44741324936814,NO_SIGNAL
2023-06-28,HAVELLS,1285.9000244140625,41.44741324936813,NO_SIGNAL
2023-06-30,HAVELLS,1282.800048828125,40.54542557732773,NO_SIGNAL
2023-07-03,HAVELLS,1290.5999755859375,43.85614469526614,NO_SIGNAL
2023-07-04,HAVELLS,1277.550048828125,39.85719428593189,BUY
2023-07-05,HAVELLS,1287.0999755859375,43.889351920761314,NO_SIGNAL
2023-07-06,HAVELLS,1308.75,51.78173926998485,NO_SIGNAL
2023-07-07,HAVELLS,1284.4000244140625,44.2439821673487,NO_SIGNAL
2023-07-10,HAVELLS,1291.1500244140625,46.56603877065667,NO_SIGNAL
2023-07-11,HAVELLS,1307.6500244140625,51.8454253007105,NO_SIGNAL
2023-07-12,HAVELLS,1290.699951171875,46.7368707176394,NO_SIGNAL
2023-07-13,HAVELLS,1272.300048828125,41.90932012021644,NO_SIGNAL
2023-07-14,HAVELLS,1280.75,44.73263506426376,NO_SIGNAL
2023-07-17,HAVELLS,1298.5,50.20718462375401,NO_SIGNAL
2023-07-18,HAVELLS,1334.4000244140625,59.043706376199545,NO_SIGNAL
2023-07-19,HAVELLS,1364.0,64.61898136246957,NO_SIGNAL
2023-07-20,HAVELLS,1348.050048828125,59.88813219612774,NO_SIGNAL
2023-07-21,HAVELLS,1307.0,49.78576437370826,STRONG_BUY
