2020-07-21,INFY,866.14794921875,0.0,NO_SIGNAL
2020-07-22,INFY,848.7186889648438,0.0,NO_SIGNAL
2020-07-23,INFY,839.5184936523438,0.0,NO_SIGNAL
2020-07-24,INFY,853.2955322265625,0.0,NO_SIGNAL
2020-07-27,INFY,876.966064453125,0.0,NO_SIGNAL
2020-07-28,INFY,890.2807006835938,0.0,NO_SIGNAL
2020-07-29,INFY,882.2365112304688,0.0,NO_SIGNAL
2020-07-30,INFY,888.986328125,0.0,NO_SIGNAL
2020-07-31,INFY,893.193359375,0.0,NO_SIGNAL
2020-08-03,INFY,884.779296875,0.0,NO_SIGNAL
2020-08-04,INFY,878.2605590820312,0.0,NO_SIGNAL
2020-08-05,INFY,873.4987182617188,0.0,NO_SIGNAL
2020-08-06,INFY,897.6778564453125,0.0,NO_SIGNAL
2020-08-07,INFY,879.2313842773438,0.0,NO_SIGNAL
2020-08-10,INFY,879.6473999023438,54.24166979585903,NO_SIGNAL
2020-08-11,INFY,876.966064453125,53.27493026229018,NO_SIGNAL
2020-08-12,INFY,882.9762573242188,55.20225341890838,NO_SIGNAL
2020-08-13,INFY,879.5088500976562,53.8229085348924,NO_SIGNAL
2020-08-14,INFY,881.7278442382812,54.60465047999712,NO_SIGNAL
2020-08-17,INFY,885.333984375,55.91093814443246,NO_SIGNAL
2020-08-18,INFY,894.6265869140625,59.17134627169305,NO_SIGNAL
2020-08-19,INFY,886.9983520507812,55.5403869170798,NO_SIGNAL
2020-08-20,INFY,883.1611328125,53.75351252072549,NO_SIGNAL
2020-08-21,INFY,877.2896118164062,51.04721306522312,NO_SIGNAL
2020-08-24,INFY,875.9952392578125,50.44427287964509,NO_SIGNAL
2020-08-25,INFY,867.3961181640625,46.5136442624525,NO_SIGNAL
2020-08-26,INFY,879.138916015625,52.01259255742213,NO_SIGNAL
2020-08-27,INFY,875.6715087890625,50.36597837766112,NO_SIGNAL
2020-08-28,INFY,864.7608642578125,45.48626953296161,NO_SIGNAL
2020-08-31,INFY,858.6121826171875,42.96023343943526,NO_SIGNAL
2020-09-01,INFY,845.251220703125,38.01935289453252,NO_SIGNAL
2020-09-02,INFY,854.3588256835938,42.84487227725837,NO_SIGNAL
2020-09-03,INFY,865.038330078125,47.96107635671532,NO_SIGNAL
2020-09-04,INFY,849.8744506835938,42.1866177312622,NO_SIGNAL
2020-09-07,INFY,855.3297119140625,44.76318165573253,NO_SIGNAL
2020-09-08,INFY,868.5056762695312,50.50116240590542,NO_SIGNAL
2020-09-09,INFY,857.8261108398438,46.30267932753361,NO_SIGNAL
2020-09-10,INFY,869.1991577148438,50.9768068808735,NO_SIGNAL
2020-09-11,INFY,874.42333984375,53.00060136546495,NO_SIGNAL
2020-09-14,INFY,904.6587524414062,62.618915957965,NO_SIGNAL
2020-09-15,INFY,908.403564453125,63.61217288901793,NO_SIGNAL
2020-09-16,INFY,926.2488403320312,67.97861541261366,NO_SIGNAL
2020-09-17,INFY,934.8017578125,69.84623682224132,NO_SIGNAL
2020-09-18,INFY,926.6187744140624,65.88683606640863,NO_SIGNAL
2020-09-21,INFY,933.78466796875,67.61798217173252,NO_SIGNAL
2020-09-22,INFY,931.5655517578124,66.49265253487188,NO_SIGNAL
2020-09-23,INFY,942.8921508789062,69.30097100565396,NO_SIGNAL
2020-09-24,INFY,901.8849487304688,52.23256534777298,NO_SIGNAL
2020-09-25,INFY,935.2177734375,60.704668835890985,NO_SIGNAL
2020-09-28,INFY,934.2468872070312,60.36881301672895,NO_SIGNAL
2020-09-29,INFY,932.9525146484376,59.89305850745661,NO_SIGNAL
2020-09-30,INFY,932.2589721679688,59.62193026275736,NO_SIGNAL
2020-10-01,INFY,940.9505615234376,61.94680830276275,NO_SIGNAL
2020-10-05,INFY,969.6603393554688,68.4158398669891,NO_SIGNAL
2020-10-06,INFY,976.1790161132812,69.67634334874496,NO_SIGNAL
2020-10-07,INFY,986.1650390625,71.54953366141689,NO_SIGNAL
2020-10-08,INFY,1011.2686157226562,75.62576684183584,NO_SIGNAL
2020-10-09,INFY,1023.3814086914062,77.31468215784864,NO_SIGNAL
2020-10-12,INFY,1046.7745361328125,80.17214920621225,NO_SIGNAL
2020-10-13,INFY,1070.53759765625,82.57345001786811,NO_SIGNAL
2020-10-14,INFY,1051.3050537109375,74.68940739389467,NO_SIGNAL
2020-10-15,INFY,1024.7220458984375,65.39531026720232,NO_SIGNAL
2020-10-16,INFY,1042.521240234375,68.24466066829069,NO_SIGNAL
2020-10-19,INFY,1041.0418701171875,67.74537199625665,NO_SIGNAL
2020-10-20,INFY,1051.767578125,69.48831443848627,NO_SIGNAL
2020-10-21,INFY,1061.7996826171875,71.06334881747732,NO_SIGNAL
2020-10-22,INFY,1043.95458984375,64.66852961323264,NO_SIGNAL
2020-10-23,INFY,1049.0478515625,65.61947797370647,NO_SIGNAL
2020-10-26,INFY,1039.655517578125,62.29000273221629,NO_SIGNAL
2020-10-27,INFY,1019.4688720703124,55.74345668057232,NO_SIGNAL
2020-10-28,INFY,1006.1046752929688,51.857742329864905,NO_SIGNAL
2020-10-29,INFY,1004.5157470703124,51.39899065097697,NO_SIGNAL
2020-10-30,INFY,991.1981811523438,47.598314264296015,NO_SIGNAL
2020-11-02,INFY,1002.1326904296876,50.81423167927355,NO_SIGNAL
2020-11-03,INFY,993.0206909179688,48.16170039491993,NO_SIGNAL
2020-11-04,INFY,1022.3658447265624,56.10804604457879,NO_SIGNAL
2020-11-05,INFY,1031.7584228515625,58.310835579552176,NO_SIGNAL
2020-11-06,INFY,1039.9356689453125,60.1843161943607,NO_SIGNAL
2020-11-09,INFY,1062.1783447265625,64.81597143039185,NO_SIGNAL
2020-11-10,INFY,1019.65576171875,52.29217403436495,NO_SIGNAL
2020-11-11,INFY,1049.0478515625,58.2911573021096,NO_SIGNAL
2020-11-12,INFY,1044.6085205078125,57.12281691425108,NO_SIGNAL
2020-11-13,INFY,1050.636474609375,58.343728444404384,NO_SIGNAL
2020-11-14,INFY,1059.28125,60.09848082741144,NO_SIGNAL
2020-11-17,INFY,1050.1693115234375,57.35592497205542,NO_SIGNAL
2020-11-18,INFY,1037.8798828125,53.79056262773807,NO_SIGNAL
2020-11-19,INFY,1024.9827880859375,50.25962908987368,NO_SIGNAL
2020-11-20,INFY,1031.15087890625,51.88628574448316,NO_SIGNAL
2020-11-23,INFY,1065.2623291015625,59.72971048042077,NO_SIGNAL
2020-11-24,INFY,1065.4493408203125,59.76843242200576,NO_SIGNAL
2020-11-25,INFY,1042.64599609375,53.06777154390596,NO_SIGNAL
2020-11-26,INFY,1040.3563232421875,52.43214364269668,NO_SIGNAL
2020-11-27,INFY,1028.02001953125,49.02503255463449,NO_SIGNAL
2020-12-01,INFY,1063.3931884765625,57.54423517838113,NO_SIGNAL
2020-12-02,INFY,1066.2437744140625,58.15120872352109,NO_SIGNAL
2020-12-03,INFY,1052.7393798828125,54.198065563117694,NO_SIGNAL
2020-12-04,INFY,1060.4027099609375,56.02497487841443,NO_SIGNAL
2020-12-07,INFY,1068.673583984375,57.97336682630998,NO_SIGNAL
2020-12-08,INFY,1077.8790283203125,60.09270636296278,NO_SIGNAL
2020-12-09,INFY,1098.2991943359375,64.3834007852512,STRONG_BUY
2020-12-10,INFY,1091.336669921875,61.93813766397536,STRONG_BUY
2020-12-11,INFY,1087.08447265625,60.42866232518372,STRONG_BUY
2020-12-14,INFY,1088.3463134765625,60.734474761343016,STRONG_BUY
2020-12-15,INFY,1079.0469970703125,57.22462519168809,STRONG_BUY
2020-12-16,INFY,1089.4208984375,60.00159806028219,STRONG_BUY
2020-12-17,INFY,1083.3460693359375,57.64171052301771,NO_SIGNAL
2020-12-18,INFY,1111.94384765625,64.68358142328461,STRONG_BUY
2020-12-21,INFY,1100.261962890625,60.27544169461608,STRONG_BUY
2020-12-22,INFY,1140.635009765625,68.31272797625383,STRONG_BUY
2020-12-23,INFY,1171.0550537109375,72.78131742876641,NO_SIGNAL
2020-12-24,INFY,1155.16748046875,67.43273389070966,STRONG_BUY
2020-12-28,INFY,1159.139404296875,68.06459172179873,STRONG_BUY
2020-12-29,INFY,1168.485107421875,69.56104631206281,STRONG_BUY
2020-12-30,INFY,1165.214111328125,68.35377111715552,STRONG_BUY
2020-12-31,INFY,1173.6251220703125,69.80497493305947,STRONG_BUY
2021-01-01,INFY,1177.9708251953125,70.55624518016432,NO_SIGNAL
2021-01-04,INFY,1203.9517822265625,74.62165123981464,NO_SIGNAL
2021-01-05,INFY,1209.138427734375,75.35327215438232,NO_SIGNAL
2021-01-06,INFY,1198.2042236328125,70.72437869470986,NO_SIGNAL
2021-01-07,INFY,1179.5594482421875,63.555030646239686,STRONG_BUY
2021-01-08,INFY,1226.2408447265625,71.3781448486589,NO_SIGNAL
2021-01-11,INFY,1286.146484375,77.92637917853993,STRONG_SELL
2021-01-12,INFY,1281.98779296875,76.61593297834786,STRONG_SELL
2021-01-13,INFY,1296.3800048828125,77.99507838658228,STRONG_SELL
2021-01-14,INFY,1280.819580078125,72.98329745347257,NO_SIGNAL
2021-01-15,INFY,1256.94140625,65.9770989219133,STRONG_BUY
2021-01-18,INFY,1226.1943359375,58.22600079214898,STRONG_BUY
2021-01-19,INFY,1230.4931640625,58.95209346888416,NO_SIGNAL
2021-01-20,INFY,1251.80126953125,62.43725391492505,NO_SIGNAL
2021-01-21,INFY,1252.034912109375,62.474876248723774,NO_SIGNAL
2021-01-22,INFY,1253.1097412109375,62.66015814303903,NO_SIGNAL
2021-01-25,INFY,1238.390380859375,58.40701440386076,NO_SIGNAL
2021-01-27,INFY,1215.867431640625,52.53133592761727,NO_SIGNAL
2021-01-28,INFY,1192.690185546875,47.26232219941581,NO_SIGNAL
2021-01-29,INFY,1157.97119140625,40.67996506623515,NO_SIGNAL
2021-02-01,INFY,1178.3914794921875,45.48871525665699,NO_SIGNAL
2021-02-02,INFY,1188.06396484375,47.6533307902109,NO_SIGNAL
2021-02-03,INFY,1200.58740234375,50.39963942238512,NO_SIGNAL
2021-02-04,INFY,1195.634033203125,49.29797036079025,NO_SIGNAL
2021-02-05,INFY,1188.8583984375,47.76008901750719,NO_SIGNAL
2021-02-08,INFY,1218.2506103515625,54.40485053399152,NO_SIGNAL
2021-02-09,INFY,1220.1197509765625,54.79860293794121,NO_SIGNAL
2021-02-10,INFY,1211.661865234375,52.58562964123049,NO_SIGNAL
2021-02-11,INFY,1208.063720703125,51.630387345159576,NO_SIGNAL
2021-02-12,INFY,1224.0916748046875,55.507574100726366,NO_SIGNAL
2021-02-15,INFY,1223.951416015625,55.46567496240208,NO_SIGNAL
2021-02-16,INFY,1205.9610595703125,50.22849632500513,NO_SIGNAL
2021-02-17,INFY,1197.4564208984375,47.92475471633854,NO_SIGNAL
2021-02-18,INFY,1207.876708984375,50.89645482476372,NO_SIGNAL
2021-02-19,INFY,1206.802001953125,50.57589266137364,NO_SIGNAL
2021-02-22,INFY,1182.4100341796875,43.82867797027596,NO_SIGNAL
2021-02-23,INFY,1183.484619140625,44.18197019516912,NO_SIGNAL
2021-02-24,INFY,1190.91455078125,46.679124884504944,NO_SIGNAL
2021-02-25,INFY,1191.148193359375,46.75978569711075,NO_SIGNAL
2021-02-26,INFY,1171.2886962890625,41.07235785995649,NO_SIGNAL
2021-03-01,INFY,1184.09228515625,45.66118509477349,NO_SIGNAL
2021-03-02,INFY,1219.138427734375,55.80590526542672,NO_SIGNAL
2021-03-03,INFY,1255.6331787109375,63.45678721185837,NO_SIGNAL
2021-03-04,INFY,1243.296875,59.69475292637142,NO_SIGNAL
2021-03-05,INFY,1230.5399169921875,55.997652508608006,STRONG_BUY
2021-03-08,INFY,1248.343505859375,59.744732139664734,STRONG_BUY
2021-03-09,INFY,1257.5023193359375,61.55830874050903,STRONG_BUY
2021-03-10,INFY,1278.6234130859375,65.42658382215359,STRONG_BUY
2021-03-12,INFY,1284.884765625,66.50270466270024,STRONG_BUY
2021-03-15,INFY,1283.7166748046875,66.08942516597669,STRONG_BUY
2021-03-16,INFY,1293.436279296875,67.87822112519633,STRONG_BUY
2021-03-17,INFY,1296.23974609375,68.3960643861937,STRONG_BUY
2021-03-18,INFY,1249.605224609375,53.06961736052689,STRONG_BUY
2021-03-19,INFY,1256.47412109375,54.68048465044299,STRONG_BUY
2021-03-22,INFY,1281.099853515625,59.98359436789574,STRONG_BUY
2021-03-23,INFY,1281.8009033203125,60.12663933968773,STRONG_BUY
2021-03-24,INFY,1265.16552734375,55.09387844401535,NO_SIGNAL
2021-03-25,INFY,1246.5211181640625,50.03859868605506,NO_SIGNAL
2021-03-26,INFY,1248.763916015625,50.62550756696284,NO_SIGNAL
2021-03-30,INFY,1294.651123046875,60.7776157485454,NO_SIGNAL
2021-03-31,INFY,1278.5299072265625,56.390769021166754,NO_SIGNAL
2021-04-01,INFY,1294.5576171875,59.51913097150207,NO_SIGNAL
2021-04-05,INFY,1317.6416015625,63.5722964970587,NO_SIGNAL
2021-04-06,INFY,1318.716064453125,63.754211032919606,NO_SIGNAL
2021-04-07,INFY,1336.6129150390625,66.73412947297199,STRONG_BUY
2021-04-08,INFY,1345.6314697265625,68.15493292074781,STRONG_BUY
2021-04-09,INFY,1346.7530517578125,68.33605811834906,STRONG_BUY
2021-04-12,INFY,1332.454345703125,63.38631577159563,STRONG_BUY
2021-04-13,INFY,1305.7257080078125,55.319928825258735,STRONG_BUY
2021-04-15,INFY,1271.70751953125,47.103940339179466,NO_SIGNAL
2021-04-16,INFY,1265.16552734375,45.69833905156092,NO_SIGNAL
2021-04-19,INFY,1273.3897705078125,47.80691141624396,NO_SIGNAL
2021-04-20,INFY,1262.922607421875,45.391095740622525,NO_SIGNAL
2021-04-22,INFY,1262.68896484375,45.33602458047549,NO_SIGNAL
2021-04-23,INFY,1246.5211181640625,41.57686967201818,NO_SIGNAL
2021-04-26,INFY,1255.6331787109375,44.37621467418195,NO_SIGNAL
2021-04-27,INFY,1260.2591552734375,45.79616493796686,NO_SIGNAL
2021-04-28,INFY,1267.2684326171875,47.96373531135589,NO_SIGNAL
2021-04-29,INFY,1267.5953369140625,48.06804147220044,NO_SIGNAL
2021-04-30,INFY,1265.726318359375,47.4820237703421,NO_SIGNAL
2021-05-03,INFY,1263.576904296875,46.7757609801713,NO_SIGNAL
2021-05-04,INFY,1242.408935546875,40.40215238006852,NO_SIGNAL
2021-05-05,INFY,1253.7171630859375,44.73445718873018,NO_SIGNAL
2021-05-06,INFY,1272.501953125,51.094274301980434,NO_SIGNAL
2021-05-07,INFY,1264.044189453125,48.39395460811799,NO_SIGNAL
2021-05-10,INFY,1251.8948974609375,44.73645239533114,NO_SIGNAL
2021-05-11,INFY,1243.5771484375,42.37518784741452,NO_SIGNAL
2021-05-12,INFY,1240.166015625,41.40988273527775,NO_SIGNAL
2021-05-14,INFY,1230.259765625,38.655882929183626,BUY
2021-05-17,INFY,1242.408935546875,43.60913748573477,NO_SIGNAL
2021-05-18,INFY,1252.3154296875,47.34278791366408,NO_SIGNAL
2021-05-19,INFY,1249.51171875,46.406305040921126,NO_SIGNAL
2021-05-20,INFY,1251.6612548828125,47.26753724673633,NO_SIGNAL
2021-05-21,INFY,1265.866455078125,52.67937005913007,NO_SIGNAL
2021-05-24,INFY,1259.838623046875,50.31943246963646,NO_SIGNAL
2021-05-25,INFY,1272.501953125,54.891281709265726,NO_SIGNAL
2021-05-26,INFY,1305.819091796875,64.2204798454631,NO_SIGNAL
2021-05-27,INFY,1310.4920654296875,65.30433043942952,NO_SIGNAL
2021-05-28,INFY,1313.108642578125,65.92673611164953,NO_SIGNAL
2021-05-31,INFY,1316.60400390625,66.78395052317124,STRONG_BUY
2021-06-01,INFY,1310.4163818359375,63.727489087348445,STRONG_BUY
2021-06-02,INFY,1302.33984375,59.87552442683511,STRONG_BUY
2021-06-03,INFY,1312.73095703125,62.976210985325295,STRONG_BUY
2021-06-04,INFY,1308.9522705078125,61.12634447281577,STRONG_BUY
2021-06-07,INFY,1312.73095703125,62.31835050215238,STRONG_BUY
2021-06-08,INFY,1334.740966796875,68.39709782065644,STRONG_BUY
2021-06-09,INFY,1336.961181640625,68.94138206375938,STRONG_BUY
2021-06-10,INFY,1345.462890625,71.00096044976344,NO_SIGNAL
2021-06-11,INFY,1366.8121337890625,75.41061697907718,NO_SIGNAL
2021-06-14,INFY,1380.8873291015625,77.80668904880844,STRONG_SELL
2021-06-15,INFY,1392.317626953125,79.54947668939634,STRONG_SELL
2021-06-16,INFY,1398.6466064453125,80.46424960044592,STRONG_SELL
2021-06-17,INFY,1412.5330810546875,82.33169050462888,NO_SIGNAL
2021-06-18,INFY,1420.0902099609375,83.26901054838325,NO_SIGNAL
2021-06-21,INFY,1417.2562255859375,81.52240358882695,NO_SIGNAL
2021-06-22,INFY,1428.1668701171875,83.0007593021437,NO_SIGNAL
2021-06-23,INFY,1419.948486328125,77.94220025627112,STRONG_SELL
2021-06-24,INFY,1472.8958740234375,84.4974654836607,NO_SIGNAL
2021-06-25,INFY,1487.065673828125,85.72051614852175,STRONG_SELL
2021-06-28,INFY,1484.798828125,84.57102334709143,NO_SIGNAL
2021-06-29,INFY,1476.532958984375,80.34037820447433,STRONG_SELL
2021-06-30,INFY,1493.300537109375,82.27717661216288,NO_SIGNAL
2021-07-01,INFY,1474.0296630859375,73.33512716226036,NO_SIGNAL
2021-07-02,INFY,1481.0198974609375,74.42108943761471,NO_SIGNAL
2021-07-05,INFY,1491.552978515625,76.00675838540045,SELL
2021-07-06,INFY,1475.72998046875,69.07897362774834,NO_SIGNAL
2021-07-07,INFY,1477.9971923828125,69.50783648944407,NO_SIGNAL
2021-07-08,INFY,1474.360107421875,67.88131136504953,NO_SIGNAL
2021-07-09,INFY,1476.3912353515625,68.3270538025783,NO_SIGNAL
2021-07-12,INFY,1462.1741943359375,61.85613999254495,NO_SIGNAL
2021-07-13,INFY,1459.434814453125,60.66398806007454,NO_SIGNAL
2021-07-14,INFY,1489.6163330078125,67.98506436347864,NO_SIGNAL
2021-07-15,INFY,1493.300537109375,68.74965109085979,NO_SIGNAL
2021-07-16,INFY,1469.353515625,58.902699049293815,NO_SIGNAL
2021-07-19,INFY,1456.364501953125,54.3551115003484,NO_SIGNAL
2021-07-20,INFY,1464.2525634765625,56.54904758964151,NO_SIGNAL
2021-07-22,INFY,1502.18017578125,65.20825161654923,NO_SIGNAL
2021-07-23,INFY,1502.4161376953125,65.25464398330415,NO_SIGNAL
2021-07-26,INFY,1515.121826171875,67.74844559881863,NO_SIGNAL
2021-07-27,INFY,1513.8465576171875,67.22689515241758,NO_SIGNAL
2021-07-28,INFY,1516.727783203125,67.82947612539105,NO_SIGNAL
2021-07-29,INFY,1527.4967041015625,70.04628441250328,NO_SIGNAL
2021-07-30,INFY,1521.356689453125,67.20287271922659,NO_SIGNAL
2021-08-02,INFY,1541.2413330078125,71.27029197853216,NO_SIGNAL
2021-08-03,INFY,1563.582275390625,75.01884764830173,NO_SIGNAL
2021-08-04,INFY,1557.961669921875,72.45742101361445,NO_SIGNAL
2021-08-05,INFY,1562.023681640625,73.17038681306569,NO_SIGNAL
2021-08-06,INFY,1558.859130859375,71.61505167354008,NO_SIGNAL
2021-08-09,INFY,1571.234130859375,73.94722312626729,NO_SIGNAL
2021-08-10,INFY,1584.41162109375,76.19055637376758,SELL
2021-08-11,INFY,1584.6953125,76.23799379130706,STRONG_SELL
2021-08-12,INFY,1596.078125,78.12154138481675,STRONG_SELL
2021-08-13,INFY,1617.42724609375,81.1409890581113,NO_SIGNAL
2021-08-16,INFY,1610.0589599609375,77.1818813948817,STRONG_SELL
2021-08-17,INFY,1645.247314453125,81.75925824642441,NO_SIGNAL
2021-08-18,INFY,1637.5009765625,78.04751377374066,STRONG_SELL
2021-08-20,INFY,1637.0286865234375,77.81555831456338,STRONG_SELL
2021-08-23,INFY,1642.5076904296875,78.60977390445186,STRONG_SELL
2021-08-24,INFY,1625.5982666015625,70.25079841401907,NO_SIGNAL
2021-08-25,INFY,1639.48486328125,72.80802361051965,NO_SIGNAL
2021-08-26,INFY,1632.0692138671875,69.37832827868839,NO_SIGNAL
2021-08-27,INFY,1614.2154541015625,61.827057273257736,NO_SIGNAL
2021-08-30,INFY,1604.0604248046875,57.96266881034585,NO_SIGNAL
2021-08-31,INFY,1611.995361328125,60.06316916366248,NO_SIGNAL
2021-09-01,INFY,1584.884033203125,50.73516521477575,NO_SIGNAL
2021-09-02,INFY,1595.60595703125,53.7915530184643,NO_SIGNAL
2021-09-03,INFY,1606.5166015625,56.733187460414605,NO_SIGNAL
2021-09-06,INFY,1634.6199951171875,63.22686891958207,NO_SIGNAL
2021-09-07,INFY,1612.1845703125,56.0009705641788,NO_SIGNAL
2021-09-08,INFY,1599.526123046875,52.36467318428784,NO_SIGNAL
2021-09-09,INFY,1597.9674072265625,51.91762958133861,NO_SIGNAL
2021-09-13,INFY,1598.2508544921875,51.99788269533446,NO_SIGNAL
2021-09-14,INFY,1592.8192138671875,50.266480588151865,NO_SIGNAL
2021-09-15,INFY,1616.7188720703125,57.04414410445552,NO_SIGNAL
2021-09-16,INFY,1608.028076171875,54.15403539154634,NO_SIGNAL
2021-09-17,INFY,1597.6842041015625,50.85173083463865,NO_SIGNAL
2021-09-20,INFY,1594.425048828125,49.820860323227215,NO_SIGNAL
2021-09-21,INFY,1623.331298828125,57.96084741437535,NO_SIGNAL
2021-09-22,INFY,1621.8673095703125,57.45252362603435,NO_SIGNAL
2021-09-23,INFY,1646.097412109375,63.20433241164376,NO_SIGNAL
2021-09-24,INFY,1666.21826171875,67.17294171903849,NO_SIGNAL
2021-09-27,INFY,1625.8819580078125,54.48590266505633,NO_SIGNAL
2021-09-28,INFY,1593.716552734375,46.881802595960295,NO_SIGNAL
2021-09-29,INFY,1598.58154296875,48.0624567633763,NO_SIGNAL
2021-09-30,INFY,1582.4752197265625,44.53335703096927,NO_SIGNAL
2021-10-01,INFY,1572.9814453125,42.550070642495854,NO_SIGNAL
2021-10-04,INFY,1585.8287353515625,46.0514341794783,NO_SIGNAL
2021-10-05,INFY,1599.10107421875,49.47718567708016,NO_SIGNAL
2021-10-06,INFY,1580.9166259765625,45.23858668116589,NO_SIGNAL
2021-10-07,INFY,1597.4007568359375,49.46489452397832,NO_SIGNAL
2021-10-08,INFY,1628.432373046875,56.30198346495779,NO_SIGNAL
2021-10-11,INFY,1597.353515625,49.13243689467704,NO_SIGNAL
2021-10-12,INFY,1591.8746337890625,47.97266282620682,NO_SIGNAL
2021-10-13,INFY,1614.5933837890625,52.933905115569445,NO_SIGNAL
2021-10-14,INFY,1620.7806396484375,54.21442359621982,NO_SIGNAL
2021-10-18,INFY,1692.9520263671875,65.87664068988737,STRONG_BUY
2021-10-19,INFY,1721.291259765625,69.19471010316892,STRONG_BUY
2021-10-20,INFY,1702.58740234375,64.72158927399701,STRONG_BUY
2021-10-21,INFY,1656.5830078125,55.259305335143736,STRONG_BUY
2021-10-22,INFY,1624.6065673828125,49.80844258960846,STRONG_BUY
2021-10-25,INFY,1613.03466796875,47.96453447555693,NO_SIGNAL
2021-10-26,INFY,1623.6607666015625,49.80223430999874,NO_SIGNAL
2021-10-27,INFY,1647.724609375,53.78288261179331,NO_SIGNAL
2021-10-28,INFY,1623.8515625,49.58217415862863,NO_SIGNAL
2021-10-29,INFY,1589.3997802734375,44.21509992700445,NO_SIGNAL
2021-11-01,INFY,1620.182373046875,49.47740335232417,NO_SIGNAL
2021-11-02,INFY,1618.1334228515625,49.14508813183515,NO_SIGNAL
2021-11-03,INFY,1622.5172119140625,49.920102396869325,NO_SIGNAL
2021-11-04,INFY,1628.4259033203125,51.003940187437024,NO_SIGNAL
2021-11-08,INFY,1655.873046875,55.790335903272535,NO_SIGNAL
2021-11-09,INFY,1660.637939453125,56.58328453507944,NO_SIGNAL
2021-11-10,INFY,1658.3985595703125,56.074246043247285,NO_SIGNAL
2021-11-11,INFY,1651.870361328125,54.53403460500344,NO_SIGNAL
2021-11-12,INFY,1696.5667724609375,62.191284591354055,STRONG_BUY
2021-11-15,INFY,1703.1904296875,63.18090667546296,STRONG_BUY
2021-11-16,INFY,1708.0985107421875,63.9342126875744,STRONG_BUY
2021-11-17,INFY,1703.476318359375,62.63454229192797,STRONG_BUY
2021-11-18,INFY,1695.804443359375,60.43844600198922,STRONG_BUY
2021-11-22,INFY,1676.7440185546875,55.254932177058514,STRONG_BUY
2021-11-23,INFY,1655.3011474609375,50.053960800456586,NO_SIGNAL
2021-11-24,INFY,1616.3226318359375,42.26588112874208,NO_SIGNAL
2021-11-25,INFY,1641.482421875,47.9008201743893,NO_SIGNAL
2021-11-26,INFY,1612.177001953125,42.67605724741632,NO_SIGNAL
2021-11-29,INFY,1616.6561279296875,43.68708175977385,NO_SIGNAL
2021-11-30,INFY,1632.1903076171875,47.16731269850006,NO_SIGNAL
2021-12-01,INFY,1634.3345947265625,47.64827421275111,NO_SIGNAL
2021-12-02,INFY,1666.1180419921875,54.290542856121405,NO_SIGNAL
2021-12-03,INFY,1654.0145263671875,51.60535060259185,NO_SIGNAL
2021-12-06,INFY,1615.6556396484375,44.152158957412944,NO_SIGNAL
2021-12-07,INFY,1631.2374267578125,47.4709726290525,NO_SIGNAL
2021-12-08,INFY,1670.978271484375,54.841820069862976,NO_SIGNAL
2021-12-09,INFY,1680.603759765625,56.43627918595072,NO_SIGNAL
2021-12-10,INFY,1676.60107421875,55.557792216108005,NO_SIGNAL
2021-12-13,INFY,1662.68701171875,52.49856626873134,NO_SIGNAL
2021-12-14,INFY,1669.8345947265625,53.90277383668678,STRONG_BUY
2021-12-15,INFY,1652.72802734375,50.08654822304715,STRONG_BUY
2021-12-16,INFY,1688.370849609375,56.92886449808285,STRONG_BUY
2021-12-17,INFY,1735.30712890625,63.93924530557082,STRONG_BUY
2021-12-20,INFY,1714.3883056640625,59.30617908998376,STRONG_BUY
2021-12-21,INFY,1726.49169921875,61.064125078391605,STRONG_BUY
2021-12-22,INFY,1738.9761962890625,62.84699471029891,STRONG_BUY
2021-12-23,INFY,1770.3306884765625,66.94120438300921,STRONG_BUY
2021-12-24,INFY,1775.9534912109375,67.63010283618804,STRONG_BUY
2021-12-27,INFY,1778.47900390625,67.95312716379998,STRONG_BUY
2021-12-28,INFY,1799.302490234375,70.56165718536079,NO_SIGNAL
2021-12-29,INFY,1796.967529296875,69.87483887856311,STRONG_BUY
2021-12-30,INFY,1803.924560546875,70.78721736437087,NO_SIGNAL
2021-12-31,INFY,1799.0643310546875,69.21021138898068,STRONG_BUY
2022-01-03,INFY,1809.261474609375,70.68579252928932,NO_SIGNAL
2022-01-04,INFY,1809.9285888671875,70.78443796756548,NO_SIGNAL
2022-01-05,INFY,1757.989013671875,55.2075645032769,STRONG_BUY
2022-01-06,INFY,1732.400390625,49.4356967703246,NO_SIGNAL
2022-01-07,INFY,1729.06494140625,48.72066865056205,NO_SIGNAL
2022-01-10,INFY,1763.802490234375,55.87822758444572,NO_SIGNAL
2022-01-11,INFY,1768.4246826171875,56.7434113785119,NO_SIGNAL
2022-01-12,INFY,1789.2481689453125,60.50117699549043,NO_SIGNAL
2022-01-13,INFY,1807.6890869140625,63.52326532333665,NO_SIGNAL
2022-01-14,INFY,1838.7099609375,67.96366446446744,NO_SIGNAL
2022-01-17,INFY,1848.383056640625,69.22185004858726,NO_SIGNAL
2022-01-18,INFY,1830.513916015625,64.20540213738491,NO_SIGNAL
2022-01-19,INFY,1779.336669921875,52.47609091928673,NO_SIGNAL
2022-01-20,INFY,1738.0233154296875,45.28416030187806,NO_SIGNAL
2022-01-21,INFY,1701.8084716796875,40.096502244097486,NO_SIGNAL
2022-01-24,INFY,1655.2060546875,34.60304389837777,BUY
2022-01-25,INFY,1641.2440185546875,33.138193816626035,BUY
2022-01-27,INFY,1599.7401123046875,29.183273158344,STRONG_BUY
2022-01-28,INFY,1606.9830322265625,30.73680743891788,STRONG_BUY
2022-01-31,INFY,1654.6339111328125,40.05403796127734,NO_SIGNAL
2022-02-01,INFY,1688.7999267578125,45.69475383707638,NO_SIGNAL
2022-02-02,INFY,1703.142822265625,47.91065492217062,NO_SIGNAL
2022-02-03,INFY,1656.8736572265625,41.96217397584485,NO_SIGNAL
2022-02-04,INFY,1659.3038330078125,42.366914368499785,NO_SIGNAL
2022-02-07,INFY,1634.4300537109375,39.342662671363335,BUY
2022-02-08,INFY,1636.6219482421875,39.75079871654216,BUY
2022-02-09,INFY,1655.682373046875,43.32215010009886,NO_SIGNAL
2022-02-10,INFY,1686.4649658203125,48.61925960854008,NO_SIGNAL
2022-02-11,INFY,1640.481689453125,42.26473414283291,NO_SIGNAL
2022-02-14,INFY,1603.1708984375,37.932557682527104,BUY
2022-02-15,INFY,1656.5877685546875,46.402849320034825,NO_SIGNAL
2022-02-16,INFY,1651.870361328125,45.80829943745542,NO_SIGNAL
2022-02-17,INFY,1643.76953125,44.74800098915963,NO_SIGNAL
2022-02-18,INFY,1626.7581787109375,42.522164171339824,NO_SIGNAL
2022-02-21,INFY,1649.3924560546875,46.34628784791016,NO_SIGNAL
2022-02-22,INFY,1652.8709716796875,46.930656946095205,NO_SIGNAL
2022-02-23,INFY,1660.9715576171875,48.34168251248327,NO_SIGNAL
2022-02-24,INFY,1599.311279296875,39.69089256301609,BUY
2022-02-25,INFY,1614.9884033203125,42.50789864443593,NO_SIGNAL
2022-02-28,INFY,1635.001708984375,45.97702784889744,NO_SIGNAL
2022-03-02,INFY,1622.80322265625,44.2253456091,NO_SIGNAL
2022-03-03,INFY,1640.0050048828125,47.275880216926005,NO_SIGNAL
2022-03-04,INFY,1642.340087890625,47.69409879333384,NO_SIGNAL
2022-03-07,INFY,1658.1123046875,50.54746577503985,NO_SIGNAL
2022-03-08,INFY,1694.660888671875,56.47300801834457,NO_SIGNAL
2022-03-09,INFY,1728.159423828125,61.07653776957002,NO_SIGNAL
2022-03-10,INFY,1740.1199951171875,62.597585116890166,NO_SIGNAL
2022-03-11,INFY,1736.4031982421875,61.78951757872628,NO_SIGNAL
2022-03-14,INFY,1801.87548828125,69.30603213657238,NO_SIGNAL
2022-03-15,INFY,1752.8905029296875,59.82403502965808,STRONG_BUY
2022-03-16,INFY,1800.6365966796875,64.86921013952528,STRONG_BUY
2022-03-17,INFY,1767.4716796875,59.29886552415336,STRONG_BUY
2022-03-21,INFY,1765.9945068359375,59.05562172034601,STRONG_BUY
2022-03-22,INFY,1798.730712890625,62.706598800008685,STRONG_BUY
2022-03-23,INFY,1784.4354248046875,60.18290186844587,STRONG_BUY
2022-03-24,INFY,1798.063720703125,61.76284987892797,STRONG_BUY
2022-03-25,INFY,1788.3905029296875,59.94466589032857,STRONG_BUY
2022-03-28,INFY,1785.864990234375,59.45257598885244,STRONG_BUY
2022-03-29,INFY,1797.3966064453125,61.02582040219057,STRONG_BUY
2022-03-30,INFY,1814.5030517578125,63.30063376524784,STRONG_BUY
2022-03-31,INFY,1817.2669677734373,63.66960176307212,STRONG_BUY
2022-04-01,INFY,1814.1220703125,62.89476368425105,STRONG_BUY
2022-04-04,INFY,1794.48974609375,58.13823038149509,NO_SIGNAL
2022-04-05,INFY,1773.666259765625,53.51526990883434,NO_SIGNAL
2022-04-06,INFY,1742.931396484375,47.51032656723599,NO_SIGNAL
2022-04-07,INFY,1725.9200439453125,44.53185008737962,NO_SIGNAL
2022-04-08,INFY,1729.350830078125,45.27695241408896,NO_SIGNAL
2022-04-11,INFY,1683.5582275390625,37.94933518710892,BUY
2022-04-12,INFY,1660.59033203125,34.89860230973383,BUY
2022-04-13,INFY,1666.4039306640625,36.29460025869695,BUY
2022-04-18,INFY,1545.227294921875,24.50117591755604,STRONG_BUY
2022-04-19,INFY,1488.617919921875,21.05861342640533,STRONG_BUY
2022-04-20,INFY,1513.1103515625,25.909128254660864,STRONG_BUY
2022-04-21,INFY,1542.74951171875,31.402161060049767,STRONG_BUY
2022-04-22,INFY,1510.966064453125,28.92559677712028,STRONG_BUY
2022-04-25,INFY,1487.7601318359375,27.236611530956207,STRONG_BUY
2022-04-26,INFY,1506.7252197265625,30.793193744268372,STRONG_BUY
2022-04-27,INFY,1479.85009765625,28.65567079841308,STRONG_BUY
2022-04-28,INFY,1508.25,33.8789905299356,BUY
2022-04-29,INFY,1493.9071044921875,32.581618653751995,STRONG_BUY
2022-05-02,INFY,1468.6044921875,30.371984389277262,STRONG_BUY
2022-05-04,INFY,1463.4105224609375,29.923366154044263,STRONG_BUY
2022-05-05,INFY,1510.680419921875,38.78531614890456,BUY
2022-05-06,INFY,1470.36767578125,34.7493698278513,BUY
2022-05-09,INFY,1496.5755615234375,39.18031636760304,BUY
2022-05-10,INFY,1480.0406494140625,37.45231129957315,BUY
2022-05-11,INFY,1455.02392578125,34.94140416616298,BUY
2022-05-12,INFY,1437.917236328125,33.29747337364143,BUY
2022-05-13,INFY,1433.7239990234375,32.889001629593906,STRONG_BUY
2022-05-16,INFY,1419.1427001953125,31.444471857782315,STRONG_BUY
2022-05-17,INFY,1447.11376953125,37.147384321667815,BUY
2022-05-18,INFY,1438.2984619140625,36.1273759675083,BUY
2022-05-19,INFY,1360.1031494140625,28.620206993033143,STRONG_BUY
2022-05-20,INFY,1386.7877197265625,33.68450188344926,BUY
2022-05-23,INFY,1399.4151611328125,35.99855494605885,BUY
2022-05-24,INFY,1373.3023681640625,33.402799405619874,BUY
2022-05-25,INFY,1344.1876220703125,30.741193161701684,STRONG_BUY
2022-05-26,INFY,1357.05322265625,33.27150480106382,BUY
2022-05-27,INFY,1392.6962890625,39.830061180916346,BUY
2022-05-30,INFY,1455.0716552734375,49.23368591360019,NO_SIGNAL
2022-05-31,INFY,1448.13720703125,48.32939010035348,NO_SIGNAL
2022-06-01,INFY,1424.01123046875,45.2175795114969,NO_SIGNAL
2022-06-02,INFY,1452.3748779296875,49.34682209877027,NO_SIGNAL
2022-06-03,INFY,1465.5694580078125,51.18995465220828,NO_SIGNAL
2022-06-06,INFY,1473.611572265625,52.32854533531559,NO_SIGNAL
2022-06-07,INFY,1451.122802734375,48.89381624247929,NO_SIGNAL
2022-06-08,INFY,1444.669921875,47.92183057217896,NO_SIGNAL
2022-06-09,INFY,1459.11669921875,50.30377352292993,NO_SIGNAL
2022-06-10,INFY,1422.3258056640625,44.69705682422027,NO_SIGNAL
2022-06-13,INFY,1371.9549560546875,38.38846513466638,BUY
2022-06-14,INFY,1387.412841796875,41.13428121418818,NO_SIGNAL
2022-06-15,INFY,1369.7396240234375,38.99452979440011,BUY
2022-06-16,INFY,1345.661865234375,36.22945830152982,BUY
2022-06-17,INFY,1336.1270751953125,35.166035792076755,BUY
2022-06-20,INFY,1361.9866943359375,40.28544539955155,NO_SIGNAL
2022-06-21,INFY,1396.4180908203125,46.35885457994021,NO_SIGNAL
2022-06-22,INFY,1384.2344970703125,44.62913282367889,NO_SIGNAL
2022-06-23,INFY,1398.873779296875,47.17934542417196,NO_SIGNAL
2022-06-24,INFY,1387.942626953125,45.49440743693277,NO_SIGNAL
2022-06-27,INFY,1420.2069091796875,51.05109221414631,NO_SIGNAL
2022-06-28,INFY,1425.55224609375,51.92552613091552,NO_SIGNAL
2022-06-29,INFY,1409.2755126953125,49.05198495483023,NO_SIGNAL
2022-06-30,INFY,1407.975341796875,48.81957837597154,NO_SIGNAL
2022-07-01,INFY,1424.829833984375,51.99484104712694,NO_SIGNAL
2022-07-04,INFY,1433.112548828125,53.52091333133253,NO_SIGNAL
2022-07-05,INFY,1421.5069580078125,51.0710534960099,NO_SIGNAL
2022-07-06,INFY,1436.6279296875,54.02393901883371,NO_SIGNAL
2022-07-07,INFY,1443.4178466796875,55.32767237074464,NO_SIGNAL
2022-07-08,INFY,1458.5869140625,58.18074240936413,NO_SIGNAL
2022-07-11,INFY,1418.8104248046875,49.29092100525153,NO_SIGNAL
2022-07-12,INFY,1385.5347900390625,43.326697044978665,NO_SIGNAL
2022-07-13,INFY,1391.1689453125,44.55011487897485,NO_SIGNAL
2022-07-14,INFY,1376.1444091796875,41.949477599556,NO_SIGNAL
2022-07-15,INFY,1377.5892333984375,42.2983110346498,NO_SIGNAL
2022-07-18,INFY,1434.942626953125,54.0915563513416,NO_SIGNAL
2022-07-19,INFY,1429.404541015625,52.96584773811923,NO_SIGNAL
2022-07-20,INFY,1459.405517578125,58.058048628129065,NO_SIGNAL
2022-07-21,INFY,1476.3564453125,60.65029599304586,NO_SIGNAL
2022-07-22,INFY,1450.7376708984375,55.106813632475685,NO_SIGNAL
2022-07-25,INFY,1448.13720703125,54.56166550884413,STRONG_BUY
2022-07-26,INFY,1397.621826171875,45.20621226300624,STRONG_BUY
2022-07-27,INFY,1416.787841796875,48.79372373432994,NO_SIGNAL
2022-07-28,INFY,1461.4281005859375,56.01688782074543,STRONG_BUY
2022-07-29,INFY,1492.53662109375,60.22731826611243,STRONG_BUY
2022-08-01,INFY,1493.8369140625,60.397967584013934,STRONG_BUY
2022-08-02,INFY,1486.66162109375,58.8962426944441,STRONG_BUY
2022-08-03,INFY,1508.331787109375,61.97152014117915,STRONG_BUY
2022-08-04,INFY,1540.885009765625,66.0774177786459,STRONG_BUY
2022-08-05,INFY,1557.01708984375,67.92557573362663,STRONG_BUY
2022-08-08,INFY,1559.6656494140625,68.23159561611347,STRONG_BUY
2022-08-10,INFY,1543.3409423828125,64.16783167308581,STRONG_BUY
2022-08-11,INFY,1560.1953125,66.3932962057223,STRONG_BUY
2022-08-12,INFY,1535.2989501953125,60.42347482806613,STRONG_BUY
2022-08-16,INFY,1537.5621337890625,60.76880712249437,STRONG_BUY
2022-08-17,INFY,1547.000732421875,62.24828552328243,STRONG_BUY
2022-08-18,INFY,1524.56005859375,56.76695750735165,STRONG_BUY
2022-08-19,INFY,1538.188232421875,59.12115795196876,NO_SIGNAL
2022-08-22,INFY,1517.529541015625,54.29463492780815,NO_SIGNAL
2022-08-23,INFY,1485.505859375,47.78263112344581,NO_SIGNAL
2022-08-24,INFY,1480.78662109375,46.890098290430565,NO_SIGNAL
2022-08-25,INFY,1462.1505126953125,43.43940754160841,NO_SIGNAL
2022-08-26,INFY,1465.425048828125,44.21621276055038,NO_SIGNAL
2022-08-29,INFY,1407.8309326171875,35.088265869784834,BUY
2022-08-30,INFY,1437.8800048828125,41.834962869825645,NO_SIGNAL
2022-09-01,INFY,1410.1904296875,37.92344201008607,BUY
2022-09-02,INFY,1399.4036865234375,36.49203520846612,BUY
2022-09-05,INFY,1407.3975830078125,38.34918534131472,BUY
2022-09-06,INFY,1401.4261474609375,37.46776807457914,BUY
2022-09-07,INFY,1403.8822021484375,38.09796216284225,BUY
2022-09-08,INFY,1421.458984375,42.559405137272,NO_SIGNAL
2022-09-09,INFY,1455.8902587890625,50.140269643071264,NO_SIGNAL
2022-09-12,INFY,1479.53466796875,54.57395420980349,NO_SIGNAL
2022-09-13,INFY,1487.9619140625,56.07324502864515,NO_SIGNAL
2022-09-14,INFY,1420.977294921875,43.72101696166899,NO_SIGNAL
2022-09-15,INFY,1379.9488525390625,38.17408467018564,BUY
2022-09-16,INFY,1326.2552490234375,32.38365626851977,STRONG_BUY
2022-09-19,INFY,1339.0164794921875,34.91066410063436,BUY
2022-09-20,INFY,1337.3309326171875,34.72605913818562,BUY
2022-09-21,INFY,1326.4478759765625,33.494504849384064,BUY
2022-09-22,INFY,1317.4908447265625,32.47373419704587,STRONG_BUY
2022-09-23,INFY,1315.0830078125,32.189733337437346,STRONG_BUY
2022-09-26,INFY,1329.337158203125,35.77085062494362,BUY
2022-09-27,INFY,1342.146484375,38.8938893286624,BUY
2022-09-28,INFY,1343.2540283203125,39.16930417440084,BUY
2022-09-29,INFY,1347.0584716796875,40.16690999626942,NO_SIGNAL
2022-09-30,INFY,1361.3123779296875,43.88036757631321,NO_SIGNAL
2022-10-03,INFY,1342.3392333984375,40.295419900643445,NO_SIGNAL
2022-10-04,INFY,1376.6741943359375,48.49585135988046,NO_SIGNAL
2022-10-06,INFY,1401.474365234375,53.46737394328349,NO_SIGNAL
2022-10-07,INFY,1397.6700439453125,52.6281601964872,NO_SIGNAL
2022-10-10,INFY,1408.6976318359375,54.84083534661382,NO_SIGNAL
2022-10-11,INFY,1371.28076171875,46.84549664795741,NO_SIGNAL
2022-10-12,INFY,1376.0,47.87765395836518,NO_SIGNAL
2022-10-13,INFY,1367.524658203125,46.14465911984571,NO_SIGNAL
2022-10-14,INFY,1419.8697509765625,56.59455680556681,NO_SIGNAL
2022-10-17,INFY,1434.990478515625,59.06545377666666,NO_SIGNAL
2022-10-18,INFY,1448.2333984375,61.15130179395856,NO_SIGNAL
2022-10-19,INFY,1430.6566162109375,56.999790334531085,NO_SIGNAL
2022-10-20,INFY,1445.5367431640625,59.50613999541737,NO_SIGNAL
2022-10-21,INFY,1445.1514892578125,59.40958989309998,NO_SIGNAL
2022-10-24,INFY,1461.861572265625,62.26917789642885,STRONG_BUY
2022-10-25,INFY,1469.9998779296875,63.61367029469719,STRONG_BUY
2022-10-27,INFY,1483.7767333984375,65.8332298256741,STRONG_BUY
2022-10-28,INFY,1473.35888671875,62.7177047827547,STRONG_BUY
2022-10-31,INFY,1497.11572265625,66.59951402876409,STRONG_BUY
2022-11-01,INFY,1531.53369140625,71.2671000497363,NO_SIGNAL
2022-11-02,INFY,1512.3531494140625,65.7525220627432,STRONG_BUY
2022-11-03,INFY,1490.3975830078125,60.02672081871175,STRONG_BUY
2022-11-04,INFY,1474.0889892578125,56.1175966244075,STRONG_BUY
2022-11-07,INFY,1467.7117919921875,54.61969886626623,STRONG_BUY
2022-11-09,INFY,1471.3629150390625,55.3544538647864,NO_SIGNAL
2022-11-10,INFY,1462.356689453125,53.07180016672694,NO_SIGNAL
2022-11-11,INFY,1528.710205078125,64.64079750400683,NO_SIGNAL
2022-11-14,INFY,1543.5096435546875,66.61752301525017,STRONG_BUY
2022-11-15,INFY,1551.980224609375,67.7295159653724,STRONG_BUY
2022-11-16,INFY,1560.5482177734375,68.85946821840962,STRONG_BUY
2022-11-17,INFY,1545.5540771484375,64.59669652428522,STRONG_BUY
2022-11-18,INFY,1551.39599609375,65.49299831606936,STRONG_BUY
2022-11-21,INFY,1526.8602294921875,58.76399728457599,STRONG_BUY
2022-11-22,INFY,1543.26611328125,61.60465543770744,STRONG_BUY
2022-11-23,INFY,1541.416259765625,61.09360874152438,NO_SIGNAL
2022-11-24,INFY,1586.8365478515625,68.09260325694474,STRONG_BUY
2022-11-25,INFY,1592.5322265625,68.84936962807467,STRONG_BUY
2022-11-28,INFY,1580.605224609375,65.35384713593113,STRONG_BUY
2022-11-29,INFY,1586.106201171875,66.20605246525909,STRONG_BUY
2022-11-30,INFY,1591.8507080078125,67.11570473386912,STRONG_BUY
2022-12-01,INFY,1613.416748046875,70.34318321683372,NO_SIGNAL
2022-12-02,INFY,1594.7230224609375,64.43932476030558,STRONG_BUY
2022-12-05,INFY,1596.524169921875,64.746337398469,NO_SIGNAL
2022-12-06,INFY,1570.3819580078125,57.04788315980976,NO_SIGNAL
2022-12-07,INFY,1563.177001953125,55.10324332797811,NO_SIGNAL
2022-12-08,INFY,1577.4407958984375,58.14507132511431,NO_SIGNAL
2022-12-09,INFY,1527.931396484375,46.39526671387488,NO_SIGNAL
2022-12-12,INFY,1506.413818359375,42.38628981077392,NO_SIGNAL
2022-12-13,INFY,1530.7061767578125,47.86353787716097,NO_SIGNAL
2022-12-14,INFY,1537.7650146484375,49.36977934175052,NO_SIGNAL
2022-12-15,INFY,1499.8905029296875,42.30716511937461,NO_SIGNAL
2022-12-16,INFY,1482.0728759765625,39.44813778458733,BUY
2022-12-19,INFY,1467.6143798828125,37.24840462322751,BUY
2022-12-20,INFY,1467.5657958984375,37.240889809249886,BUY
2022-12-21,INFY,1469.75634765625,37.8497235284052,BUY
2022-12-22,INFY,1481.9268798828125,41.25930991887037,NO_SIGNAL
2022-12-23,INFY,1457.634521484375,36.90706850227306,BUY
2022-12-26,INFY,1462.794921875,38.39373749169924,BUY
2022-12-27,INFY,1474.9166259765625,41.85933809088371,NO_SIGNAL
2022-12-28,INFY,1470.340576171875,40.92342110760174,NO_SIGNAL
2022-12-29,INFY,1477.5455322265625,43.081291162698506,NO_SIGNAL
2022-12-30,INFY,1468.44189453125,41.0414293808413,NO_SIGNAL
2023-01-02,INFY,1483.825439453125,45.71865948991521,NO_SIGNAL
2023-01-03,INFY,1482.413818359375,45.36303611166705,NO_SIGNAL
2023-01-04,INFY,1455.395263671875,39.09481093014474,BUY
2023-01-05,INFY,1436.3118896484375,35.37658236664238,BUY
2023-01-06,INFY,1410.315673828125,31.044985053627816,STRONG_BUY
2023-01-09,INFY,1445.3179931640625,41.44161658139825,NO_SIGNAL
2023-01-10,INFY,1431.0054931640625,38.861442140701286,BUY
2023-01-11,INFY,1432.4659423828125,39.276895231030046,BUY
2023-01-12,INFY,1441.569580078125,41.92601515187276,NO_SIGNAL
2023-01-13,INFY,1464.011962890625,47.95401914374995,NO_SIGNAL
2023-01-16,INFY,1485.285888671875,52.94058735094303,NO_SIGNAL
2023-01-17,INFY,1498.9168701171875,55.85883741502909,NO_SIGNAL
2023-01-18,INFY,1504.661376953125,57.067141148166456,NO_SIGNAL
2023-01-19,INFY,1498.332763671875,55.272082393952914,NO_SIGNAL
2023-01-20,INFY,1485.3345947265625,51.67669582748006,NO_SIGNAL
2023-01-23,INFY,1507.1927490234375,56.76938501271378,NO_SIGNAL
2023-01-24,INFY,1510.989990234375,57.60526108975416,NO_SIGNAL
2023-01-25,INFY,1502.3245849609375,54.99215755139121,NO_SIGNAL
2023-01-27,INFY,1479.103271484375,48.62641194271682,NO_SIGNAL
2023-01-30,INFY,1498.2354736328125,53.411501764869904,NO_SIGNAL
2023-01-31,INFY,1493.3184814453125,52.06919945729555,NO_SIGNAL
2023-02-01,INFY,1510.2110595703125,56.14674210329228,NO_SIGNAL
2023-02-02,INFY,1542.0003662109375,62.59551789761221,STRONG_BUY
2023-02-03,INFY,1557.23779296875,65.23451529906538,STRONG_BUY
2023-02-06,INFY,1528.466796875,57.04990192223372,STRONG_BUY
2023-02-07,INFY,1521.2132568359375,55.170551137307285,STRONG_BUY
2023-02-08,INFY,1548.5723876953125,60.4612479276881,STRONG_BUY
2023-02-09,INFY,1574.3739013671875,64.69315355025677,STRONG_BUY
2023-02-10,INFY,1566.1466064453125,62.39968913614844,STRONG_BUY
2023-02-13,INFY,1526.1300048828125,52.627075261339705,STRONG_BUY
2023-02-14,INFY,1551.2498779296875,57.16246588022001,STRONG_BUY
2023-02-15,INFY,1554.9498291015625,57.80327179764176,STRONG_BUY
2023-02-16,INFY,1559.57470703125,58.63620728982693,STRONG_BUY
2023-02-17,INFY,1542.049072265625,54.264914667753686,STRONG_BUY
2023-02-20,INFY,1550.470947265625,55.96383576334792,NO_SIGNAL
2023-02-21,INFY,1537.8624267578125,52.80148614075975,NO_SIGNAL
2023-02-22,INFY,1520.6290283203125,48.746948579629525,NO_SIGNAL
2023-02-23,INFY,1509.821533203125,46.34356324552172,NO_SIGNAL
2023-02-24,INFY,1509.77294921875,46.33250427985505,NO_SIGNAL
2023-02-27,INFY,1469.5130615234375,38.19801955588152,BUY
2023-02-28,INFY,1448.33642578125,34.74278168282508,BUY
2023-03-01,INFY,1456.6123046875,37.13599279266701,BUY
2023-03-02,INFY,1433.34228515625,33.42422266328969,BUY
2023-03-03,INFY,1440.3038330078125,35.50119841940928,BUY
2023-03-06,INFY,1467.7117919921875,43.03599088565759,NO_SIGNAL
2023-03-08,INFY,1453.3505859375,40.37449583447525,NO_SIGNAL
2023-03-09,INFY,1441.374755859375,38.25014455765688,BUY
2023-03-10,INFY,1432.7581787109375,36.75180007135477,BUY
2023-03-13,INFY,1397.2689208984375,31.31143136162792,STRONG_BUY
2023-03-14,INFY,1382.567138671875,29.37172108799849,STRONG_BUY
2023-03-15,INFY,1382.226318359375,29.326365337912723,STRONG_BUY
2023-03-16,INFY,1367.086181640625,27.30894285358153,STRONG_BUY
2023-03-17,INFY,1383.24853515625,32.63643896686253,STRONG_BUY
2023-03-20,INFY,1366.6480712890625,30.18910780405956,STRONG_BUY
2023-03-21,INFY,1354.0394287109375,28.44441195541304,STRONG_BUY
2023-03-22,INFY,1352.6275634765625,28.24755088464021,STRONG_BUY
2023-03-23,INFY,1338.315185546875,26.263220010332237,STRONG_BUY
2023-03-24,INFY,1344.25439453125,28.50759134940582,STRONG_BUY
2023-03-27,INFY,1352.33544921875,31.56001340811902,STRONG_BUY
2023-03-28,INFY,1341.28466796875,29.692996297696432,STRONG_BUY
2023-03-29,INFY,1347.077880859375,31.96523117698581,STRONG_BUY
2023-03-31,INFY,1390.307373046875,45.99201068539367,NO_SIGNAL
2023-04-03,INFY,1373.6583251953125,42.36900302275919,NO_SIGNAL
2023-04-05,INFY,1386.0234375,45.78486819988409,NO_SIGNAL
2023-04-06,INFY,1384.4169921875,45.40830967180378,NO_SIGNAL
2023-04-10,INFY,1389.9666748046875,47.02912867775713,NO_SIGNAL
2023-04-11,INFY,1369.0821533203125,41.97818317362585,NO_SIGNAL
2023-04-12,INFY,1390.6483154296875,48.16875046781605,NO_SIGNAL
2023-04-13,INFY,1352.5789794921875,40.04627559816556,NO_SIGNAL
2023-04-17,INFY,1225.1297607421875,24.905137960132105,STRONG_BUY
2023-04-18,INFY,1226.1519775390625,25.14958293778816,STRONG_BUY
2023-04-19,INFY,1199.7176513671875,23.059203556954564,STRONG_BUY
2023-04-20,INFY,1191.149658203125,22.409053813824247,STRONG_BUY
2023-04-21,INFY,1194.9954833984375,23.45232262057752,STRONG_BUY
2023-04-24,INFY,1193.9732666015625,23.362405809967523,STRONG_BUY
2023-04-25,INFY,1192.610107421875,23.23447470964531,STRONG_BUY
2023-04-26,INFY,1195.1903076171875,24.081888414096436,STRONG_BUY
2023-04-27,INFY,1213.3973388671875,29.957602785357167,STRONG_BUY
2023-04-28,INFY,1219.7259521484375,31.92969438683372,STRONG_BUY
2023-05-02,INFY,1243.7747802734375,38.96256170193206,BUY
2023-05-03,INFY,1235.6937255859375,37.55832677659815,BUY
2023-05-04,INFY,1239.9776611328125,38.81719768604984,BUY
2023-05-05,INFY,1225.9085693359375,36.23359398653855,BUY
2023-05-08,INFY,1232.2371826171875,38.22536356530593,BUY
2023-05-09,INFY,1237.20263671875,39.81383326723224,BUY
2023-05-10,INFY,1229.9490966796875,38.2658857490352,BUY
2023-05-11,INFY,1222.9876708984375,36.78760598102974,BUY
2023-05-12,INFY,1212.3748779296875,34.593509769368765,BUY
2023-05-15,INFY,1225.17822265625,39.29722595888748,BUY
2023-05-16,INFY,1230.971435546875,41.35241205197661,NO_SIGNAL
2023-05-17,INFY,1214.0301513671875,37.36808500950357,BUY
2023-05-18,INFY,1213.15380859375,37.168585180414624,BUY
2023-05-19,INFY,1235.4501953125,45.18670847125642,NO_SIGNAL
2023-05-22,INFY,1258.72021484375,52.06243789040623,NO_SIGNAL
2023-05-23,INFY,1265.7791748046875,53.94954050967614,NO_SIGNAL
2023-05-24,INFY,1264.416015625,53.51145701899616,NO_SIGNAL
2023-05-25,INFY,1269.9656982421875,55.10964704005095,NO_SIGNAL
2023-05-26,INFY,1282.7203369140625,58.62974966463253,NO_SIGNAL
2023-05-29,INFY,1279.750732421875,57.49922655941738,NO_SIGNAL
2023-05-30,INFY,1288.9515380859375,60.06838121836724,NO_SIGNAL
2023-05-31,INFY,1283.5479736328125,57.856387495780005,NO_SIGNAL
2023-06-01,INFY,1302.0,62.88283522436571,NO_SIGNAL
2023-06-02,INFY,1299.0,61.596519858276544,NO_SIGNAL
2023-06-05,INFY,1304.5,63.08731212598233,NO_SIGNAL
2023-06-06,INFY,1279.0,52.84471118964946,STRONG_BUY
2023-06-07,INFY,1288.949951171875,55.85634373597345,STRONG_BUY
2023-06-08,INFY,1282.800048828125,53.57865017408589,STRONG_BUY
2023-06-09,INFY,1265.949951171875,47.82437082627807,STRONG_BUY
2023-06-12,INFY,1291.949951171875,55.725797737365625,STRONG_BUY
2023-06-13,INFY,1304.8499755859375,59.04014571043849,STRONG_BUY
2023-06-14,INFY,1300.4000244140625,57.442680343588506,STRONG_BUY
2023-06-15,INFY,1286.800048828125,52.74550222441909,STRONG_BUY
2023-06-16,INFY,1291.6500244140625,54.18430966341886,STRONG_BUY
2023-06-19,INFY,1294.0,54.90084304458905,NO_SIGNAL
2023-06-20,INFY,1303.4000244140625,57.74743726187843,STRONG_BUY
2023-06-21,INFY,1299.3499755859375,56.10431689429273,NO_SIGNAL
2023-06-22,INFY,1281.550048828125,49.44537834365536,NO_SIGNAL
2023-06-23,INFY,1265.0,44.19330310802332,NO_SIGNAL
2023-06-26,INFY,1270.3499755859375,46.18333139087388,NO_SIGNAL
2023-06-27,INFY,1279.1500244140625,49.380799192671226,NO_SIGNAL
2023-06-28,INFY,1279.1500244140625,49.38079919267123,NO_SIGNAL
2023-06-30,INFY,1335.5,64.877835716702,NO_SIGNAL
2023-07-03,INFY,1333.699951171875,64.20166724611455,NO_SIGNAL
2023-07-04,INFY,1345.1500244140625,66.58717288777109,NO_SIGNAL
2023-07-05,INFY,1347.300048828125,67.03143320812774,STRONG_BUY
2023-07-06,INFY,1343.9000244140625,65.54720123772645,STRONG_BUY
2023-07-07,INFY,1330.199951171875,59.80128452788498,STRONG_BUY
2023-07-10,INFY,1329.1500244140625,59.37174239770351,STRONG_BUY
2023-07-11,INFY,1348.5999755859375,64.46397563823425,STRONG_BUY
2023-07-12,INFY,1333.300048828125,58.27629947729689,STRONG_BUY
2023-07-13,INFY,1365.0999755859375,65.65521787165034,STRONG_BUY
2023-07-14,INFY,1425.949951171875,74.82870443318204,NO_SIGNAL
2023-07-17,INFY,1422.949951171875,73.78236696644127,NO_SIGNAL
2023-07-18,INFY,1475.199951171875,79.22982039470756,STRONG_SELL
2023-07-19,INFY,1474.949951171875,79.14508548024124,STRONG_SELL
2023-07-20,INFY,1449.5,70.83931877657018,NO_SIGNAL
2023-07-21,INFY,1335.699951171875,47.05823698441824,STRONG_BUY
