2020-07-21,LTIM,2190.4658203125,0.0,NO_SIGNAL
2020-07-22,LTIM,2239.470458984375,0.0,NO_SIGNAL
2020-07-23,LTIM,2173.458251953125,0.0,NO_SIGNAL
2020-07-24,LTIM,2185.421142578125,0.0,NO_SIGNAL
2020-07-27,LTIM,2332.051513671875,0.0,NO_SIGNAL
2020-07-28,LTIM,2321.193115234375,0.0,NO_SIGNAL
2020-07-29,LTIM,2306.53955078125,0.0,NO_SIGNAL
2020-07-30,LTIM,2293.1357421875,0.0,NO_SIGNAL
2020-07-31,LTIM,2322.250244140625,0.0,NO_SIGNAL
2020-08-03,LTIM,2393.2587890625,0.0,NO_SIGNAL
2020-08-04,LTIM,2352.758056640625,0.0,NO_SIGNAL
2020-08-05,LTIM,2402.00341796875,0.0,NO_SIGNAL
2020-08-06,LTIM,2372.360107421875,0.0,NO_SIGNAL
2020-08-07,LTIM,2371.06298828125,0.0,NO_SIGNAL
2020-08-10,LTIM,2420.740234375,69.74866207150694,NO_SIGNAL
2020-08-11,LTIM,2418.001708984375,69.39761288136155,NO_SIGNAL
2020-08-12,LTIM,2398.9765625,66.87924385551565,NO_SIGNAL
2020-08-13,LTIM,2375.146728515625,63.75827738556822,NO_SIGNAL
2020-08-14,LTIM,2344.54296875,59.8927357918986,NO_SIGNAL
2020-08-17,LTIM,2345.406982421875,59.96653089016088,NO_SIGNAL
2020-08-18,LTIM,2327.39111328125,57.58722691821782,NO_SIGNAL
2020-08-19,LTIM,2291.982421875,53.12568584305389,NO_SIGNAL
2020-08-20,LTIM,2280.740234375,51.75469635299639,NO_SIGNAL
2020-08-21,LTIM,2274.92724609375,51.02150697573398,NO_SIGNAL
2020-08-24,LTIM,2248.839111328125,47.7519720840896,NO_SIGNAL
2020-08-25,LTIM,2251.57763671875,48.12774566479591,NO_SIGNAL
2020-08-26,LTIM,2374.9541015625,61.54604755957077,NO_SIGNAL
2020-08-27,LTIM,2399.168701171875,63.53953843446411,NO_SIGNAL
2020-08-28,LTIM,2421.02880859375,65.28898339378931,NO_SIGNAL
2020-08-31,LTIM,2362.1748046875,57.315330478764025,NO_SIGNAL
2020-09-01,LTIM,2374.9541015625,58.50048790130237,NO_SIGNAL
2020-09-02,LTIM,2382.209228515625,59.19321038973927,NO_SIGNAL
2020-09-03,LTIM,2390.905029296875,60.05388713589568,NO_SIGNAL
2020-09-04,LTIM,2381.632568359375,58.63376551173548,NO_SIGNAL
2020-09-07,LTIM,2315.71630859375,49.6460144702615,NO_SIGNAL
2020-09-08,LTIM,2391.00146484375,57.63376669104699,NO_SIGNAL
2020-09-09,LTIM,2359.435791015625,53.7815191121684,NO_SIGNAL
2020-09-10,LTIM,2376.011474609375,55.46489362574266,NO_SIGNAL
2020-09-11,LTIM,2401.618896484375,58.00935972616327,NO_SIGNAL
2020-09-14,LTIM,2547.96044921875,68.9332342622874,NO_SIGNAL
2020-09-15,LTIM,2585.531005859375,71.0178206635766,NO_SIGNAL
2020-09-16,LTIM,2592.0654296875,71.37754931295203,NO_SIGNAL
2020-09-17,LTIM,2630.836181640625,73.4807774510834,NO_SIGNAL
2020-09-18,LTIM,2601.0009765625,69.26293874082333,NO_SIGNAL
2020-09-21,LTIM,2553.101318359375,63.009612262368606,NO_SIGNAL
2020-09-22,LTIM,2478.922119140625,54.76372191697999,NO_SIGNAL
2020-09-23,LTIM,2352.662109375,44.1684665033455,NO_SIGNAL
2020-09-24,LTIM,2319.94384765625,41.90589317935853,NO_SIGNAL
2020-09-25,LTIM,2376.924072265625,46.998039704473385,NO_SIGNAL
2020-09-28,LTIM,2436.835205078125,51.78358856955845,NO_SIGNAL
2020-09-29,LTIM,2403.636474609375,49.13607084431245,NO_SIGNAL
2020-09-30,LTIM,2444.041748046875,52.3304677776289,NO_SIGNAL
2020-10-01,LTIM,2428.37939453125,50.99357046147415,NO_SIGNAL
2020-10-05,LTIM,2480.123046875,55.07675747771127,NO_SIGNAL
2020-10-06,LTIM,2576.306396484375,61.49848062345523,NO_SIGNAL
2020-10-07,LTIM,2562.758544921875,60.19326107178067,NO_SIGNAL
2020-10-08,LTIM,2749.45654296875,69.72809028982908,NO_SIGNAL
2020-10-09,LTIM,2812.73046875,72.16179225441795,NO_SIGNAL
2020-10-12,LTIM,3148.50927734375,80.92558346009197,NO_SIGNAL
2020-10-13,LTIM,3122.613525390625,78.86359029575917,NO_SIGNAL
2020-10-14,LTIM,3200.2529296875,80.4702927827948,NO_SIGNAL
2020-10-15,LTIM,3167.487060546875,77.78301117138504,NO_SIGNAL
2020-10-16,LTIM,2954.84423828125,63.06415947911728,NO_SIGNAL
2020-10-19,LTIM,2897.2880859375,59.76745764923965,NO_SIGNAL
2020-10-20,LTIM,2848.8115234375,57.0618331485954,NO_SIGNAL
2020-10-21,LTIM,2978.57861328125,62.01852579715131,NO_SIGNAL
2020-10-22,LTIM,2932.60009765625,59.40200229678149,NO_SIGNAL
2020-10-23,LTIM,2941.39208984375,59.75168003822311,NO_SIGNAL
2020-10-26,LTIM,2881.86572265625,56.22092085541427,NO_SIGNAL
2020-10-27,LTIM,2799.345947265625,51.663345636664026,NO_SIGNAL
2020-10-28,LTIM,2790.12353515625,51.16414767281777,NO_SIGNAL
2020-10-29,LTIM,2832.6142578125,53.39836643534305,NO_SIGNAL
2020-10-30,LTIM,2818.418701171875,52.53366218689158,NO_SIGNAL
2020-11-02,LTIM,2755.261474609375,48.7511543863944,NO_SIGNAL
2020-11-03,LTIM,2835.65673828125,53.355179444818,NO_SIGNAL
2020-11-04,LTIM,2934.8349609375,58.32867200836053,NO_SIGNAL
2020-11-05,LTIM,3069.985595703125,63.96693919961384,NO_SIGNAL
2020-11-06,LTIM,3059.604248046875,63.25891132788253,NO_SIGNAL
2020-11-09,LTIM,3167.087646484375,67.29517021921616,NO_SIGNAL
2020-11-10,LTIM,2920.10791015625,52.911188374564055,NO_SIGNAL
2020-11-11,LTIM,2877.8583984375,50.906648095572514,NO_SIGNAL
2020-11-12,LTIM,2880.996826171875,51.05498556119856,NO_SIGNAL
2020-11-13,LTIM,2918.41748046875,52.88304094825023,NO_SIGNAL
2020-11-14,LTIM,2933.676025390625,53.64333139635357,NO_SIGNAL
2020-11-17,LTIM,2895.144287109375,51.38827958788266,NO_SIGNAL
2020-11-18,LTIM,2914.072265625,52.44582672747923,NO_SIGNAL
2020-11-19,LTIM,2880.70654296875,50.365769877083,NO_SIGNAL
2020-11-20,LTIM,2985.5830078125,56.2406298436748,NO_SIGNAL
2020-11-23,LTIM,3152.21533203125,63.6104770924208,NO_SIGNAL
2020-11-24,LTIM,3221.55322265625,66.16412432004292,NO_SIGNAL
2020-11-25,LTIM,3001.806640625,53.37932764158148,NO_SIGNAL
2020-11-26,LTIM,2982.974853515625,52.44409016255297,NO_SIGNAL
2020-11-27,LTIM,3090.699951171875,57.07695250630922,NO_SIGNAL
2020-12-01,LTIM,3238.453369140625,62.476458688854976,NO_SIGNAL
2020-12-02,LTIM,3277.37158203125,63.76928572769217,NO_SIGNAL
2020-12-03,LTIM,3187.4638671875,58.734738694045184,NO_SIGNAL
2020-12-04,LTIM,3153.181396484375,56.89037121878482,NO_SIGNAL
2020-12-07,LTIM,3158.782470703125,57.12724538551094,NO_SIGNAL
2020-12-08,LTIM,3149.608154296875,56.57886149219036,NO_SIGNAL
2020-12-09,LTIM,3153.857421875,56.78577705862538,NO_SIGNAL
2020-12-10,LTIM,3139.902587890625,55.84460620700487,NO_SIGNAL
2020-12-11,LTIM,3156.5615234375,56.76582612062499,NO_SIGNAL
2020-12-14,LTIM,3124.01708984375,54.378978188634655,NO_SIGNAL
2020-12-15,LTIM,3151.250244140625,56.04452438988081,NO_SIGNAL
2020-12-16,LTIM,3176.164794921875,57.57067568457044,NO_SIGNAL
2020-12-17,LTIM,3192.630615234375,58.593884076889935,NO_SIGNAL
2020-12-18,LTIM,3241.30224609375,61.54589459415735,NO_SIGNAL
2020-12-21,LTIM,3279.012939453125,63.70499842844537,NO_SIGNAL
2020-12-22,LTIM,3450.474609375,71.53171117169897,NO_SIGNAL
2020-12-23,LTIM,3548.928466796875,74.88122245776128,NO_SIGNAL
2020-12-24,LTIM,3501.271240234375,70.55387596261545,NO_SIGNAL
2020-12-28,LTIM,3515.9013671875,71.10590491545025,NO_SIGNAL
2020-12-29,LTIM,3486.157470703125,68.30238257003214,STRONG_BUY
2020-12-30,LTIM,3535.601806640625,70.39219782667801,NO_SIGNAL
2020-12-31,LTIM,3534.0087890625,70.23153989565186,NO_SIGNAL
2021-01-01,LTIM,3572.44384765625,71.89804207727263,NO_SIGNAL
2021-01-04,LTIM,3713.485107421875,76.98889264950265,NO_SIGNAL
2021-01-05,LTIM,3987.746337890625,83.31760224199365,NO_SIGNAL
2021-01-06,LTIM,3821.2099609375,70.61719895519367,NO_SIGNAL
2021-01-07,LTIM,3749.747314453125,65.97009363083008,STRONG_BUY
2021-01-08,LTIM,3951.8701171875,71.65223192015502,NO_SIGNAL
2021-01-11,LTIM,4099.57470703125,74.94464935376021,NO_SIGNAL
2021-01-12,LTIM,4138.2041015625,75.73829375210768,NO_SIGNAL
2021-01-13,LTIM,4251.48095703125,77.94451955595008,NO_SIGNAL
2021-01-14,LTIM,4240.1337890625,77.18732826411315,NO_SIGNAL
2021-01-15,LTIM,4140.81103515625,70.71203674548316,STRONG_SELL
2021-01-18,LTIM,3871.37841796875,56.79338493219584,STRONG_BUY
2021-01-19,LTIM,3951.04931640625,59.341888550141455,NO_SIGNAL
2021-01-20,LTIM,3950.6630859375,59.32362041742692,NO_SIGNAL
2021-01-21,LTIM,3842.89013671875,54.30038403843241,NO_SIGNAL
2021-01-22,LTIM,3794.700927734375,52.17309133103771,NO_SIGNAL
2021-01-25,LTIM,3760.322021484375,50.64862120284912,NO_SIGNAL
2021-01-27,LTIM,3887.747314453125,55.803394095681725,NO_SIGNAL
2021-01-28,LTIM,3834.681640625,53.306318660049065,NO_SIGNAL
2021-01-29,LTIM,3827.969970703125,52.98338572131315,NO_SIGNAL
2021-02-01,LTIM,3802.619873046875,51.70919293146704,NO_SIGNAL
2021-02-02,LTIM,3900.06005859375,56.08127503115743,NO_SIGNAL
2021-02-03,LTIM,4157.85546875,65.08723235904068,NO_SIGNAL
2021-02-04,LTIM,4156.11767578125,64.99048536501938,NO_SIGNAL
2021-02-05,LTIM,3983.207275390625,56.061286432581895,NO_SIGNAL
2021-02-08,LTIM,3961.2373046875,55.02678779168164,NO_SIGNAL
2021-02-09,LTIM,3928.306884765625,53.43514241971244,NO_SIGNAL
2021-02-10,LTIM,3862.7353515625,50.31433723526888,NO_SIGNAL
2021-02-11,LTIM,3888.2783203125,51.50256360587385,NO_SIGNAL
2021-02-12,LTIM,3901.363525390625,52.13408534666759,NO_SIGNAL
2021-02-15,LTIM,3893.927490234375,51.72190279634692,NO_SIGNAL
2021-02-16,LTIM,3809.66943359375,47.17099948027582,NO_SIGNAL
2021-02-17,LTIM,3742.9873046875,43.88039034207584,NO_SIGNAL
2021-02-18,LTIM,3738.54541015625,43.66189245295946,NO_SIGNAL
2021-02-19,LTIM,3689.632080078125,41.22741085126295,NO_SIGNAL
2021-02-22,LTIM,3663.606201171875,39.95098870731123,BUY
2021-02-23,LTIM,3625.798583984375,38.10532519508346,BUY
2021-02-24,LTIM,3591.226806640625,36.447203907258405,BUY
2021-02-25,LTIM,3531.111328125,33.70105896991602,BUY
2021-02-26,LTIM,3476.404052734375,31.383632769751294,STRONG_BUY
2021-03-01,LTIM,3484.322509765625,32.11131193901801,STRONG_BUY
2021-03-02,LTIM,3701.36572265625,48.29663462623316,NO_SIGNAL
2021-03-03,LTIM,3777.028564453125,52.544148796634815,NO_SIGNAL
2021-03-04,LTIM,3790.114013671875,53.259306542048925,NO_SIGNAL
2021-03-05,LTIM,3713.2919921875,48.6262788786599,NO_SIGNAL
2021-03-08,LTIM,3733.6201171875,49.86899539029043,NO_SIGNAL
2021-03-09,LTIM,3762.88134765625,51.68087787098934,NO_SIGNAL
2021-03-10,LTIM,3987.360107421875,62.79139668599044,NO_SIGNAL
2021-03-12,LTIM,3878.33154296875,56.05012802133976,NO_SIGNAL
2021-03-15,LTIM,3947.1865234375,59.040825191693735,NO_SIGNAL
2021-03-16,LTIM,3974.805908203125,60.2104515850477,NO_SIGNAL
2021-03-17,LTIM,3909.4755859375,56.12764974131329,STRONG_BUY
2021-03-18,LTIM,3870.026611328125,53.75721093652959,STRONG_BUY
2021-03-19,LTIM,3935.3564453125,56.99626770277422,STRONG_BUY
2021-03-22,LTIM,3952.7392578125,57.84241016117062,STRONG_BUY
2021-03-23,LTIM,3896.148681640625,54.10972453235602,STRONG_BUY
2021-03-24,LTIM,3835.9853515625,50.386959540659504,STRONG_BUY
2021-03-25,LTIM,3706.09765625,43.43853568707336,NO_SIGNAL
2021-03-26,LTIM,3811.890869140625,49.54195300614671,NO_SIGNAL
2021-03-30,LTIM,4020.2421875,58.93924077509271,STRONG_BUY
2021-03-31,LTIM,3915.269775390625,53.5300381564754,STRONG_BUY
2021-04-01,LTIM,3971.763671875,55.87699360197139,STRONG_BUY
2021-04-05,LTIM,4123.09033203125,61.48784707476752,STRONG_BUY
2021-04-06,LTIM,4111.54931640625,60.85229077461548,STRONG_BUY
2021-04-07,LTIM,4151.0478515625,62.28895396409816,STRONG_BUY
2021-04-08,LTIM,4177.701171875,63.26853830417106,STRONG_BUY
2021-04-09,LTIM,4228.44921875,65.12603187014072,STRONG_BUY
2021-04-12,LTIM,4111.7431640625,57.87738791228938,STRONG_BUY
2021-04-13,LTIM,3967.36962890625,50.40357265908394,STRONG_BUY
2021-04-15,LTIM,3906.481689453125,47.61121484431296,NO_SIGNAL
2021-04-16,LTIM,3949.64892578125,49.73721807842384,NO_SIGNAL
2021-04-19,LTIM,3924.009765625,48.47883745196957,NO_SIGNAL
2021-04-20,LTIM,3833.13623046875,44.209464459946325,NO_SIGNAL
2021-04-22,LTIM,3780.988037109375,41.92755720478727,NO_SIGNAL
2021-04-23,LTIM,3767.275146484375,41.32353263529736,NO_SIGNAL
2021-04-26,LTIM,3799.14306640625,43.36548505455136,NO_SIGNAL
2021-04-27,LTIM,3775.62841796875,42.19854488219557,NO_SIGNAL
2021-04-28,LTIM,3757.42529296875,41.2726558424846,NO_SIGNAL
2021-04-29,LTIM,3718.941162109375,39.3089633786995,BUY
2021-04-30,LTIM,3756.845703125,42.22469500085235,NO_SIGNAL
2021-05-03,LTIM,3789.0517578125,44.65752915263992,NO_SIGNAL
2021-05-04,LTIM,3714.4990234375,40.41501114957986,NO_SIGNAL
2021-05-05,LTIM,3780.8916015625,45.39052190553516,NO_SIGNAL
2021-05-06,LTIM,3681.61669921875,40.010550663462816,NO_SIGNAL
2021-05-07,LTIM,3639.3671875,37.94905397826906,BUY
2021-05-10,LTIM,3539.754150390625,33.558763698988486,BUY
2021-05-11,LTIM,3494.752197265625,31.77055989109168,STRONG_BUY
2021-05-12,LTIM,3536.42236328125,35.213083473370084,BUY
2021-05-14,LTIM,3474.955322265625,32.60016046065765,STRONG_BUY
2021-05-17,LTIM,3460.759033203125,32.0093921452018,STRONG_BUY
2021-05-18,LTIM,3510.734619140625,36.38016031639296,BUY
2021-05-19,LTIM,3619.18359375,44.68953589531487,NO_SIGNAL
2021-05-20,LTIM,3547.769775390625,40.90116105897151,NO_SIGNAL
2021-05-21,LTIM,3530.29052734375,40.00721645167414,NO_SIGNAL
2021-05-24,LTIM,3538.59521484375,40.67069889842211,NO_SIGNAL
2021-05-25,LTIM,3580.3623046875,44.0236746661068,NO_SIGNAL
2021-05-26,LTIM,3669.54541015625,50.46147248829782,NO_SIGNAL
2021-05-27,LTIM,3789.72802734375,57.54718029796423,NO_SIGNAL
2021-05-28,LTIM,3795.666748046875,57.867873279159056,NO_SIGNAL
2021-05-31,LTIM,3807.20703125,58.52355442275727,NO_SIGNAL
2021-06-01,LTIM,3757.231689453125,54.56346286339844,NO_SIGNAL
2021-06-02,LTIM,3706.821533203125,50.82735828592115,NO_SIGNAL
2021-06-03,LTIM,3705.904296875,50.75925309590023,NO_SIGNAL
2021-06-04,LTIM,3724.349365234375,52.14782402096208,NO_SIGNAL
2021-06-07,LTIM,3756.4111328125,54.54718765005938,NO_SIGNAL
2021-06-08,LTIM,3863.990966796875,61.5193143872061,NO_SIGNAL
2021-06-09,LTIM,3801.50927734375,56.13370559606944,NO_SIGNAL
2021-06-10,LTIM,3896.48681640625,61.63219178918181,STRONG_BUY
2021-06-11,LTIM,4030.720458984375,67.77931722499744,STRONG_BUY
2021-06-14,LTIM,4024.394775390625,67.23265867729462,STRONG_BUY
2021-06-15,LTIM,4010.923095703125,66.01159545818606,STRONG_BUY
2021-06-16,LTIM,4065.14794921875,68.49209268598375,STRONG_BUY
2021-06-17,LTIM,4027.19580078125,64.92088536638995,STRONG_BUY
2021-06-18,LTIM,3932.845703125,56.96845716575416,STRONG_BUY
2021-06-21,LTIM,3938.97802734375,57.33427250772933,STRONG_BUY
2021-06-22,LTIM,3969.83203125,59.21301685507504,STRONG_BUY
2021-06-23,LTIM,3977.654296875,59.697552427034815,STRONG_BUY
2021-06-24,LTIM,4041.439697265625,63.504816846062425,STRONG_BUY
2021-06-25,LTIM,4070.893310546875,65.14231974671554,STRONG_BUY
2021-06-28,LTIM,3980.79296875,56.75331725736291,STRONG_BUY
2021-06-29,LTIM,3992.381591796875,57.51121651461435,NO_SIGNAL
2021-06-30,LTIM,3931.68701171875,52.337805883037824,NO_SIGNAL
2021-07-01,LTIM,3903.022705078125,50.04805711938194,NO_SIGNAL
2021-07-02,LTIM,3928.3349609375,52.04329971774021,NO_SIGNAL
2021-07-05,LTIM,3932.026611328125,52.34228577039026,NO_SIGNAL
2021-07-06,LTIM,3907.346435546875,50.09376116927172,NO_SIGNAL
2021-07-07,LTIM,3920.5126953125,51.29577766247151,NO_SIGNAL
2021-07-08,LTIM,3927.99462890625,52.00324047565319,NO_SIGNAL
2021-07-09,LTIM,3939.266357421875,53.10832153637675,NO_SIGNAL
2021-07-12,LTIM,3921.144287109375,51.07235751728392,NO_SIGNAL
2021-07-13,LTIM,3904.042724609375,49.15718801034785,NO_SIGNAL
2021-07-14,LTIM,4095.365478515625,64.97922964147243,NO_SIGNAL
2021-07-15,LTIM,4295.044921875,74.05429642747113,NO_SIGNAL
2021-07-16,LTIM,4167.1240234375,62.82287399365073,NO_SIGNAL
2021-07-19,LTIM,4255.54638671875,66.59433735908246,STRONG_BUY
2021-07-20,LTIM,4234.16943359375,64.88070363138789,STRONG_BUY
2021-07-22,LTIM,4281.34423828125,66.90463975336417,STRONG_BUY
2021-07-23,LTIM,4237.66748046875,63.2691101369766,STRONG_BUY
2021-07-26,LTIM,4228.14501953125,62.47206883045015,STRONG_BUY
2021-07-27,LTIM,4226.20166015625,62.29957926820442,STRONG_BUY
2021-07-28,LTIM,4233.87744140625,62.73720864721777,STRONG_BUY
2021-07-29,LTIM,4508.22998046875,74.245016948965,NO_SIGNAL
2021-07-30,LTIM,4561.4951171875,75.80716686438251,NO_SIGNAL
2021-08-02,LTIM,4579.12158203125,76.31904607373326,NO_SIGNAL
2021-08-03,LTIM,4596.50244140625,76.83942629742138,NO_SIGNAL
2021-08-04,LTIM,4571.76904296875,74.33609368408463,NO_SIGNAL
2021-08-05,LTIM,4581.31201171875,74.67886307809327,NO_SIGNAL
2021-08-06,LTIM,4637.64453125,76.66052984290383,NO_SIGNAL
2021-08-09,LTIM,4623.81689453125,75.10671361797681,NO_SIGNAL
2021-08-10,LTIM,4663.400390625,76.5707031198757,NO_SIGNAL
2021-08-11,LTIM,4629.7080078125,72.65402684214408,NO_SIGNAL
2021-08-12,LTIM,4749.1416015625,77.12150081832863,NO_SIGNAL
2021-08-13,LTIM,4734.9736328125,75.54483661432249,STRONG_SELL
2021-08-16,LTIM,4649.57275390625,66.69389906532867,STRONG_BUY
2021-08-17,LTIM,4828.79638671875,73.66670164304064,NO_SIGNAL
2021-08-18,LTIM,4851.14404296875,74.38676288466462,NO_SIGNAL
2021-08-20,LTIM,4789.26123046875,68.77836559045666,STRONG_BUY
2021-08-23,LTIM,4920.57421875,73.36701863233773,STRONG_SELL
2021-08-24,LTIM,4851.6796875,67.7416964188774,STRONG_BUY
2021-08-25,LTIM,4954.4619140625,71.27966512309834,STRONG_SELL
2021-08-26,LTIM,5002.95556640625,72.79567480990269,STRONG_SELL
2021-08-27,LTIM,5096.34033203125,75.47985313914926,STRONG_SELL
2021-08-30,LTIM,5134.65869140625,76.50427268875445,NO_SIGNAL
2021-08-31,LTIM,5173.12255859375,77.51956304878554,NO_SIGNAL
2021-09-01,LTIM,5142.1083984375,74.7160222881189,STRONG_SELL
2021-09-02,LTIM,5247.66552734375,77.67534629225868,NO_SIGNAL
2021-09-03,LTIM,5318.02001953125,79.405509664207,NO_SIGNAL
2021-09-06,LTIM,5301.31982421875,77.86293026398333,NO_SIGNAL
2021-09-07,LTIM,5263.05029296875,74.30082458988808,STRONG_SELL
2021-09-08,LTIM,5256.72119140625,73.70031629249978,STRONG_SELL
2021-09-09,LTIM,5292.02001953125,74.91788222468678,STRONG_SELL
2021-09-13,LTIM,5344.9931640625,76.66390646514265,NO_SIGNAL
2021-09-14,LTIM,5434.044921875,79.27569209580237,NO_SIGNAL
2021-09-15,LTIM,5501.673828125,81.01359922897004,NO_SIGNAL
2021-09-16,LTIM,5523.53466796875,81.55213168440271,NO_SIGNAL
2021-09-17,LTIM,5565.3583984375,82.57069917696259,NO_SIGNAL
2021-09-20,LTIM,5401.95947265625,67.00519447250058,NO_SIGNAL
2021-09-21,LTIM,5589.2158203125,73.23269679451897,STRONG_SELL
2021-09-22,LTIM,5694.91845703125,75.98777928991964,STRONG_SELL
2021-09-23,LTIM,5878.3779296875,79.8620072615968,NO_SIGNAL
2021-09-24,LTIM,6067.92236328125,82.92693306981502,NO_SIGNAL
2021-09-27,LTIM,5823.3603515625,68.45100925803717,STRONG_BUY
2021-09-28,LTIM,5619.9873046875,59.19682432064391,STRONG_BUY
2021-09-29,LTIM,5593.93896484375,58.11313704019585,NO_SIGNAL
2021-09-30,LTIM,5613.94970703125,58.73805512350695,NO_SIGNAL
2021-10-01,LTIM,5599.97607421875,58.08635145134681,NO_SIGNAL
2021-10-04,LTIM,5587.65771484375,57.48089576909332,NO_SIGNAL
2021-10-05,LTIM,5614.19287109375,58.48474712848096,NO_SIGNAL
2021-10-06,LTIM,5539.650390625,54.58592976677002,NO_SIGNAL
2021-10-07,LTIM,5626.07421875,58.07550419549672,NO_SIGNAL
2021-10-08,LTIM,5826.6220703125,64.82909547406156,NO_SIGNAL
2021-10-11,LTIM,5724.95947265625,59.5887593853796,NO_SIGNAL
2021-10-12,LTIM,5671.20751953125,56.966783990693614,NO_SIGNAL
2021-10-13,LTIM,5795.26611328125,61.20917393149637,NO_SIGNAL
2021-10-14,LTIM,5938.9462890625,65.45660622095151,NO_SIGNAL
2021-10-18,LTIM,5750.9599609375,56.70770339260534,NO_SIGNAL
2021-10-19,LTIM,6675.36279296875,74.65047720511036,NO_SIGNAL
2021-10-20,LTIM,6758.1337890625,75.62464011729342,NO_SIGNAL
2021-10-21,LTIM,6478.806640625,66.35701806557114,STRONG_BUY
2021-10-22,LTIM,6371.88623046875,63.1660611430423,STRONG_BUY
2021-10-25,LTIM,6257.64404296875,59.85414820284475,STRONG_BUY
2021-10-26,LTIM,6350.560546875,61.61688071567596,STRONG_BUY
2021-10-27,LTIM,6498.81640625,64.3096562809724,STRONG_BUY
2021-10-28,LTIM,6528.8779296875,64.84816372530892,STRONG_BUY
2021-10-29,LTIM,6521.99658203125,64.60785281637591,STRONG_BUY
2021-11-01,LTIM,6638.97119140625,66.85628491904939,STRONG_BUY
2021-11-02,LTIM,6590.90234375,65.02805659959905,STRONG_BUY
2021-11-03,LTIM,6574.45703125,64.37942457739082,STRONG_BUY
2021-11-04,LTIM,6602.71240234375,65.02492981933456,STRONG_BUY
2021-11-08,LTIM,6664.10400390625,66.44763405184241,NO_SIGNAL
2021-11-09,LTIM,6675.57177734375,66.71996352562091,NO_SIGNAL
2021-11-10,LTIM,6671.81396484375,66.52940612081738,NO_SIGNAL
2021-11-11,LTIM,6782.05419921875,69.29956257055152,NO_SIGNAL
2021-11-12,LTIM,7069.48974609375,75.08879132135068,NO_SIGNAL
2021-11-15,LTIM,7024.69140625,72.78509757779055,NO_SIGNAL
2021-11-16,LTIM,7116.38720703125,74.5089852513504,NO_SIGNAL
2021-11-17,LTIM,7219.6005859375,76.32672520778773,NO_SIGNAL
2021-11-18,LTIM,6976.1826171875,64.62279578832131,STRONG_BUY
2021-11-22,LTIM,6665.76318359375,53.3812773339948,NO_SIGNAL
2021-11-23,LTIM,6761.16796875,55.91928983256646,NO_SIGNAL
2021-11-24,LTIM,6587.14501953125,50.516841460336735,NO_SIGNAL
2021-11-25,LTIM,6685.47802734375,53.2644437912257,NO_SIGNAL
2021-11-26,LTIM,6488.81201171875,47.57476447779946,NO_SIGNAL
2021-11-29,LTIM,6586.65771484375,50.41279551460172,NO_SIGNAL
2021-11-30,LTIM,6646.3408203125,52.11560133405042,NO_SIGNAL
2021-12-01,LTIM,6746.3818359375,54.91059827065653,NO_SIGNAL
2021-12-02,LTIM,6782.05419921875,55.89909062961343,NO_SIGNAL
2021-12-03,LTIM,6684.55126953125,52.5105266927658,NO_SIGNAL
2021-12-06,LTIM,6398.775390625,44.07689677582447,NO_SIGNAL
2021-12-07,LTIM,6399.1171875,44.08846313826451,NO_SIGNAL
2021-12-08,LTIM,6488.32421875,47.16018911962497,NO_SIGNAL
2021-12-09,LTIM,6447.62451171875,45.92063413071708,NO_SIGNAL
2021-12-10,LTIM,6454.55419921875,46.180016748137895,NO_SIGNAL
2021-12-13,LTIM,6608.1787109375,51.70970542741118,NO_SIGNAL
2021-12-14,LTIM,6510.0400390625,48.29595163896209,NO_SIGNAL
2021-12-15,LTIM,6515.505859375,48.49987560395563,NO_SIGNAL
2021-12-16,LTIM,6675.47412109375,54.19402675631949,NO_SIGNAL
2021-12-17,LTIM,6810.8955078125,58.38845412041487,NO_SIGNAL
2021-12-20,LTIM,6574.45703125,49.81212883436612,NO_SIGNAL
2021-12-21,LTIM,6809.09033203125,56.62147251369309,NO_SIGNAL
2021-12-22,LTIM,6955.05224609375,60.2358443378827,NO_SIGNAL
2021-12-23,LTIM,6864.771484375,57.068503122462864,STRONG_BUY
2021-12-24,LTIM,6994.62939453125,60.30195806856149,STRONG_BUY
2021-12-27,LTIM,7008.9775390625,60.65457007409075,STRONG_BUY
2021-12-28,LTIM,7097.50146484375,62.84721824555134,STRONG_BUY
2021-12-29,LTIM,7088.86376953125,62.481331371643215,STRONG_BUY
2021-12-30,LTIM,7117.55859375,63.246832638174325,STRONG_BUY
2021-12-31,LTIM,7156.1103515625,64.30069420241794,STRONG_BUY
2022-01-03,LTIM,7352.14306640625,69.14549986452428,STRONG_BUY
2022-01-04,LTIM,7380.34912109375,69.78097062640386,STRONG_BUY
2022-01-05,LTIM,7141.56884765625,58.7497436776967,STRONG_BUY
2022-01-06,LTIM,7018.7373046875,54.01899918192649,STRONG_BUY
2022-01-07,LTIM,7032.59716796875,54.46455978019138,NO_SIGNAL
2022-01-10,LTIM,6933.140625,50.67018727611965,NO_SIGNAL
2022-01-11,LTIM,7002.0478515625,53.10768241803544,NO_SIGNAL
2022-01-12,LTIM,6998.72900390625,52.97191760760248,NO_SIGNAL
2022-01-13,LTIM,6961.49462890625,51.38481112099973,NO_SIGNAL
2022-01-14,LTIM,6908.5458984375,49.13053042866943,NO_SIGNAL
2022-01-17,LTIM,6932.60400390625,50.19957745714506,NO_SIGNAL
2022-01-18,LTIM,6704.7060546875,41.33729930079429,NO_SIGNAL
2022-01-19,LTIM,6536.392578125,36.24764517730432,BUY
2022-01-20,LTIM,6447.966796875,33.88703416093212,BUY
2022-01-21,LTIM,6240.41748046875,29.09717690357978,STRONG_BUY
2022-01-24,LTIM,5825.90625,22.313605043052195,STRONG_BUY
2022-01-25,LTIM,5889.39501953125,25.190408237632845,STRONG_BUY
2022-01-27,LTIM,5607.865234375,21.40514949403121,STRONG_BUY
2022-01-28,LTIM,5769.736328125,28.09546055122894,STRONG_BUY
2022-01-31,LTIM,6119.9287109375,39.99572215930612,BUY
2022-02-01,LTIM,6144.37841796875,40.7332240703014,NO_SIGNAL
2022-02-02,LTIM,6243.296875,43.74570943702103,NO_SIGNAL
2022-02-03,LTIM,6049.607421875,39.51081178367254,BUY
2022-02-04,LTIM,6131.29931640625,42.05854826450733,NO_SIGNAL
2022-02-07,LTIM,5980.65185546875,38.81207974237986,BUY
2022-02-08,LTIM,5996.5615234375,39.34456868841998,BUY
2022-02-09,LTIM,6139.791015625,44.06402666788238,NO_SIGNAL
2022-02-10,LTIM,6165.85009765625,44.90397779568711,NO_SIGNAL
2022-02-11,LTIM,5855.91845703125,37.66059439164575,BUY
2022-02-14,LTIM,5744.1650390625,35.44067008288378,BUY
2022-02-15,LTIM,5956.251953125,42.38206035129114,NO_SIGNAL
2022-02-16,LTIM,5858.89453125,40.243025093271385,NO_SIGNAL
2022-02-17,LTIM,5791.84326171875,38.7909505133979,BUY
2022-02-18,LTIM,5720.05712890625,37.24161647284417,BUY
2022-02-21,LTIM,5720.69140625,37.26545858316421,BUY
2022-02-22,LTIM,5847.3291015625,42.0029388543049,NO_SIGNAL
2022-02-23,LTIM,5769.97998046875,40.01527229285412,NO_SIGNAL
2022-02-24,LTIM,5466.58740234375,33.349027211794265,BUY
2022-02-25,LTIM,5578.193359375,37.475445170015774,BUY
2022-02-28,LTIM,5709.46728515625,42.022226191657126,NO_SIGNAL
2022-03-02,LTIM,5720.69140625,42.40786008736052,NO_SIGNAL
2022-03-03,LTIM,5872.16845703125,47.48454252694033,NO_SIGNAL
2022-03-04,LTIM,5962.10791015625,50.28660790861292,NO_SIGNAL
2022-03-07,LTIM,6063.7109375,53.31694846073943,NO_SIGNAL
2022-03-08,LTIM,6283.3134765625,59.11751857397712,NO_SIGNAL
2022-03-09,LTIM,6221.62890625,56.9759742200494,NO_SIGNAL
2022-03-10,LTIM,6134.8134765625,54.010500125689006,NO_SIGNAL
2022-03-11,LTIM,6074.88623046875,51.998601370879136,NO_SIGNAL
2022-03-14,LTIM,6121.88134765625,53.46260806842668,NO_SIGNAL
2022-03-15,LTIM,5892.95703125,46.088556791535126,NO_SIGNAL
2022-03-16,LTIM,5881.1484375,45.738107535349656,NO_SIGNAL
2022-03-17,LTIM,5967.18310546875,48.79316879882791,NO_SIGNAL
2022-03-21,LTIM,5848.646484375,45.03130346121515,NO_SIGNAL
2022-03-22,LTIM,5970.794921875,49.36368200187981,NO_SIGNAL
2022-03-23,LTIM,5927.11767578125,47.90961098848764,NO_SIGNAL
2022-03-24,LTIM,6029.15966796875,51.50374786495328,NO_SIGNAL
2022-03-25,LTIM,6034.91845703125,51.70626637319275,NO_SIGNAL
2022-03-28,LTIM,5925.75146484375,47.64450660618381,NO_SIGNAL
2022-03-29,LTIM,5879.73291015625,46.00394536635691,NO_SIGNAL
2022-03-30,LTIM,6158.96923828125,55.92197435471786,NO_SIGNAL
2022-03-31,LTIM,6007.73681640625,50.51064540645059,NO_SIGNAL
2022-04-01,LTIM,6025.40283203125,51.105837071533664,NO_SIGNAL
2022-04-04,LTIM,6149.20947265625,55.17457295570042,NO_SIGNAL
2022-04-05,LTIM,6185.56591796875,56.32396412433095,NO_SIGNAL
2022-04-06,LTIM,6173.755859375,55.82322255579547,STRONG_BUY
2022-04-07,LTIM,6057.36669921875,51.01015212976829,STRONG_BUY
2022-04-08,LTIM,6005.58984375,48.98669828881413,STRONG_BUY
2022-04-11,LTIM,5914.380859375,45.558303264016,NO_SIGNAL
2022-04-12,LTIM,5768.759765625,40.66497300674649,NO_SIGNAL
2022-04-13,LTIM,5893.93408203125,46.03104638851692,NO_SIGNAL
2022-04-18,LTIM,5732.74560546875,40.90140362811346,NO_SIGNAL
2022-04-19,LTIM,5341.07275390625,31.666859989543845,STRONG_BUY
2022-04-20,LTIM,5046.26806640625,26.768059877565197,STRONG_BUY
2022-04-21,LTIM,4955.158203125,25.45732981625112,STRONG_BUY
2022-04-22,LTIM,4971.65234375,26.16222404240801,STRONG_BUY
2022-04-25,LTIM,4739.556640625,22.883112471822727,STRONG_BUY
2022-04-26,LTIM,4701.54150390625,22.38814820573071,STRONG_BUY
2022-04-27,LTIM,4701.39501953125,22.386138847486126,STRONG_BUY
2022-04-28,LTIM,4768.83740234375,25.69284877056222,STRONG_BUY
2022-04-29,LTIM,4722.96484375,24.915299943515308,STRONG_BUY
2022-05-02,LTIM,4603.50146484375,22.966047107615733,STRONG_BUY
2022-05-04,LTIM,4624.4853515625,24.089461413311877,STRONG_BUY
2022-05-05,LTIM,4650.88671875,25.560374837204435,STRONG_BUY
2022-05-06,LTIM,4482.81689453125,22.563068008908647,STRONG_BUY
2022-05-09,LTIM,4342.173828125,20.406578080697017,STRONG_BUY
2022-05-10,LTIM,4228.22509765625,18.8358188037264,STRONG_BUY
2022-05-11,LTIM,4148.77783203125,17.806674185419034,STRONG_BUY
2022-05-12,LTIM,4061.132080078125,16.72125528194018,STRONG_BUY
2022-05-13,LTIM,4012.08740234375,16.12879112240805,STRONG_BUY
2022-05-16,LTIM,3996.56884765625,15.936381409965067,STRONG_BUY
2022-05-17,LTIM,4179.1318359375,26.97341386921217,STRONG_BUY
2022-05-18,LTIM,4112.90966796875,25.65748139691878,STRONG_BUY
2022-05-19,LTIM,3896.088623046875,21.891664546620174,STRONG_BUY
2022-05-20,LTIM,3946.49951171875,24.66036693998042,STRONG_BUY
2022-05-23,LTIM,4047.662841796875,30.021160419964804,STRONG_BUY
2022-05-24,LTIM,3913.94921875,27.26013271342843,STRONG_BUY
2022-05-25,LTIM,3731.97216796875,24.02210869030248,STRONG_BUY
2022-05-26,LTIM,3781.3095703125,26.5688043105662,STRONG_BUY
2022-05-27,LTIM,3902.09130859375,32.530968865640936,STRONG_BUY
2022-05-30,LTIM,4090.55810546875,40.63124062100452,NO_SIGNAL
2022-05-31,LTIM,4151.6572265625,43.01963024388812,NO_SIGNAL
2022-06-01,LTIM,4102.4658203125,41.56964856970239,NO_SIGNAL
2022-06-02,LTIM,4229.640625,46.58240598154899,NO_SIGNAL
2022-06-03,LTIM,4231.05517578125,46.63724360068103,NO_SIGNAL
2022-06-06,LTIM,4231.10498046875,46.63932067472019,NO_SIGNAL
2022-06-07,LTIM,4164.34521484375,44.15816503107216,NO_SIGNAL
2022-06-08,LTIM,4211.583984375,46.33372809019831,NO_SIGNAL
2022-06-09,LTIM,4265.8505859375,48.801407560825794,NO_SIGNAL
2022-06-10,LTIM,4227.54150390625,47.15305186921254,NO_SIGNAL
2022-06-13,LTIM,3988.858642578125,38.44104936457652,BUY
2022-06-14,LTIM,4090.656982421875,43.25641325977113,NO_SIGNAL
2022-06-15,LTIM,4101.05078125,43.740310924830645,NO_SIGNAL
2022-06-16,LTIM,3963.872314453125,39.01175478599313,BUY
2022-06-17,LTIM,3907.263916015625,37.22344460085012,BUY
2022-06-20,LTIM,3861.92822265625,35.80775345310984,BUY
2022-06-21,LTIM,4019.651611328125,43.81386498307695,NO_SIGNAL
2022-06-22,LTIM,3925.466552734375,40.5606375215337,NO_SIGNAL
2022-06-23,LTIM,4033.852294921875,45.56929835161705,NO_SIGNAL
2022-06-24,LTIM,3936.9833984375,42.15069218480768,NO_SIGNAL
2022-06-27,LTIM,4063.425048828125,47.66923366866194,NO_SIGNAL
2022-06-28,LTIM,4121.30224609375,50.019560378335385,NO_SIGNAL
2022-06-29,LTIM,3988.858642578125,45.034972849672776,NO_SIGNAL
2022-06-30,LTIM,3908.774658203125,42.29066256899732,NO_SIGNAL
2022-07-01,LTIM,3933.699462890625,43.44576165472645,NO_SIGNAL
2022-07-04,LTIM,3909.462646484375,42.55381245576758,NO_SIGNAL
2022-07-05,LTIM,3892.698974609375,41.912870978803184,NO_SIGNAL
2022-07-06,LTIM,3945.498046875,44.736206041972586,NO_SIGNAL
2022-07-07,LTIM,3977.40380859375,46.4306469224792,NO_SIGNAL
2022-07-08,LTIM,3999.624755859375,47.63486755806981,NO_SIGNAL
2022-07-11,LTIM,3889.1591796875,42.517922266471146,NO_SIGNAL
2022-07-12,LTIM,3918.213623046875,44.21527228675219,NO_SIGNAL
2022-07-13,LTIM,3948.103515625,45.98241094243834,NO_SIGNAL
2022-07-14,LTIM,3808.6328125,39.66792359963456,BUY
2022-07-15,LTIM,3907.889404296875,45.41300991933189,NO_SIGNAL
2022-07-18,LTIM,4145.0439453125,56.15580231112286,NO_SIGNAL
2022-07-19,LTIM,4238.64794921875,59.54032974275242,NO_SIGNAL
2022-07-20,LTIM,4370.10498046875,63.77019022137013,NO_SIGNAL
2022-07-21,LTIM,4453.97509765625,66.19820632580816,NO_SIGNAL
2022-07-22,LTIM,4429.24609375,64.81886736384745,NO_SIGNAL
2022-07-25,LTIM,4425.3134765625,64.58838434387428,STRONG_BUY
2022-07-26,LTIM,4241.5478515625,54.7851834142592,STRONG_BUY
2022-07-27,LTIM,4338.8876953125,58.38800741964496,STRONG_BUY
2022-07-28,LTIM,4571.12646484375,65.45961575803311,STRONG_BUY
2022-07-29,LTIM,4651.40673828125,67.51477006961571,STRONG_BUY
2022-08-01,LTIM,4689.06396484375,68.46267821024651,STRONG_BUY
2022-08-02,LTIM,4612.32373046875,64.34230641315551,STRONG_BUY
2022-08-03,LTIM,4705.681640625,66.94838712668135,STRONG_BUY
2022-08-04,LTIM,4822.97998046875,69.92277627085332,STRONG_BUY
2022-08-05,LTIM,4842.74267578125,70.40599949628347,NO_SIGNAL
2022-08-08,LTIM,4818.01513671875,68.91410679246671,STRONG_BUY
2022-08-10,LTIM,4775.14599609375,66.29149331680301,STRONG_BUY
2022-08-11,LTIM,4917.61572265625,70.33233651002637,NO_SIGNAL
2022-08-12,LTIM,4829.02685546875,65.1060292997565,STRONG_BUY
2022-08-16,LTIM,4805.0361328125,63.72501336483517,STRONG_BUY
2022-08-17,LTIM,4877.84423828125,66.07678713195307,STRONG_BUY
2022-08-18,LTIM,4841.56298828125,63.85515850852771,STRONG_BUY
2022-08-19,LTIM,4810.640625,61.94357220084527,NO_SIGNAL
2022-08-22,LTIM,4642.50830078125,52.70485327811424,NO_SIGNAL
2022-08-23,LTIM,4586.56298828125,50.03091648650751,NO_SIGNAL
2022-08-24,LTIM,4580.27001953125,49.72531558523936,NO_SIGNAL
2022-08-25,LTIM,4554.01806640625,48.3972260020871,NO_SIGNAL
2022-08-26,LTIM,4580.81103515625,49.86886490948638,NO_SIGNAL
2022-08-29,LTIM,4396.84912109375,41.184240523337685,NO_SIGNAL
2022-08-30,LTIM,4563.8505859375,49.74105252320141,NO_SIGNAL
2022-09-01,LTIM,4457.80908203125,45.240310324108336,NO_SIGNAL
2022-09-02,LTIM,4446.15771484375,44.76106785219063,NO_SIGNAL
2022-09-05,LTIM,4421.0859375,43.68858436677378,NO_SIGNAL
2022-09-06,LTIM,4386.27978515625,42.17770867076208,NO_SIGNAL
2022-09-07,LTIM,4434.60498046875,45.0206173299897,NO_SIGNAL
2022-09-08,LTIM,4447.583984375,45.79149850354456,NO_SIGNAL
2022-09-09,LTIM,4595.21533203125,53.73734292681459,NO_SIGNAL
2022-09-12,LTIM,4731.392578125,59.61735316900468,NO_SIGNAL
2022-09-13,LTIM,4697.765625,57.668175722112856,NO_SIGNAL
2022-09-14,LTIM,4540.89208984375,49.5321435340237,NO_SIGNAL
2022-09-15,LTIM,4519.35888671875,48.52023107648533,NO_SIGNAL
2022-09-16,LTIM,4306.0478515625,39.83781326751927,BUY
2022-09-19,LTIM,4281.1728515625,38.9622327171617,BUY
2022-09-20,LTIM,4331.857421875,41.77051602562359,NO_SIGNAL
2022-09-21,LTIM,4336.92138671875,42.05735633492984,NO_SIGNAL
2022-09-22,LTIM,4357.47021484375,43.27838783446122,NO_SIGNAL
2022-09-23,LTIM,4343.80322265625,42.634864909786415,NO_SIGNAL
2022-09-26,LTIM,4336.92138671875,42.29383998786796,NO_SIGNAL
2022-09-27,LTIM,4437.357421875,48.73826871840741,NO_SIGNAL
2022-09-28,LTIM,4450.23828125,49.51692892126498,NO_SIGNAL
2022-09-29,LTIM,4365.779296875,44.72021027976033,NO_SIGNAL
2022-09-30,LTIM,4383.083984375,45.87705365461077,NO_SIGNAL
2022-10-03,LTIM,4376.0537109375,45.460818676447055,NO_SIGNAL
2022-10-04,LTIM,4511.1494140625,54.08222130635239,NO_SIGNAL
2022-10-06,LTIM,4588.03759765625,58.13815142824974,NO_SIGNAL
2022-10-07,LTIM,4567.3408203125,56.68664762762099,NO_SIGNAL
2022-10-10,LTIM,4618.71435546875,59.39647780404877,NO_SIGNAL
2022-10-11,LTIM,4527.47119140625,53.04845361076407,NO_SIGNAL
2022-10-12,LTIM,4564.43994140625,55.14040846789179,NO_SIGNAL
2022-10-13,LTIM,4519.703125,52.1143670522807,NO_SIGNAL
2022-10-14,LTIM,4590.25,56.19670589398165,STRONG_BUY
2022-10-17,LTIM,4563.99755859375,54.34017801946727,STRONG_BUY
2022-10-18,LTIM,4643.19677734375,58.76588978115566,STRONG_BUY
2022-10-19,LTIM,4615.86328125,56.72244537467692,STRONG_BUY
2022-10-20,LTIM,4678.7900390625,60.15732014573213,STRONG_BUY
2022-10-21,LTIM,4685.32763671875,60.50801122319368,STRONG_BUY
2022-10-24,LTIM,4658.82958984375,58.26930865178942,STRONG_BUY
2022-10-25,LTIM,4729.03271484375,62.25389237986232,STRONG_BUY
2022-10-27,LTIM,4597.82080078125,52.21813325082266,STRONG_BUY
2022-10-28,LTIM,4507.265625,46.6310676797428,NO_SIGNAL
2022-10-31,LTIM,4660.35400390625,55.332113569129085,NO_SIGNAL
2022-11-01,LTIM,4764.37939453125,60.09325482824252,STRONG_BUY
2022-11-02,LTIM,4778.341796875,60.69877309432486,STRONG_BUY
2022-11-03,LTIM,4757.84130859375,59.27659837523215,STRONG_BUY
2022-11-04,LTIM,4726.279296875,57.05998549096354,STRONG_BUY
2022-11-07,LTIM,4778.931640625,59.76312545557353,STRONG_BUY
2022-11-09,LTIM,4755.92333984375,58.0435861593779,STRONG_BUY
2022-11-10,LTIM,4780.947265625,59.41143492164809,STRONG_BUY
2022-11-11,LTIM,4973.16796875,68.0327638067044,STRONG_BUY
2022-11-14,LTIM,5069.22998046875,71.312232344678,NO_SIGNAL
2022-11-15,LTIM,5049.3193359375,69.71580934022593,STRONG_BUY
2022-11-16,LTIM,4963.384765625,63.14539299315332,STRONG_BUY
2022-11-17,LTIM,4847.31494140625,55.53257373366605,STRONG_BUY
2022-11-18,LTIM,4813.7861328125,53.525122532054894,STRONG_BUY
2022-11-21,LTIM,4686.90185546875,46.652169000551176,NO_SIGNAL
2022-11-22,LTIM,4676.380859375,46.123309956391125,NO_SIGNAL
2022-11-23,LTIM,4662.51708984375,45.39306799284264,NO_SIGNAL
2022-11-24,LTIM,4862.603515625,56.1768458337144,NO_SIGNAL
2022-11-25,LTIM,4855.47509765625,55.75440822165218,NO_SIGNAL
2022-11-28,LTIM,4858.42578125,55.90222918657351,NO_SIGNAL
2022-11-29,LTIM,4829.76416015625,54.01450215781844,NO_SIGNAL
2022-11-30,LTIM,4757.39892578125,49.47211208851188,NO_SIGNAL
2022-12-01,LTIM,4757.39892578125,49.472112088511885,NO_SIGNAL
2022-12-02,LTIM,4757.39892578125,49.472112088511885,NO_SIGNAL
2022-12-05,LTIM,4891.9541015625,57.72780185708398,NO_SIGNAL
2022-12-06,LTIM,4734.7841796875,47.88581433922964,NO_SIGNAL
2022-12-07,LTIM,4608.98046875,41.750113854233405,NO_SIGNAL
2022-12-08,LTIM,4482.34033203125,36.658097416158384,BUY
2022-12-09,LTIM,4327.9248046875,31.59762707837895,STRONG_BUY
2022-12-12,LTIM,4258.3125,29.61298208334776,STRONG_BUY
2022-12-13,LTIM,4245.38232421875,29.245538150020074,STRONG_BUY
2022-12-14,LTIM,4368.63037109375,37.23939487178372,BUY
2022-12-15,LTIM,4258.65625,33.592373141319854,BUY
2022-12-16,LTIM,4263.62158203125,33.90709943415643,BUY
2022-12-19,LTIM,4299.263671875,36.24293844650078,BUY
2022-12-20,LTIM,4289.0380859375,35.851462842971046,BUY
2022-12-21,LTIM,4350.04736328125,40.01458657277279,NO_SIGNAL
2022-12-22,LTIM,4305.064453125,38.05364276294804,BUY
2022-12-23,LTIM,4194.9921875,33.70142941052802,BUY
2022-12-26,LTIM,4276.01025390625,39.21227778577964,BUY
2022-12-27,LTIM,4316.814453125,41.8346036442459,NO_SIGNAL
2022-12-28,LTIM,4259.34423828125,39.2653726328666,BUY
2022-12-29,LTIM,4346.0654296875,44.77670856309796,NO_SIGNAL
2022-12-30,LTIM,4292.1845703125,42.21360076470441,NO_SIGNAL
2023-01-02,LTIM,4249.6103515625,40.25291111337828,NO_SIGNAL
2023-01-03,LTIM,4276.20654296875,42.063282956983,NO_SIGNAL
2023-01-04,LTIM,4206.201171875,38.7361928225629,BUY
2023-01-05,LTIM,4188.7490234375,37.93071307058488,BUY
2023-01-06,LTIM,4127.19873046875,35.15431198227578,BUY
2023-01-09,LTIM,4223.2109375,42.25479856740838,NO_SIGNAL
2023-01-10,LTIM,4160.62890625,39.23880334883288,BUY
2023-01-11,LTIM,4154.630859375,38.95183931623549,BUY
2023-01-12,LTIM,4204.4306640625,42.69878996304761,NO_SIGNAL
2023-01-13,LTIM,4215.54150390625,43.53154114099221,NO_SIGNAL
2023-01-16,LTIM,4205.26708984375,42.9105147634898,NO_SIGNAL
2023-01-17,LTIM,4202.5634765625,42.737736259479405,NO_SIGNAL
2023-01-18,LTIM,4202.0712890625,42.70402573611746,NO_SIGNAL
2023-01-19,LTIM,4167.65869140625,40.309950441302696,NO_SIGNAL
2023-01-20,LTIM,4196.466796875,43.18165332342419,NO_SIGNAL
2023-01-23,LTIM,4295.57666015625,51.77725622562007,NO_SIGNAL
2023-01-24,LTIM,4433.818359375,60.70651099247553,NO_SIGNAL
2023-01-25,LTIM,4356.33984375,54.60392294720249,NO_SIGNAL
2023-01-27,LTIM,4325.27001953125,52.33202655598605,NO_SIGNAL
2023-01-30,LTIM,4394.26220703125,56.645658377243166,NO_SIGNAL
2023-01-31,LTIM,4334.38427734375,52.22819510314135,NO_SIGNAL
2023-02-01,LTIM,4353.78125,53.49343376650334,NO_SIGNAL
2023-02-02,LTIM,4551.8701171875,63.98415246926372,NO_SIGNAL
2023-02-03,LTIM,4466.9892578125,57.95172992098666,NO_SIGNAL
2023-02-06,LTIM,4560.10498046875,62.16580059562629,STRONG_BUY
2023-02-07,LTIM,4558.31884765625,62.03736587503839,STRONG_BUY
2023-02-08,LTIM,4677.8271484375,66.95647336098675,STRONG_BUY
2023-02-09,LTIM,4658.92578125,65.51062890972862,STRONG_BUY
2023-02-10,LTIM,4654.90771484375,65.18836795881529,STRONG_BUY
2023-02-13,LTIM,4584.85986328125,59.67693164051572,STRONG_BUY
2023-02-14,LTIM,4600.38720703125,60.47466414072466,STRONG_BUY
2023-02-15,LTIM,4705.7568359375,65.46737356279903,STRONG_BUY
2023-02-16,LTIM,4909.30224609375,72.65347594456705,NO_SIGNAL
2023-02-17,LTIM,4820.3037109375,66.16968388956865,STRONG_BUY
2023-02-20,LTIM,4848.630859375,67.17383149861497,STRONG_BUY
2023-02-21,LTIM,4840.74267578125,66.58117670154586,STRONG_BUY
2023-02-22,LTIM,4767.71826171875,61.19827306961141,STRONG_BUY
2023-02-23,LTIM,4815.640625,63.29547192788543,STRONG_BUY
2023-02-24,LTIM,4815.5908203125,63.29164322553653,STRONG_BUY
2023-02-27,LTIM,4737.6552734375,57.43675132097371,NO_SIGNAL
2023-02-28,LTIM,4685.11962890625,53.82233475538503,NO_SIGNAL
2023-03-01,LTIM,4706.69921875,55.072967721674345,NO_SIGNAL
2023-03-02,LTIM,4668.74853515625,52.38593060713276,NO_SIGNAL
2023-03-03,LTIM,4673.51123046875,52.69784398402885,NO_SIGNAL
2023-03-06,LTIM,4783.494140625,59.32442474222211,NO_SIGNAL
2023-03-08,LTIM,4744.05517578125,56.27971808973656,NO_SIGNAL
2023-03-09,LTIM,4700.94482421875,53.07324010193827,NO_SIGNAL
2023-03-10,LTIM,4603.810546875,46.62722196743895,NO_SIGNAL
2023-03-13,LTIM,4579.89892578125,45.17272311566207,NO_SIGNAL
2023-03-14,LTIM,4531.23291015625,42.281848461942594,NO_SIGNAL
2023-03-15,LTIM,4556.38427734375,44.26696573108728,NO_SIGNAL
2023-03-16,LTIM,4517.44091796875,41.86596988726202,NO_SIGNAL
2023-03-17,LTIM,4637.39599609375,50.73056916335851,NO_SIGNAL
2023-03-20,LTIM,4641.662109375,51.01664136982996,NO_SIGNAL
2023-03-21,LTIM,4637.544921875,50.7106212387131,NO_SIGNAL
2023-03-22,LTIM,4613.38525390625,48.85856635807877,NO_SIGNAL
2023-03-23,LTIM,4565.9091796875,45.353215257327136,NO_SIGNAL
2023-03-24,LTIM,4565.462890625,45.32029905688695,NO_SIGNAL
2023-03-27,LTIM,4522.05517578125,42.11839171646498,NO_SIGNAL
2023-03-28,LTIM,4519.27685546875,41.9142752563723,NO_SIGNAL
2023-03-29,LTIM,4584.4130859375,48.24669025265913,NO_SIGNAL
2023-03-31,LTIM,4722.42529296875,58.556220426607005,NO_SIGNAL
2023-04-03,LTIM,4702.7802734375,56.82109842347196,NO_SIGNAL
2023-04-05,LTIM,4795.6484375,62.48098226701189,NO_SIGNAL
2023-04-06,LTIM,4735.9189453125,57.28043682743758,STRONG_BUY
2023-04-10,LTIM,4759.88037109375,58.76327491172339,STRONG_BUY
2023-04-11,LTIM,4735.07568359375,56.57405192213078,STRONG_BUY
2023-04-12,LTIM,4789.943359375,60.11381350450423,STRONG_BUY
2023-04-13,LTIM,4610.06103515625,46.67969145597743,STRONG_BUY
2023-04-17,LTIM,4298.71533203125,32.95292936281024,STRONG_BUY
2023-04-18,LTIM,4284.8251953125,32.493848062787514,STRONG_BUY
2023-04-19,LTIM,4161.7451171875,28.680951245394944,STRONG_BUY
2023-04-20,LTIM,4120.37109375,27.51224693852389,STRONG_BUY
2023-04-21,LTIM,4138.23046875,28.859810608379995,STRONG_BUY
2023-04-24,LTIM,4150.73193359375,29.842995116691203,STRONG_BUY
2023-04-25,LTIM,4153.65869140625,30.086602799791223,STRONG_BUY
2023-04-26,LTIM,4127.6142578125,29.11767924693931,STRONG_BUY
2023-04-27,LTIM,4286.36279296875,41.487055653992144,NO_SIGNAL
2023-04-28,LTIM,4384.88623046875,47.59880558568148,NO_SIGNAL
2023-05-02,LTIM,4512.6787109375,54.27082656098414,NO_SIGNAL
2023-05-03,LTIM,4462.82177734375,51.51498200958113,NO_SIGNAL
2023-05-04,LTIM,4465.84765625,51.67536839345254,NO_SIGNAL
2023-05-05,LTIM,4452.75146484375,50.890717164810106,NO_SIGNAL
2023-05-08,LTIM,4482.466796875,52.64764887727347,NO_SIGNAL
2023-05-09,LTIM,4586.4970703125,58.27554186944015,NO_SIGNAL
2023-05-10,LTIM,4558.765625,56.35281606203686,NO_SIGNAL
2023-05-11,LTIM,4621.76904296875,59.613047341269166,NO_SIGNAL
2023-05-12,LTIM,4650.54248046875,61.04417033955908,NO_SIGNAL
2023-05-15,LTIM,4670.3359375,62.040651768506486,NO_SIGNAL
2023-05-16,LTIM,4699.009765625,63.49735084152192,NO_SIGNAL
2023-05-17,LTIM,4702.830078125,63.69723972397715,STRONG_BUY
2023-05-18,LTIM,4675.94189453125,61.15877971514509,STRONG_BUY
2023-05-19,LTIM,4765.4365234375,66.0136186793065,STRONG_BUY
2023-05-22,LTIM,4948.4443359375,73.34939893010817,NO_SIGNAL
2023-05-23,LTIM,4819.857421875,63.05149974313385,STRONG_BUY
2023-05-24,LTIM,4788.60400390625,60.81659207085907,STRONG_BUY
2023-05-25,LTIM,4872.14501953125,64.44451222571111,STRONG_BUY
2023-05-26,LTIM,4961.9873046875,67.88792872613647,STRONG_BUY
2023-05-29,LTIM,4949.88232421875,66.94715959742571,STRONG_BUY
2023-05-30,LTIM,4952.21435546875,67.04191574919767,STRONG_BUY
2023-05-31,LTIM,4959.30810546875,67.3485546400537,STRONG_BUY
2023-06-01,LTIM,4930.435546875,64.7096225269203,STRONG_BUY
2023-06-02,LTIM,4955.09130859375,65.9370614351915,STRONG_BUY
2023-06-05,LTIM,4904.5400390625,61.23446373769296,STRONG_BUY
2023-06-06,LTIM,4846.646484375,56.2836841829421,NO_SIGNAL
2023-06-07,LTIM,4863.91015625,57.38999434541456,NO_SIGNAL
2023-06-08,LTIM,4767.61962890625,49.81732753639741,NO_SIGNAL
2023-06-09,LTIM,4785.32958984375,51.09547348189616,NO_SIGNAL
2023-06-12,LTIM,4861.033203125,56.22774125433971,NO_SIGNAL
2023-06-13,LTIM,4906.2763671875,58.99719944887718,NO_SIGNAL
2023-06-14,LTIM,4868.32568359375,55.80756962987541,NO_SIGNAL
2023-06-15,LTIM,4932.271484375,59.75569080792316,NO_SIGNAL
2023-06-16,LTIM,4971.4130859375,61.99393146094568,NO_SIGNAL
2023-06-19,LTIM,5010.455078125,64.13649214135614,NO_SIGNAL
2023-06-20,LTIM,4982.87255859375,61.498745447581705,NO_SIGNAL
2023-06-21,LTIM,4961.39208984375,59.44823789227532,NO_SIGNAL
2023-06-22,LTIM,4986.74169921875,61.09675386257783,NO_SIGNAL
2023-06-23,LTIM,4917.884765625,54.603465027318535,NO_SIGNAL
2023-06-26,LTIM,4968.138671875,58.10319339413701,NO_SIGNAL
2023-06-27,LTIM,5122.67041015625,66.6239649704701,NO_SIGNAL
2023-06-28,LTIM,5122.67041015625,66.6239649704701,NO_SIGNAL
2023-06-30,LTIM,5156.5537109375,68.26520135346031,STRONG_BUY
2023-07-03,LTIM,5170.5927734375,68.94657138895879,STRONG_BUY
2023-07-04,LTIM,5209.48583984375,70.81600799442717,NO_SIGNAL
2023-07-05,LTIM,5201.1025390625,69.8400452416402,STRONG_BUY
2023-07-06,LTIM,5137.7021484375,62.79201453725318,STRONG_BUY
2023-07-07,LTIM,5074.5498046875,56.658485067819406,STRONG_BUY
2023-07-10,LTIM,4997.75,50.232415433739774,NO_SIGNAL
2023-07-11,LTIM,4924.25,44.9750948121785,NO_SIGNAL
2023-07-12,LTIM,4816.2001953125,38.582311609090205,BUY
2023-07-13,LTIM,4893.2998046875,44.63019938115097,NO_SIGNAL
2023-07-14,LTIM,5093.10009765625,56.56636983971077,NO_SIGNAL
2023-07-17,LTIM,5134.85009765625,58.57588079391719,NO_SIGNAL
2023-07-18,LTIM,5001.14990234375,50.51560258601119,NO_SIGNAL
2023-07-19,LTIM,4990.5,49.926272498080216,NO_SIGNAL
2023-07-20,LTIM,4985.0498046875,49.60731711212924,NO_SIGNAL
2023-07-21,LTIM,4941.0,46.99418410341863,NO_SIGNAL
