2020-07-21,RELIANCE,1959.3289794921875,0.0,NO_SIGNAL
2020-07-22,RELIANCE,1991.577880859375,0.0,NO_SIGNAL
2020-07-23,RELIANCE,2045.0443115234373,0.0,NO_SIGNAL
2020-07-24,RELIANCE,2132.8466796875,0.0,NO_SIGNAL
2020-07-27,RELIANCE,2142.83447265625,0.0,NO_SIGNAL
2020-07-28,RELIANCE,2164.200927734375,0.0,NO_SIGNAL
2020-07-29,RELIANCE,2083.653564453125,0.0,NO_SIGNAL
2020-07-30,RELIANCE,2095.778076171875,0.0,NO_SIGNAL
2020-07-31,RELIANCE,2054.286865234375,0.0,NO_SIGNAL
2020-08-03,RELIANCE,1996.5467529296875,0.0,NO_SIGNAL
2020-08-04,RELIANCE,2137.26904296875,0.0,NO_SIGNAL
2020-08-05,RELIANCE,2113.268798828125,0.0,NO_SIGNAL
2020-08-06,RELIANCE,2120.87158203125,0.0,NO_SIGNAL
2020-08-07,RELIANCE,2133.144775390625,0.0,NO_SIGNAL
2020-08-10,RELIANCE,2106.709716796875,62.12394076200266,NO_SIGNAL
2020-08-11,RELIANCE,2120.5732421875,63.03200656425516,NO_SIGNAL
2020-08-12,RELIANCE,2114.411865234375,62.31693843304292,NO_SIGNAL
2020-08-13,RELIANCE,2108.89599609375,61.64273793575554,NO_SIGNAL
2020-08-14,RELIANCE,2100.697265625,60.59337566366597,NO_SIGNAL
2020-08-17,RELIANCE,2078.386474609375,57.71413000079881,NO_SIGNAL
2020-08-18,RELIANCE,2105.417724609375,60.18278445208984,NO_SIGNAL
2020-08-19,RELIANCE,2118.33740234375,61.34436175436376,NO_SIGNAL
2020-08-20,RELIANCE,2084.05126953125,56.62345821731748,NO_SIGNAL
2020-08-21,RELIANCE,2068.9453125,54.6287199299777,NO_SIGNAL
2020-08-24,RELIANCE,2082.75927734375,56.150016048754246,NO_SIGNAL
2020-08-25,RELIANCE,2069.19384765625,54.22714843828126,NO_SIGNAL
2020-08-26,RELIANCE,2124.051513671875,60.16765915476645,NO_SIGNAL
2020-08-27,RELIANCE,2097.517333984375,56.35768538216816,NO_SIGNAL
2020-08-28,RELIANCE,2103.03271484375,56.96765528426134,NO_SIGNAL
2020-08-31,RELIANCE,2067.802490234375,51.97092754928924,NO_SIGNAL
2020-09-01,RELIANCE,2074.311767578125,52.79477995651508,NO_SIGNAL
2020-09-02,RELIANCE,2115.008056640625,57.68215307113845,NO_SIGNAL
2020-09-03,RELIANCE,2099.0078125,55.25972616866311,NO_SIGNAL
2020-09-04,RELIANCE,2064.373779296875,50.33233087793269,NO_SIGNAL
2020-09-07,RELIANCE,2069.740234375,51.06050835549996,NO_SIGNAL
2020-09-08,RELIANCE,2094.038818359375,54.32573394119665,NO_SIGNAL
2020-09-09,RELIANCE,2147.95263671875,60.60611953567744,NO_SIGNAL
2020-09-10,RELIANCE,2299.65625,72.19267719225546,NO_SIGNAL
2020-09-11,RELIANCE,2305.37060546875,72.52053829595704,NO_SIGNAL
2020-09-14,RELIANCE,2288.27734375,69.86688328861544,NO_SIGNAL
2020-09-15,RELIANCE,2304.476318359375,70.95168810995848,NO_SIGNAL
2020-09-16,RELIANCE,2310.140869140625,71.34023444745239,NO_SIGNAL
2020-09-17,RELIANCE,2284.5009765625,66.97346654463128,NO_SIGNAL
2020-09-18,RELIANCE,2291.40771484375,67.54968345092048,NO_SIGNAL
2020-09-21,RELIANCE,2241.86669921875,59.5270987537741,NO_SIGNAL
2020-09-22,RELIANCE,2197.443603515625,53.40245524928906,NO_SIGNAL
2020-09-23,RELIANCE,2216.971923828125,55.56674299626864,NO_SIGNAL
2020-09-24,RELIANCE,2167.679443359375,49.3375725929605,NO_SIGNAL
2020-09-25,RELIANCE,2188.05224609375,51.74531248192725,NO_SIGNAL
2020-09-28,RELIANCE,2202.51220703125,53.43679480634253,NO_SIGNAL
2020-09-29,RELIANCE,2231.1337890625,56.67412153041496,NO_SIGNAL
2020-09-30,RELIANCE,2220.5,55.14024141550937,NO_SIGNAL
2020-10-01,RELIANCE,2211.456298828125,53.8064623243019,NO_SIGNAL
2020-10-05,RELIANCE,2198.487060546875,51.8688159279747,NO_SIGNAL
2020-10-06,RELIANCE,2196.64892578125,51.5852765305681,NO_SIGNAL
2020-10-07,RELIANCE,2243.50634765625,57.902789232983466,NO_SIGNAL
2020-10-08,RELIANCE,2225.36962890625,54.915817366182594,NO_SIGNAL
2020-10-09,RELIANCE,2219.60546875,53.96304295855755,NO_SIGNAL
2020-10-12,RELIANCE,2223.183349609375,54.49083882041873,NO_SIGNAL
2020-10-13,RELIANCE,2266.562744140625,60.41625128349703,NO_SIGNAL
2020-10-14,RELIANCE,2273.320556640625,61.262424980567175,NO_SIGNAL
2020-10-15,RELIANCE,2192.822509765625,48.078198010956704,NO_SIGNAL
2020-10-16,RELIANCE,2162.312744140625,44.19596728734914,NO_SIGNAL
2020-10-19,RELIANCE,2162.71044921875,44.25915224202935,NO_SIGNAL
2020-10-20,RELIANCE,2142.5361328125,41.68099978052634,NO_SIGNAL
2020-10-21,RELIANCE,2111.430419921875,38.00502485224399,NO_SIGNAL
2020-10-22,RELIANCE,2093.8896484375,36.07301190207093,NO_SIGNAL
2020-10-23,RELIANCE,2099.9521484375,37.260147290083154,NO_SIGNAL
2020-10-26,RELIANCE,2016.522216796875,29.218736338355683,NO_SIGNAL
2020-10-27,RELIANCE,2021.8887939453125,30.261345238899573,NO_SIGNAL
2020-10-28,RELIANCE,1998.9815673828125,28.3422469775104,NO_SIGNAL
2020-10-29,RELIANCE,2014.3359375,31.47897600893429,NO_SIGNAL
2020-10-30,RELIANCE,2041.7647705078125,36.801081434532826,NO_SIGNAL
2020-11-02,RELIANCE,1865.812255859375,23.950032703429645,NO_SIGNAL
2020-11-03,RELIANCE,1838.9300537109373,22.648736914308053,NO_SIGNAL
2020-11-04,RELIANCE,1901.3406982421875,31.89989690071374,NO_SIGNAL
2020-11-05,RELIANCE,1942.881591796875,37.27710366138602,NO_SIGNAL
2020-11-06,RELIANCE,2016.572021484375,45.49836470139578,NO_SIGNAL
2020-11-09,RELIANCE,2037.98828125,47.64608973053605,NO_SIGNAL
2020-11-10,RELIANCE,2071.628662109375,50.91794330398026,NO_SIGNAL
2020-11-11,RELIANCE,1984.8199462890625,43.38342220513636,NO_SIGNAL
2020-11-12,RELIANCE,1967.7265625,42.06352573388531,NO_SIGNAL
2020-11-13,RELIANCE,1984.02490234375,43.81865144720532,NO_SIGNAL
2020-11-14,RELIANCE,1989.888427734375,44.47040112747438,NO_SIGNAL
2020-11-17,RELIANCE,1980.8944091796875,43.6342291147159,NO_SIGNAL
2020-11-18,RELIANCE,1974.8819580078125,43.05146211287907,NO_SIGNAL
2020-11-19,RELIANCE,1960.9190673828125,41.65992564463649,NO_SIGNAL
2020-11-20,RELIANCE,1887.7255859375,35.23131287953589,NO_SIGNAL
2020-11-23,RELIANCE,1938.608154296875,41.93888638285205,NO_SIGNAL
2020-11-24,RELIANCE,1951.87548828125,43.5796111803672,NO_SIGNAL
2020-11-25,RELIANCE,1935.7261962890625,42.02295922738677,NO_SIGNAL
2020-11-26,RELIANCE,1940.4964599609373,42.674333889439495,NO_SIGNAL
2020-11-27,RELIANCE,1917.837890625,40.35508243058655,NO_SIGNAL
2020-12-01,RELIANCE,1942.7822265625,43.96552577182585,NO_SIGNAL
2020-12-02,RELIANCE,1946.0120849609373,44.43454236324848,NO_SIGNAL
2020-12-03,RELIANCE,1951.87548828125,45.329164388259,NO_SIGNAL
2020-12-04,RELIANCE,1934.6827392578125,43.13607874416255,NO_SIGNAL
2020-12-07,RELIANCE,1946.061767578125,45.03162891809543,NO_SIGNAL
2020-12-08,RELIANCE,1981.391357421875,50.5439671370591,NO_SIGNAL
2020-12-09,RELIANCE,2014.385498046875,55.074969405926055,NO_SIGNAL
2020-12-10,RELIANCE,1994.5592041015625,51.99245757250199,NO_SIGNAL
2020-12-11,RELIANCE,1993.3668212890625,51.804665087787946,NO_SIGNAL
2020-12-14,RELIANCE,1978.95654296875,49.47872917859984,NO_SIGNAL
2020-12-15,RELIANCE,1962.1116943359373,46.83176060218352,NO_SIGNAL
2020-12-16,RELIANCE,1964.298095703125,47.22639458030309,NO_SIGNAL
2020-12-17,RELIANCE,1973.2918701171875,48.9063805259468,NO_SIGNAL
2020-12-18,RELIANCE,1979.205078125,50.03264679571171,NO_SIGNAL
2020-12-21,RELIANCE,1927.6763916015625,41.45673830926157,NO_SIGNAL
2020-12-22,RELIANCE,1924.695068359375,41.018658947064864,NO_SIGNAL
2020-12-23,RELIANCE,1931.8006591796875,42.57615077642114,NO_SIGNAL
2020-12-24,RELIANCE,1981.7889404296875,52.14925029896165,NO_SIGNAL
2020-12-28,RELIANCE,1990.8822021484373,53.6625622388213,NO_SIGNAL
2020-12-29,RELIANCE,1977.71435546875,51.140341515538125,NO_SIGNAL
2020-12-30,RELIANCE,1983.1304931640625,52.13683107454783,NO_SIGNAL
2020-12-31,RELIANCE,1972.9937744140625,50.07826877162276,NO_SIGNAL
2021-01-01,RELIANCE,1975.1800537109373,50.53193581291188,NO_SIGNAL
2021-01-04,RELIANCE,1978.50927734375,51.25832612096104,NO_SIGNAL
2021-01-05,RELIANCE,1953.9127197265625,45.89619033013312,NO_SIGNAL
2021-01-06,RELIANCE,1902.3841552734373,37.13251712090164,BUY
2021-01-07,RELIANCE,1899.303466796875,36.681553323531176,BUY
2021-01-08,RELIANCE,1921.7135009765625,42.18236792968001,NO_SIGNAL
2021-01-11,RELIANCE,1885.4896240234373,36.64117532151468,BUY
2021-01-12,RELIANCE,1944.9189453125,48.57628161956397,NO_SIGNAL
2021-01-13,RELIANCE,1926.7821044921875,45.74423067572906,NO_SIGNAL
2021-01-14,RELIANCE,1948.4468994140625,49.52946140638916,NO_SIGNAL
2021-01-15,RELIANCE,1925.4403076171875,45.86968481337126,NO_SIGNAL
2021-01-18,RELIANCE,1971.652099609375,53.32936022111967,NO_SIGNAL
2021-01-19,RELIANCE,2003.9010009765625,57.70932656171873,NO_SIGNAL
2021-01-20,RELIANCE,2041.9635009765625,62.21642585342664,NO_SIGNAL
2021-01-21,RELIANCE,2086.386474609375,66.67972595987143,NO_SIGNAL
2021-01-22,RELIANCE,2036.895263671875,58.4024196142697,STRONG_BUY
2021-01-25,RELIANCE,1928.9683837890625,45.21960341572994,STRONG_BUY
2021-01-27,RELIANCE,1883.2535400390625,40.99822123640056,NO_SIGNAL
2021-01-28,RELIANCE,1864.91796875,39.409137640228245,BUY
2021-01-29,RELIANCE,1830.5323486328125,36.54816072087528,BUY
2021-02-01,RELIANCE,1883.5516357421875,43.374265879088206,NO_SIGNAL
2021-02-02,RELIANCE,1913.8626708984373,46.891827269293564,NO_SIGNAL
2021-02-03,RELIANCE,1918.6826171875,47.450837495866864,NO_SIGNAL
2021-02-04,RELIANCE,1912.371826171875,46.75688420447028,NO_SIGNAL
2021-02-05,RELIANCE,1911.8253173828125,46.69319907689912,NO_SIGNAL
2021-02-08,RELIANCE,1939.353515625,50.36080377740092,NO_SIGNAL
2021-02-09,RELIANCE,1944.0245361328125,50.97713933122979,NO_SIGNAL
2021-02-10,RELIANCE,1962.06201171875,53.38413281108311,NO_SIGNAL
2021-02-11,RELIANCE,2042.9573974609373,62.31971942383664,NO_SIGNAL
2021-02-12,RELIANCE,2028.9447021484373,60.16823031858763,NO_SIGNAL
2021-02-15,RELIANCE,2020.0006103515625,58.77348674123787,NO_SIGNAL
2021-02-16,RELIANCE,2046.73388671875,61.6360253380574,STRONG_BUY
2021-02-17,RELIANCE,2070.336669921875,64.01193002446965,STRONG_BUY
2021-02-18,RELIANCE,2054.8828125,61.33361091676067,STRONG_BUY
2021-02-19,RELIANCE,2067.405029296875,62.695650925969225,STRONG_BUY
2021-02-22,RELIANCE,1995.65234375,51.50093691121906,STRONG_BUY
2021-02-23,RELIANCE,2010.9072265625,53.405796121053264,STRONG_BUY
2021-02-24,RELIANCE,2048.224365234375,57.77482700480374,STRONG_BUY
2021-02-25,RELIANCE,2131.05810546875,65.50650907260193,STRONG_BUY
2021-02-26,RELIANCE,2072.870849609375,57.536621510888494,STRONG_BUY
2021-03-01,RELIANCE,2088.67236328125,58.99561560263115,STRONG_BUY
2021-03-02,RELIANCE,2092.945556640625,59.40185655266559,STRONG_BUY
2021-03-03,RELIANCE,2188.449951171875,67.21875312404397,STRONG_BUY
2021-03-04,RELIANCE,2162.36279296875,63.61562198190589,STRONG_BUY
2021-03-05,RELIANCE,2165.19482421875,63.84221544786905,STRONG_BUY
2021-03-08,RELIANCE,2177.51806640625,64.86751994316674,STRONG_BUY
2021-03-09,RELIANCE,2177.468505859375,64.85955430090287,STRONG_BUY
2021-03-10,RELIANCE,2168.4248046875,63.33126193651905,STRONG_BUY
2021-03-12,RELIANCE,2124.349853515625,56.36110863509781,STRONG_BUY
2021-03-15,RELIANCE,2095.827392578125,52.34608392116442,NO_SIGNAL
2021-03-16,RELIANCE,2087.5791015625,51.20996232151208,NO_SIGNAL
2021-03-17,RELIANCE,2042.6094970703125,45.42175230782185,NO_SIGNAL
2021-03-18,RELIANCE,1996.646240234375,40.39596381181615,NO_SIGNAL
2021-03-19,RELIANCE,2069.09423828125,49.82062687979625,NO_SIGNAL
2021-03-22,RELIANCE,2049.61572265625,47.63954523561361,NO_SIGNAL
2021-03-23,RELIANCE,2074.560302734375,50.62088232585389,NO_SIGNAL
2021-03-24,RELIANCE,2034.6094970703125,46.0941243993322,NO_SIGNAL
2021-03-25,RELIANCE,1979.1055908203125,40.65472136315503,NO_SIGNAL
2021-03-26,RELIANCE,1982.2857666015625,41.08371738689293,NO_SIGNAL
2021-03-30,RELIANCE,2016.7210693359373,45.66399946467386,NO_SIGNAL
2021-03-31,RELIANCE,1990.683349609375,42.94532912275871,NO_SIGNAL
2021-04-01,RELIANCE,2009.317138671875,45.44839922406986,NO_SIGNAL
2021-04-05,RELIANCE,1980.2484130859373,42.328609582833984,NO_SIGNAL
2021-04-06,RELIANCE,1972.0,41.45894053381899,NO_SIGNAL
2021-04-07,RELIANCE,1990.4349365234373,44.21744893019503,NO_SIGNAL
2021-04-08,RELIANCE,1992.91943359375,44.596356762087225,NO_SIGNAL
2021-04-09,RELIANCE,1969.763916015625,41.74998132353392,NO_SIGNAL
2021-04-12,RELIANCE,1899.303466796875,34.52822743444542,BUY
2021-04-13,RELIANCE,1919.825439453125,37.897630374614224,BUY
2021-04-15,RELIANCE,1932.2479248046875,39.91344336792053,BUY
2021-04-16,RELIANCE,1920.12353515625,38.59662031395793,BUY
2021-04-19,RELIANCE,1889.911865234375,35.45744751175515,BUY
2021-04-20,RELIANCE,1889.365478515625,35.401369050394194,BUY
2021-04-22,RELIANCE,1894.5828857421875,36.43518843003728,BUY
2021-04-23,RELIANCE,1892.54541015625,36.191602872829485,BUY
2021-04-26,RELIANCE,1925.8377685546875,42.90808628233134,NO_SIGNAL
2021-04-27,RELIANCE,1976.322998046875,51.28248600509223,NO_SIGNAL
2021-04-28,RELIANCE,1984.91943359375,52.55855957147707,NO_SIGNAL
2021-04-29,RELIANCE,2011.503662109375,56.36497476973376,NO_SIGNAL
2021-04-30,RELIANCE,1982.13671875,51.45369961356296,NO_SIGNAL
2021-05-03,RELIANCE,1946.9066162109373,46.24758361316532,NO_SIGNAL
2021-05-04,RELIANCE,1904.7196044921875,40.90965685732284,NO_SIGNAL
2021-05-05,RELIANCE,1908.1978759765625,41.50909080189939,NO_SIGNAL
2021-05-06,RELIANCE,1919.0302734375,43.43363927011807,NO_SIGNAL
2021-05-07,RELIANCE,1919.7757568359373,43.57124579144861,NO_SIGNAL
2021-05-10,RELIANCE,1914.2601318359373,42.74276053660879,NO_SIGNAL
2021-05-11,RELIANCE,1921.1671142578125,44.17428059256108,NO_SIGNAL
2021-05-12,RELIANCE,1901.291015625,40.99773990070163,NO_SIGNAL
2021-05-14,RELIANCE,1925.2913818359373,46.04321864969199,NO_SIGNAL
2021-05-17,RELIANCE,1948.1983642578125,50.402622878629685,NO_SIGNAL
2021-05-18,RELIANCE,1975.627197265625,55.08236692502662,NO_SIGNAL
2021-05-19,RELIANCE,1984.6708984375,56.538469477323375,NO_SIGNAL
2021-05-20,RELIANCE,1973.0931396484373,54.11970544905624,NO_SIGNAL
2021-05-21,RELIANCE,1990.136962890625,57.03379979886905,NO_SIGNAL
2021-05-24,RELIANCE,1973.3416748046875,53.4322766551987,NO_SIGNAL
2021-05-25,RELIANCE,1950.9810791015625,48.996220092880094,NO_SIGNAL
2021-05-26,RELIANCE,1957.83837890625,50.35735984596156,NO_SIGNAL
2021-05-27,RELIANCE,1963.850830078125,51.57755741731109,NO_SIGNAL
2021-05-28,RELIANCE,2081.81494140625,68.12945516761197,NO_SIGNAL
2021-05-31,RELIANCE,2146.908935546875,73.51033477528507,NO_SIGNAL
2021-06-01,RELIANCE,2155.45556640625,74.12797131458116,NO_SIGNAL
2021-06-02,RELIANCE,2187.605224609375,76.36079990661032,NO_SIGNAL
2021-06-03,RELIANCE,2195.953125,76.91784059416099,STRONG_SELL
2021-06-04,RELIANCE,2176.921630859375,72.71119674211891,NO_SIGNAL
2021-06-07,RELIANCE,2213.593017578125,75.49249113774343,NO_SIGNAL
2021-06-08,RELIANCE,2200.87255859375,72.72364857529125,NO_SIGNAL
2021-06-09,RELIANCE,2161.517822265625,64.80449858421933,STRONG_BUY
2021-06-10,RELIANCE,2169.46826171875,65.61901535445526,STRONG_BUY
2021-06-11,RELIANCE,2206.506591796875,69.19561524894632,STRONG_BUY
2021-06-14,RELIANCE,2238.161376953125,71.8873173586231,NO_SIGNAL
2021-06-15,RELIANCE,2243.24609375,72.30593093469176,NO_SIGNAL
2021-06-16,RELIANCE,2204.961669921875,64.51624207097898,STRONG_BUY
2021-06-17,RELIANCE,2208.999267578125,64.94516544997393,STRONG_BUY
2021-06-18,RELIANCE,2218.96923828125,66.0368900288655,NO_SIGNAL
2021-06-21,RELIANCE,2230.534423828125,67.3087522553448,NO_SIGNAL
2021-06-22,RELIANCE,2219.069091796875,64.72114978714008,NO_SIGNAL
2021-06-23,RELIANCE,2198.730224609375,60.2930435502523,NO_SIGNAL
2021-06-24,RELIANCE,2147.035888671875,50.782842509812575,NO_SIGNAL
2021-06-25,RELIANCE,2098.133056640625,43.752156715274495,NO_SIGNAL
2021-06-28,RELIANCE,2079.738525390625,41.42876686485415,NO_SIGNAL
2021-06-29,RELIANCE,2081.533203125,41.75375907932631,NO_SIGNAL
2021-06-30,RELIANCE,2104.314453125,45.8603354921268,NO_SIGNAL
2021-07-01,RELIANCE,2091.652587890625,44.00337438500005,NO_SIGNAL
2021-07-02,RELIANCE,2122.6591796875,49.40600844930209,NO_SIGNAL
2021-07-05,RELIANCE,2143.74560546875,52.74507013085198,NO_SIGNAL
2021-07-06,RELIANCE,2118.422119140625,48.59705214128112,NO_SIGNAL
2021-07-07,RELIANCE,2103.71630859375,46.3189778715654,NO_SIGNAL
2021-07-08,RELIANCE,2086.31884765625,43.70858266483488,NO_SIGNAL
2021-07-09,RELIANCE,2064.98291015625,40.68065317721989,NO_SIGNAL
2021-07-12,RELIANCE,2077.84423828125,43.2335290600282,NO_SIGNAL
2021-07-13,RELIANCE,2093.397216796875,46.24622134992268,NO_SIGNAL
2021-07-14,RELIANCE,2079.738525390625,44.035926447125135,NO_SIGNAL
2021-07-15,RELIANCE,2076.099609375,43.44024529305893,NO_SIGNAL
2021-07-16,RELIANCE,2106.05908203125,49.497382681361024,NO_SIGNAL
2021-07-19,RELIANCE,2092.649658203125,47.06773212110341,NO_SIGNAL
2021-07-20,RELIANCE,2087.51513671875,46.13392637722912,NO_SIGNAL
2021-07-22,RELIANCE,2114.334228515625,51.541831216874826,NO_SIGNAL
2021-07-23,RELIANCE,2099.37939453125,48.61112932903547,NO_SIGNAL
2021-07-26,RELIANCE,2070.615966796875,43.48916451426302,NO_SIGNAL
2021-07-27,RELIANCE,2048.83154296875,40.04751548725503,NO_SIGNAL
2021-07-28,RELIANCE,2031.2344970703125,37.46807635445007,BUY
2021-07-29,RELIANCE,2047.0867919921875,41.14568152480469,NO_SIGNAL
2021-07-30,RELIANCE,2029.190673828125,38.40002505345239,BUY
2021-08-02,RELIANCE,2066.279052734375,46.38497418394432,NO_SIGNAL
2021-08-03,RELIANCE,2081.483154296875,49.28710898876683,NO_SIGNAL
2021-08-04,RELIANCE,2097.435302734375,52.20999095958617,NO_SIGNAL
2021-08-05,RELIANCE,2127.84375,57.2661911215674,NO_SIGNAL
2021-08-06,RELIANCE,2082.779296875,48.99344547242177,NO_SIGNAL
2021-08-09,RELIANCE,2070.9150390625,47.06571126725347,NO_SIGNAL
2021-08-10,RELIANCE,2081.782470703125,49.043499509011646,NO_SIGNAL
2021-08-11,RELIANCE,2110.944580078125,54.0093016740793,NO_SIGNAL
2021-08-12,RELIANCE,2104.1650390625,52.72296200911942,NO_SIGNAL
2021-08-13,RELIANCE,2139.209228515625,58.25732664246118,NO_SIGNAL
2021-08-16,RELIANCE,2166.975830078125,62.04821591176406,NO_SIGNAL
2021-08-17,RELIANCE,2157.753662109375,60.09611519355569,NO_SIGNAL
2021-08-18,RELIANCE,2166.128173828125,61.28718928187004,STRONG_BUY
2021-08-20,RELIANCE,2141.801513671875,56.05321259422276,STRONG_BUY
2021-08-23,RELIANCE,2155.859375,58.27100773012696,STRONG_BUY
2021-08-24,RELIANCE,2177.145263671875,61.44382763707613,STRONG_BUY
2021-08-25,RELIANCE,2195.988525390625,64.04973290236012,STRONG_BUY
2021-08-26,RELIANCE,2223.7548828125,67.53204114061471,STRONG_BUY
2021-08-27,RELIANCE,2220.7138671875,66.76921462268737,STRONG_BUY
2021-08-30,RELIANCE,2263.435302734375,71.61931425189698,NO_SIGNAL
2021-08-31,RELIANCE,2251.37158203125,68.57562743087084,STRONG_BUY
2021-09-01,RELIANCE,2260.294921875,69.60461080313843,STRONG_BUY
2021-09-02,RELIANCE,2287.512939453125,72.55646887743107,NO_SIGNAL
2021-09-03,RELIANCE,2381.33056640625,79.8282891311843,STRONG_SELL
2021-09-06,RELIANCE,2418.319091796875,81.86820055007044,NO_SIGNAL
2021-09-07,RELIANCE,2433.572998046875,82.64754292683548,NO_SIGNAL
2021-09-08,RELIANCE,2424.052001953125,80.32676461534291,STRONG_SELL
2021-09-09,RELIANCE,2418.319091796875,78.8902681073333,STRONG_SELL
2021-09-13,RELIANCE,2364.431396484375,66.79802006246175,STRONG_BUY
2021-09-14,RELIANCE,2361.340576171875,66.17151651536805,STRONG_BUY
2021-09-15,RELIANCE,2371.1611328125,67.22340760218182,STRONG_BUY
2021-09-16,RELIANCE,2420.9111328125,71.97721146616747,NO_SIGNAL
2021-09-17,RELIANCE,2383.374267578125,64.389010730484,NO_SIGNAL
2021-09-20,RELIANCE,2387.1630859375,64.79247929627577,NO_SIGNAL
2021-09-21,RELIANCE,2397.481689453125,65.92479105443901,NO_SIGNAL
2021-09-22,RELIANCE,2423.204345703125,68.63300551901246,NO_SIGNAL
2021-09-23,RELIANCE,2482.426025390625,73.79659637164407,NO_SIGNAL
2021-09-24,RELIANCE,2475.24755859375,72.2441477162676,NO_SIGNAL
2021-09-27,RELIANCE,2516.872314453125,75.4669728363061,NO_SIGNAL
2021-09-28,RELIANCE,2540.401611328125,77.08659509131004,STRONG_SELL
2021-09-29,RELIANCE,2520.26220703125,72.66469999501346,NO_SIGNAL
2021-09-30,RELIANCE,2511.68798828125,70.80256490101581,NO_SIGNAL
2021-10-01,RELIANCE,2516.12451171875,71.21362710947811,NO_SIGNAL
2021-10-04,RELIANCE,2548.47705078125,74.07949746446933,NO_SIGNAL
2021-10-05,RELIANCE,2601.367919921875,77.94520985890867,STRONG_SELL
2021-10-06,RELIANCE,2552.166259765625,67.81343353735978,STRONG_BUY
2021-10-07,RELIANCE,2564.678466796875,68.91984874017794,STRONG_BUY
2021-10-08,RELIANCE,2663.231689453125,75.93642468715849,NO_SIGNAL
2021-10-11,RELIANCE,2644.6875,72.61451913054307,NO_SIGNAL
2021-10-12,RELIANCE,2659.792236328125,73.62655066723823,NO_SIGNAL
2021-10-13,RELIANCE,2686.860595703125,75.38227021265863,NO_SIGNAL
2021-10-14,RELIANCE,2692.294189453125,75.73152360706533,NO_SIGNAL
2021-10-18,RELIANCE,2699.47265625,76.21168314974187,STRONG_SELL
2021-10-19,RELIANCE,2723.64990234375,77.80450671675943,STRONG_SELL
2021-10-20,RELIANCE,2692.294189453125,71.15059511791777,NO_SIGNAL
2021-10-21,RELIANCE,2614.628173828125,57.93436593161139,NO_SIGNAL
2021-10-22,RELIANCE,2619.51318359375,58.45705735514834,NO_SIGNAL
2021-10-25,RELIANCE,2593.990234375,54.637123318779146,NO_SIGNAL
2021-10-26,RELIANCE,2653.0625,60.99077862835731,NO_SIGNAL
2021-10-27,RELIANCE,2619.51318359375,56.178222703929805,NO_SIGNAL
2021-10-28,RELIANCE,2590.7998046875,52.369532749323376,NO_SIGNAL
2021-10-29,RELIANCE,2528.636962890625,45.22153841861984,NO_SIGNAL
2021-11-01,RELIANCE,2530.182373046875,45.42098599864246,NO_SIGNAL
2021-11-02,RELIANCE,2493.29345703125,41.53361911310631,NO_SIGNAL
2021-11-03,RELIANCE,2476.14501953125,39.82717593928219,BUY
2021-11-04,RELIANCE,2491.349365234375,42.09865416014272,NO_SIGNAL
2021-11-08,RELIANCE,2494.43994140625,42.57320111459394,NO_SIGNAL
2021-11-09,RELIANCE,2514.130615234375,45.630591863250594,NO_SIGNAL
2021-11-10,RELIANCE,2542.245849609375,49.74477284733169,NO_SIGNAL
2021-11-11,RELIANCE,2546.882080078125,50.41115108624808,NO_SIGNAL
2021-11-12,RELIANCE,2585.31640625,55.66010937497053,NO_SIGNAL
2021-11-15,RELIANCE,2570.062255859375,53.250926866497984,NO_SIGNAL
2021-11-16,RELIANCE,2510.342041015625,45.03280357622653,NO_SIGNAL
2021-11-17,RELIANCE,2456.603759765625,39.17421644300007,BUY
2021-11-18,RELIANCE,2465.8759765625,40.60991203014629,NO_SIGNAL
2021-11-22,RELIANCE,2356.65478515625,31.25230633182877,STRONG_BUY
2021-11-23,RELIANCE,2378.6884765625,34.529796660294046,BUY
2021-11-24,RELIANCE,2344.341796875,31.971076854201304,STRONG_BUY
2021-11-25,RELIANCE,2485.466796875,48.76928637493945,NO_SIGNAL
2021-11-26,RELIANCE,2405.358154296875,42.3731175730658,NO_SIGNAL
2021-11-29,RELIANCE,2434.17138671875,45.15908174523782,NO_SIGNAL
2021-11-30,RELIANCE,2398.1796875,42.40151026272468,NO_SIGNAL
2021-12-01,RELIANCE,2459.5947265625,48.21266336900966,NO_SIGNAL
2021-12-02,RELIANCE,2475.3974609375,49.62111508592656,NO_SIGNAL
2021-12-03,RELIANCE,2401.021240234375,43.60956230005071,NO_SIGNAL
2021-12-06,RELIANCE,2355.50830078125,40.385309931414746,NO_SIGNAL
2021-12-07,RELIANCE,2374.700439453125,42.32187288953405,NO_SIGNAL
2021-12-08,RELIANCE,2410.841796875,45.886774300204245,NO_SIGNAL
2021-12-09,RELIANCE,2449.076416015625,49.44656172213399,NO_SIGNAL
2021-12-10,RELIANCE,2451.56884765625,49.67895388229178,NO_SIGNAL
2021-12-13,RELIANCE,2402.4169921875,45.26030405083348,NO_SIGNAL
2021-12-14,RELIANCE,2373.00537109375,42.806763362024505,NO_SIGNAL
2021-12-15,RELIANCE,2366.076416015625,42.226013195176726,NO_SIGNAL
2021-12-16,RELIANCE,2396.68408203125,45.72864712686069,NO_SIGNAL
2021-12-17,RELIANCE,2333.424560546875,40.29166396548159,NO_SIGNAL
2021-12-20,RELIANCE,2270.51416015625,35.740602189038164,BUY
2021-12-21,RELIANCE,2304.312255859375,39.68241449906347,BUY
2021-12-22,RELIANCE,2358.997802734375,45.50699993457818,NO_SIGNAL
2021-12-23,RELIANCE,2358.150146484375,45.4337627451111,NO_SIGNAL
2021-12-24,RELIANCE,2365.677734375,46.260875654877744,NO_SIGNAL
2021-12-27,RELIANCE,2363.13525390625,46.00721494111092,NO_SIGNAL
2021-12-28,RELIANCE,2391.20068359375,49.31128606419228,NO_SIGNAL
2021-12-29,RELIANCE,2395.288330078125,49.79319234046366,NO_SIGNAL
2021-12-30,RELIANCE,2352.018798828125,44.92434044290422,NO_SIGNAL
2021-12-31,RELIANCE,2361.04150390625,46.10771558324024,NO_SIGNAL
2022-01-03,RELIANCE,2396.634521484375,50.61552842511984,NO_SIGNAL
2022-01-04,RELIANCE,2450.7216796875,56.561563978758414,NO_SIGNAL
2022-01-05,RELIANCE,2462.18701171875,57.72358087069623,NO_SIGNAL
2022-01-06,RELIANCE,2409.246337890625,50.94653500605438,NO_SIGNAL
2022-01-07,RELIANCE,2428.68798828125,53.12311317906382,NO_SIGNAL
2022-01-10,RELIANCE,2430.681884765625,53.351722719874495,NO_SIGNAL
2022-01-11,RELIANCE,2448.17919921875,55.40693364092684,NO_SIGNAL
2022-01-12,RELIANCE,2513.532470703125,62.11987445252026,NO_SIGNAL
2022-01-13,RELIANCE,2527.68994140625,63.405070606191536,STRONG_BUY
2022-01-14,RELIANCE,2531.378662109375,63.750165726079935,STRONG_BUY
2022-01-17,RELIANCE,2544.5888671875,65.02228493286752,STRONG_BUY
2022-01-18,RELIANCE,2514.23046875,59.826299715056265,STRONG_BUY
2022-01-19,RELIANCE,2514.031005859375,59.79249165377151,STRONG_BUY
2022-01-20,RELIANCE,2470.013427734375,52.71310774611959,STRONG_BUY
2022-01-21,RELIANCE,2470.412353515625,52.76768839037158,STRONG_BUY
2022-01-24,RELIANCE,2370.76220703125,40.26516032204096,NO_SIGNAL
2022-01-25,RELIANCE,2366.126220703125,39.79278952351679,BUY
2022-01-27,RELIANCE,2331.081787109375,36.32377463392875,BUY
2022-01-28,RELIANCE,2328.838623046875,36.10679578267183,BUY
2022-01-31,RELIANCE,2379.436279296875,44.203160734667854,NO_SIGNAL
2022-02-01,RELIANCE,2371.559814453125,43.28367466508386,NO_SIGNAL
2022-02-02,RELIANCE,2376.395263671875,44.05308522528811,NO_SIGNAL
2022-02-03,RELIANCE,2345.687744140625,40.312950579444326,NO_SIGNAL
2022-02-04,RELIANCE,2324.30224609375,37.89968131531906,BUY
2022-02-07,RELIANCE,2310.144775390625,36.348376298545126,BUY
2022-02-08,RELIANCE,2348.97802734375,43.21436236658716,NO_SIGNAL
2022-02-09,RELIANCE,2376.345458984375,47.511438667717336,NO_SIGNAL
2022-02-10,RELIANCE,2373.90283203125,47.16836046540615,NO_SIGNAL
2022-02-11,RELIANCE,2369.2666015625,46.48228020524397,NO_SIGNAL
2022-02-14,RELIANCE,2331.530517578125,41.22607160082955,NO_SIGNAL
2022-02-15,RELIANCE,2410.69189453125,53.1854194602515,NO_SIGNAL
2022-02-16,RELIANCE,2405.70703125,52.4615035738735,NO_SIGNAL
2022-02-17,RELIANCE,2436.165283203125,56.36923537627071,NO_SIGNAL
2022-02-18,RELIANCE,2417.12255859375,53.41302538274925,NO_SIGNAL
2022-02-21,RELIANCE,2392.696044921875,49.804894803408935,NO_SIGNAL
2022-02-22,RELIANCE,2381.828857421875,48.24349475941502,NO_SIGNAL
2022-02-23,RELIANCE,2366.923828125,46.10837455804063,NO_SIGNAL
2022-02-24,RELIANCE,2248.97900390625,33.48100709588578,BUY
2022-02-25,RELIANCE,2277.09423828125,37.85037884323663,BUY
2022-02-28,RELIANCE,2352.467529296875,47.757696770296974,NO_SIGNAL
2022-03-02,RELIANCE,2391.350341796875,52.00792290027935,NO_SIGNAL
2022-03-03,RELIANCE,2371.1611328125,49.74492167760683,NO_SIGNAL
2022-03-04,RELIANCE,2318.569580078125,44.33330794674416,NO_SIGNAL
2022-03-07,RELIANCE,2232.82763671875,37.223508415036655,BUY
2022-03-08,RELIANCE,2228.789794921875,36.92320019977951,BUY
2022-03-09,RELIANCE,2347.033935546875,49.716684205917765,NO_SIGNAL
2022-03-10,RELIANCE,2385.069091796875,53.01767236984298,NO_SIGNAL
2022-03-11,RELIANCE,2391.948486328125,53.61085189426545,NO_SIGNAL
2022-03-14,RELIANCE,2411.58935546875,55.34434936566674,NO_SIGNAL
2022-03-15,RELIANCE,2356.355712890625,49.71775052205338,NO_SIGNAL
2022-03-16,RELIANCE,2396.135986328125,53.392888248758766,NO_SIGNAL
2022-03-17,RELIANCE,2474.250732421875,59.63229034967088,NO_SIGNAL
2022-03-21,RELIANCE,2459.99365234375,58.103406043076255,NO_SIGNAL
2022-03-22,RELIANCE,2523.55224609375,62.69523606460965,STRONG_BUY
2022-03-23,RELIANCE,2531.578125,63.24307048727936,STRONG_BUY
2022-03-24,RELIANCE,2570.90966796875,65.8869329203508,STRONG_BUY
2022-03-25,RELIANCE,2588.05810546875,67.00139045124813,STRONG_BUY
2022-03-28,RELIANCE,2614.07958984375,68.67380010310845,STRONG_BUY
2022-03-29,RELIANCE,2614.677978515625,68.71306875321723,STRONG_BUY
2022-03-30,RELIANCE,2664.926513671875,71.8986597590223,NO_SIGNAL
2022-03-31,RELIANCE,2626.84130859375,66.38178000121198,STRONG_BUY
2022-04-01,RELIANCE,2647.878173828125,67.84926295974307,STRONG_BUY
2022-04-04,RELIANCE,2655.704345703125,68.40186544762766,STRONG_BUY
2022-04-05,RELIANCE,2618.16748046875,62.82432136418984,STRONG_BUY
2022-04-06,RELIANCE,2611.1884765625,61.81509238625795,STRONG_BUY
2022-04-07,RELIANCE,2565.127197265625,55.48035814760001,NO_SIGNAL
2022-04-08,RELIANCE,2607.798583984375,59.6098342448375,NO_SIGNAL
2022-04-11,RELIANCE,2602.364990234375,58.86113564132906,NO_SIGNAL
2022-04-12,RELIANCE,2553.362548828125,52.461633946594674,NO_SIGNAL
2022-04-13,RELIANCE,2543.99072265625,51.31260032898936,NO_SIGNAL
2022-04-18,RELIANCE,2536.21435546875,50.32760448243649,NO_SIGNAL
2022-04-19,RELIANCE,2632.873291015625,60.48202212860422,NO_SIGNAL
2022-04-20,RELIANCE,2710.2900390625,66.40560351755317,NO_SIGNAL
2022-04-21,RELIANCE,2773.7490234375,70.33141432278546,NO_SIGNAL
2022-04-22,RELIANCE,2750.51904296875,67.2340505823594,NO_SIGNAL
2022-04-25,RELIANCE,2686.910400390625,59.50622635321785,NO_SIGNAL
2022-04-26,RELIANCE,2767.318359375,64.985069002215,STRONG_BUY
2022-04-27,RELIANCE,2770.01025390625,65.15504366436477,STRONG_BUY
2022-04-28,RELIANCE,2811.3857421875,67.74668581171775,STRONG_BUY
2022-04-29,RELIANCE,2781.87451171875,64.08548417001018,STRONG_BUY
2022-05-02,RELIANCE,2772.10400390625,62.87399057680702,STRONG_BUY
2022-05-04,RELIANCE,2685.564453125,53.26860207207073,NO_SIGNAL
2022-05-05,RELIANCE,2632.97265625,48.42669148911366,NO_SIGNAL
2022-05-06,RELIANCE,2612.783447265625,46.67282888776392,NO_SIGNAL
2022-05-09,RELIANCE,2510.740966796875,38.98720308842538,BUY
2022-05-10,RELIANCE,2467.2216796875,36.245885961095794,BUY
2022-05-11,RELIANCE,2441.947998046875,34.71910363229587,BUY
2022-05-12,RELIANCE,2392.19775390625,31.87298780364077,STRONG_BUY
2022-05-13,RELIANCE,2419.316162109375,35.00083483766293,BUY
2022-05-16,RELIANCE,2419.914306640625,35.071643631761866,BUY
2022-05-17,RELIANCE,2521.55810546875,45.8641811018894,NO_SIGNAL
2022-05-18,RELIANCE,2530.730712890625,46.72479993837545,NO_SIGNAL
2022-05-19,RELIANCE,2472.40625,42.13768679515539,NO_SIGNAL
2022-05-20,RELIANCE,2616.572265625,54.12594227781763,NO_SIGNAL
2022-05-23,RELIANCE,2599.07470703125,52.698822728763496,NO_SIGNAL
2022-05-24,RELIANCE,2607.998046875,53.37399983251737,NO_SIGNAL
2022-05-25,RELIANCE,2604.15966796875,53.023394611862216,NO_SIGNAL
2022-05-26,RELIANCE,2579.33447265625,50.70356218929331,NO_SIGNAL
2022-05-27,RELIANCE,2567.370361328125,49.57779459170632,NO_SIGNAL
2022-05-30,RELIANCE,2656.801025390625,57.22333052850611,NO_SIGNAL
2022-05-31,RELIANCE,2624.74755859375,54.05937512035155,NO_SIGNAL
2022-06-01,RELIANCE,2625.594970703125,54.13158146009231,NO_SIGNAL
2022-06-02,RELIANCE,2716.12255859375,61.15549271607426,NO_SIGNAL
2022-06-03,RELIANCE,2771.15673828125,64.69496212366128,STRONG_BUY
2022-06-06,RELIANCE,2759.24267578125,63.34921990573646,STRONG_BUY
2022-06-07,RELIANCE,2764.427001953125,63.703037014574846,STRONG_BUY
2022-06-08,RELIANCE,2715.873291015625,58.05082080953493,STRONG_BUY
2022-06-09,RELIANCE,2790.34912109375,63.41323382382827,STRONG_BUY
2022-06-10,RELIANCE,2706.102783203125,54.8688114561237,STRONG_BUY
2022-06-13,RELIANCE,2654.90673828125,50.422524799202286,STRONG_BUY
2022-06-14,RELIANCE,2620.21142578125,47.60698506952296,NO_SIGNAL
2022-06-15,RELIANCE,2588.5068359375,45.12721386850508,NO_SIGNAL
2022-06-16,RELIANCE,2552.315673828125,42.41146692009467,NO_SIGNAL
2022-06-17,RELIANCE,2582.2255859375,45.33915248668123,NO_SIGNAL
2022-06-20,RELIANCE,2535.41650390625,41.76099900240383,NO_SIGNAL
2022-06-21,RELIANCE,2576.343505859375,45.78941362815016,NO_SIGNAL
2022-06-22,RELIANCE,2498.0791015625,40.08005191991701,NO_SIGNAL
2022-06-23,RELIANCE,2457.551025390625,37.47430377677837,BUY
2022-06-24,RELIANCE,2492.545654296875,41.03881860339559,NO_SIGNAL
2022-06-27,RELIANCE,2485.167724609375,40.51441071184978,NO_SIGNAL
2022-06-28,RELIANCE,2520.112548828125,44.15437053789225,NO_SIGNAL
2022-06-29,RELIANCE,2572.405029296875,49.16706331947333,NO_SIGNAL
2022-06-30,RELIANCE,2587.858642578125,50.57885361929662,NO_SIGNAL
2022-07-01,RELIANCE,2401.4697265625,37.16998568832349,BUY
2022-07-04,RELIANCE,2406.454833984375,37.64611592764547,BUY
2022-07-05,RELIANCE,2425.946044921875,39.57421734546431,BUY
2022-07-06,RELIANCE,2404.6103515625,38.18240011120458,BUY
2022-07-07,RELIANCE,2380.931640625,36.64216513566454,BUY
2022-07-08,RELIANCE,2384.2216796875,37.02230046237238,BUY
2022-07-11,RELIANCE,2416.6240234375,40.79013667938976,NO_SIGNAL
2022-07-12,RELIANCE,2413.1845703125,40.51306129898508,NO_SIGNAL
2022-07-13,RELIANCE,2370.413330078125,37.13495856346277,BUY
2022-07-14,RELIANCE,2389.954345703125,39.61241170701817,BUY
2022-07-15,RELIANCE,2394.590576171875,40.21441009750934,NO_SIGNAL
2022-07-18,RELIANCE,2414.979248046875,42.90977756941461,NO_SIGNAL
2022-07-19,RELIANCE,2429.78466796875,44.85402597950456,NO_SIGNAL
2022-07-20,RELIANCE,2495.48681640625,52.57299414731994,NO_SIGNAL
2022-07-21,RELIANCE,2478.8369140625,50.63860445447056,NO_SIGNAL
2022-07-22,RELIANCE,2495.586669921875,52.53083615330599,NO_SIGNAL
2022-07-25,RELIANCE,2413.134521484375,43.658569868437546,NO_SIGNAL
2022-07-26,RELIANCE,2414.2314453125,43.79457574133331,NO_SIGNAL
2022-07-27,RELIANCE,2411.938232421875,43.55784819341078,NO_SIGNAL
2022-07-28,RELIANCE,2449.724609375,48.49787376340992,NO_SIGNAL
2022-07-29,RELIANCE,2501.91748046875,54.43066351396193,NO_SIGNAL
2022-08-01,RELIANCE,2567.12109375,60.54538605773254,NO_SIGNAL
2022-08-02,RELIANCE,2576.8916015625,61.38162088128944,NO_SIGNAL
2022-08-03,RELIANCE,2598.526611328125,63.23957757404,NO_SIGNAL
2022-08-04,RELIANCE,2564.179931640625,58.43324419068021,NO_SIGNAL
2022-08-05,RELIANCE,2526.393798828125,53.60629126702734,NO_SIGNAL
2022-08-08,RELIANCE,2559.444091796875,56.95561496411295,STRONG_BUY
2022-08-10,RELIANCE,2574.748046875,58.45139432537096,STRONG_BUY
2022-08-11,RELIANCE,2583.322509765625,59.30465877113473,STRONG_BUY
2022-08-12,RELIANCE,2625.096435546875,63.263005785676185,STRONG_BUY
2022-08-16,RELIANCE,2643.341552734375,64.87020897770267,STRONG_BUY
2022-08-17,RELIANCE,2657.14990234375,66.07971076293582,STRONG_BUY
2022-08-18,RELIANCE,2661.300048828125,66.45354912242438,STRONG_BUY
2022-08-19,RELIANCE,2613.85009765625,58.513270924046566,STRONG_BUY
2022-08-22,RELIANCE,2606.60009765625,57.38502688459536,STRONG_BUY
2022-08-23,RELIANCE,2646.800048828125,61.78504283841514,STRONG_BUY
2022-08-24,RELIANCE,2639.75,60.60325566887652,STRONG_BUY
2022-08-25,RELIANCE,2632.050048828125,59.2698260407683,STRONG_BUY
2022-08-26,RELIANCE,2618.0,56.8134228870732,NO_SIGNAL
2022-08-29,RELIANCE,2597.64990234375,53.36369205275485,NO_SIGNAL
2022-08-30,RELIANCE,2637.949951171875,58.71053326742943,NO_SIGNAL
2022-09-01,RELIANCE,2560.39990234375,47.43927595864885,NO_SIGNAL
2022-09-02,RELIANCE,2530.5,43.93693461585623,NO_SIGNAL
2022-09-05,RELIANCE,2569.800048828125,49.24136060620989,NO_SIGNAL
2022-09-06,RELIANCE,2596.85009765625,52.567906320563154,NO_SIGNAL
2022-09-07,RELIANCE,2581.75,50.5753137993989,NO_SIGNAL
2022-09-08,RELIANCE,2585.39990234375,51.05822106406467,NO_SIGNAL
2022-09-09,RELIANCE,2569.300048828125,48.7935377064133,NO_SIGNAL
2022-09-12,RELIANCE,2598.050048828125,52.81809307455552,NO_SIGNAL
2022-09-13,RELIANCE,2619.75,55.65130811850055,NO_SIGNAL
2022-09-14,RELIANCE,2588.35009765625,50.88935395001663,NO_SIGNAL
2022-09-15,RELIANCE,2562.699951171875,47.32678656952309,NO_SIGNAL
2022-09-16,RELIANCE,2499.199951171875,39.8830200085859,BUY
2022-09-19,RELIANCE,2502.449951171875,40.39970807803739,NO_SIGNAL
2022-09-20,RELIANCE,2502.85009765625,40.46755112642772,NO_SIGNAL
2022-09-21,RELIANCE,2509.75,41.69990337910473,NO_SIGNAL
2022-09-22,RELIANCE,2486.10009765625,38.73978288908874,BUY
2022-09-23,RELIANCE,2439.5,33.66827236887755,BUY
2022-09-26,RELIANCE,2377.35009765625,28.339670715779715,STRONG_BUY
2022-09-27,RELIANCE,2396.25,31.87092281006761,STRONG_BUY
2022-09-28,RELIANCE,2332.449951171875,27.02892271092797,STRONG_BUY
2022-09-29,RELIANCE,2325.300048828125,26.54225585593007,STRONG_BUY
2022-09-30,RELIANCE,2377.75,35.68994826791233,BUY
2022-10-03,RELIANCE,2369.5,34.95264267747575,BUY
2022-10-04,RELIANCE,2413.199951171875,41.81006881617472,NO_SIGNAL
2022-10-06,RELIANCE,2422.10009765625,43.12515020108172,NO_SIGNAL
2022-10-07,RELIANCE,2432.35009765625,44.67586111615973,NO_SIGNAL
2022-10-10,RELIANCE,2405.800048828125,41.51813431826785,NO_SIGNAL
2022-10-11,RELIANCE,2357.89990234375,36.50499154361478,BUY
2022-10-12,RELIANCE,2375.25,39.36109138798683,BUY
2022-10-13,RELIANCE,2382.800048828125,40.612957880609066,NO_SIGNAL
2022-10-14,RELIANCE,2370.699951171875,39.21565699960127,BUY
2022-10-17,RELIANCE,2408.75,45.55879379527319,NO_SIGNAL
2022-10-18,RELIANCE,2451.25,51.630395595320735,NO_SIGNAL
2022-10-19,RELIANCE,2493.89990234375,56.83321809458174,NO_SIGNAL
2022-10-20,RELIANCE,2500.60009765625,57.60472189133687,NO_SIGNAL
2022-10-21,RELIANCE,2471.60009765625,53.174862054838535,NO_SIGNAL
2022-10-24,RELIANCE,2479.85009765625,54.25266249851877,NO_SIGNAL
2022-10-25,RELIANCE,2441.550048828125,48.653726945998514,NO_SIGNAL
2022-10-27,RELIANCE,2451.14990234375,50.04531470956779,NO_SIGNAL
2022-10-28,RELIANCE,2526.14990234375,59.32112659569973,NO_SIGNAL
2022-10-31,RELIANCE,2549.60009765625,61.71486025224877,NO_SIGNAL
2022-11-01,RELIANCE,2529.85009765625,58.58791504209646,NO_SIGNAL
2022-11-02,RELIANCE,2545.64990234375,60.32000877749084,NO_SIGNAL
2022-11-03,RELIANCE,2555.14990234375,61.36633421429749,STRONG_BUY
2022-11-04,RELIANCE,2592.75,65.26981756719489,STRONG_BUY
2022-11-07,RELIANCE,2606.60009765625,66.60818388779046,STRONG_BUY
2022-11-09,RELIANCE,2604.0,66.09325579253736,STRONG_BUY
2022-11-10,RELIANCE,2572.5,60.03776827366748,STRONG_BUY
2022-11-11,RELIANCE,2631.800048828125,66.2978348295286,STRONG_BUY
2022-11-14,RELIANCE,2619.050048828125,63.97726467691026,STRONG_BUY
2022-11-15,RELIANCE,2607.300048828125,61.829419891906745,STRONG_BUY
2022-11-16,RELIANCE,2592.35009765625,59.11030824161474,STRONG_BUY
2022-11-17,RELIANCE,2599.050048828125,59.96015534694511,STRONG_BUY
2022-11-18,RELIANCE,2597.64990234375,59.680997681721074,STRONG_BUY
2022-11-21,RELIANCE,2550.89990234375,51.12259826909413,NO_SIGNAL
2022-11-22,RELIANCE,2565.050048828125,53.305269639727335,NO_SIGNAL
2022-11-23,RELIANCE,2557.050048828125,51.894312763751095,NO_SIGNAL
2022-11-24,RELIANCE,2579.10009765625,55.39857487795968,NO_SIGNAL
2022-11-25,RELIANCE,2617.60009765625,60.77179305337263,NO_SIGNAL
2022-11-28,RELIANCE,2707.550048828125,69.89664014269243,NO_SIGNAL
2022-11-29,RELIANCE,2712.199951171875,70.28148162165036,NO_SIGNAL
2022-11-30,RELIANCE,2731.35009765625,71.8760952618012,NO_SIGNAL
2022-12-01,RELIANCE,2723.300048828125,70.17158084416553,NO_SIGNAL
2022-12-02,RELIANCE,2722.14990234375,69.91646642872557,STRONG_BUY
2022-12-05,RELIANCE,2682.449951171875,61.59262239989636,STRONG_BUY
2022-12-06,RELIANCE,2690.199951171875,62.530442297301725,STRONG_BUY
2022-12-07,RELIANCE,2650.5,55.10731373145183,NO_SIGNAL
2022-12-08,RELIANCE,2649.25,54.88637859848279,NO_SIGNAL
2022-12-09,RELIANCE,2609.10009765625,48.20174691589715,NO_SIGNAL
2022-12-12,RELIANCE,2613.10009765625,48.86986014029952,NO_SIGNAL
2022-12-13,RELIANCE,2625.0,50.898916543422125,NO_SIGNAL
2022-12-14,RELIANCE,2615.5,49.21964657562576,NO_SIGNAL
2022-12-15,RELIANCE,2578.35009765625,43.21526943550232,NO_SIGNAL
2022-12-16,RELIANCE,2565.60009765625,41.35081926000324,NO_SIGNAL
2022-12-19,RELIANCE,2599.300048828125,47.76549635296168,NO_SIGNAL
2022-12-20,RELIANCE,2621.800048828125,51.57379676476358,NO_SIGNAL
2022-12-21,RELIANCE,2584.5,45.63397282368692,NO_SIGNAL
2022-12-22,RELIANCE,2577.800048828125,44.63946014890639,NO_SIGNAL
2022-12-23,RELIANCE,2502.199951171875,35.29301934957535,BUY
2022-12-26,RELIANCE,2524.050048828125,39.25192845483189,BUY
2022-12-27,RELIANCE,2544.699951171875,42.812925232254464,NO_SIGNAL
2022-12-28,RELIANCE,2544.449951171875,42.78022966425285,NO_SIGNAL
2022-12-29,RELIANCE,2543.300048828125,42.6190081646246,NO_SIGNAL
2022-12-30,RELIANCE,2547.199951171875,43.39809939431571,NO_SIGNAL
2023-01-02,RELIANCE,2575.89990234375,48.89703315361936,NO_SIGNAL
2023-01-03,RELIANCE,2557.050048828125,45.75305799984934,NO_SIGNAL
2023-01-04,RELIANCE,2518.550048828125,40.08406652596202,NO_SIGNAL
2023-01-05,RELIANCE,2514.050048828125,39.4685031104717,BUY
2023-01-06,RELIANCE,2536.89990234375,44.15791362000412,NO_SIGNAL
2023-01-09,RELIANCE,2596.800048828125,54.17929808539279,NO_SIGNAL
2023-01-10,RELIANCE,2558.39990234375,48.20670146948716,NO_SIGNAL
2023-01-11,RELIANCE,2526.14990234375,43.8360814007842,NO_SIGNAL
2023-01-12,RELIANCE,2471.60009765625,37.622629390524345,BUY
2023-01-13,RELIANCE,2467.60009765625,37.2061747365402,BUY
2023-01-16,RELIANCE,2444.10009765625,34.77100953161354,BUY
2023-01-17,RELIANCE,2478.800048828125,40.9199456254149,NO_SIGNAL
2023-01-18,RELIANCE,2474.699951171875,40.43491862411388,NO_SIGNAL
2023-01-19,RELIANCE,2472.050048828125,40.104062189635,NO_SIGNAL
2023-01-20,RELIANCE,2442.64990234375,36.53243634896496,BUY
2023-01-23,RELIANCE,2430.300048828125,35.11762127685956,BUY
2023-01-24,RELIANCE,2415.949951171875,33.49442405965994,BUY
2023-01-25,RELIANCE,2382.550048828125,30.01677860000096,STRONG_BUY
2023-01-27,RELIANCE,2337.35009765625,26.0716689785565,STRONG_BUY
2023-01-30,RELIANCE,2359.75,30.917370878247617,STRONG_BUY
2023-01-31,RELIANCE,2353.85009765625,30.353043121068364,STRONG_BUY
2023-02-01,RELIANCE,2339.89990234375,29.00494634197513,STRONG_BUY
2023-02-02,RELIANCE,2326.949951171875,27.771852283965003,STRONG_BUY
2023-02-03,RELIANCE,2329.0,28.29157901662656,STRONG_BUY
2023-02-06,RELIANCE,2311.449951171875,26.531511309490053,STRONG_BUY
2023-02-07,RELIANCE,2305.89990234375,25.981043489074075,STRONG_BUY
2023-02-08,RELIANCE,2351.949951171875,37.55733267224099,BUY
2023-02-09,RELIANCE,2356.050048828125,38.47988777884659,BUY
2023-02-10,RELIANCE,2336.64990234375,35.78576912908332,BUY
2023-02-13,RELIANCE,2323.35009765625,34.026912641488416,BUY
2023-02-14,RELIANCE,2378.10009765625,45.830151900893696,NO_SIGNAL
2023-02-15,RELIANCE,2431.949951171875,54.460156417564086,NO_SIGNAL
2023-02-16,RELIANCE,2430.050048828125,54.13248181635144,NO_SIGNAL
2023-02-17,RELIANCE,2440.199951171875,55.66711695811252,NO_SIGNAL
2023-02-20,RELIANCE,2414.39990234375,50.99640774980556,NO_SIGNAL
2023-02-21,RELIANCE,2434.10009765625,54.159202109965165,NO_SIGNAL
2023-02-22,RELIANCE,2378.89990234375,45.3306454778905,NO_SIGNAL
2023-02-23,RELIANCE,2367.5,43.74470056663535,NO_SIGNAL
2023-02-24,RELIANCE,2383.699951171875,46.60364093729832,NO_SIGNAL
2023-02-27,RELIANCE,2367.85009765625,44.234975731259325,NO_SIGNAL
2023-02-28,RELIANCE,2322.550048828125,38.25106072058054,BUY
2023-03-01,RELIANCE,2343.89990234375,42.21832099418,NO_SIGNAL
2023-03-02,RELIANCE,2326.050048828125,39.909642439510975,BUY
2023-03-03,RELIANCE,2385.39990234375,49.74919240343175,NO_SIGNAL
2023-03-06,RELIANCE,2408.699951171875,53.00279384224983,NO_SIGNAL
2023-03-08,RELIANCE,2417.35009765625,54.18868645653979,NO_SIGNAL
2023-03-09,RELIANCE,2359.25,45.824737191785154,NO_SIGNAL
2023-03-10,RELIANCE,2322.699951171875,41.48657187314993,NO_SIGNAL
2023-03-13,RELIANCE,2284.5,37.49171726359684,BUY
2023-03-14,RELIANCE,2275.949951171875,36.6412565478963,BUY
2023-03-15,RELIANCE,2237.050048828125,32.976173777861455,STRONG_BUY
2023-03-16,RELIANCE,2225.89990234375,31.98847677935264,STRONG_BUY
2023-03-17,RELIANCE,2223.10009765625,31.731469454003182,STRONG_BUY
2023-03-20,RELIANCE,2201.25,29.724343865400986,STRONG_BUY
2023-03-21,RELIANCE,2269.699951171875,42.08355387505782,NO_SIGNAL
2023-03-22,RELIANCE,2276.60009765625,43.168589723997535,NO_SIGNAL
2023-03-23,RELIANCE,2247.800048828125,39.81572232297396,BUY
2023-03-24,RELIANCE,2203.300048828125,35.25883819461028,BUY
2023-03-27,RELIANCE,2237.550048828125,40.868274098608936,NO_SIGNAL
2023-03-28,RELIANCE,2248.0,42.505114307121296,NO_SIGNAL
2023-03-29,RELIANCE,2234.699951171875,40.951375955329205,NO_SIGNAL
2023-03-31,RELIANCE,2331.050048828125,54.05422848304468,NO_SIGNAL
2023-04-03,RELIANCE,2331.449951171875,54.099754279789245,NO_SIGNAL
2023-04-05,RELIANCE,2325.85009765625,53.30327713558355,NO_SIGNAL
2023-04-06,RELIANCE,2341.449951171875,55.278529705633375,NO_SIGNAL
2023-04-10,RELIANCE,2324.85009765625,52.722866246755416,NO_SIGNAL
2023-04-11,RELIANCE,2336.35009765625,54.2992037747823,NO_SIGNAL
2023-04-12,RELIANCE,2346.64990234375,55.723140584493,NO_SIGNAL
2023-04-13,RELIANCE,2355.5,56.96394453022912,NO_SIGNAL
2023-04-17,RELIANCE,2367.449951171875,58.64900344217863,NO_SIGNAL
2023-04-18,RELIANCE,2340.35009765625,53.530215716382,NO_SIGNAL
2023-04-19,RELIANCE,2352.0,55.33495424881115,NO_SIGNAL
2023-04-20,RELIANCE,2346.050048828125,54.17767074088575,NO_SIGNAL
2023-04-21,RELIANCE,2349.0,54.68370591420918,STRONG_BUY
2023-04-24,RELIANCE,2358.0,56.27039368989498,STRONG_BUY
2023-04-25,RELIANCE,2376.050048828125,59.34488215868846,STRONG_BUY
2023-04-26,RELIANCE,2362.10009765625,56.06421596115643,STRONG_BUY
2023-04-27,RELIANCE,2377.050048828125,58.69926283720483,STRONG_BUY
2023-04-28,RELIANCE,2420.5,65.22679331729256,STRONG_BUY
2023-05-02,RELIANCE,2441.050048828125,67.81750489392807,STRONG_BUY
2023-05-03,RELIANCE,2420.10009765625,62.68976697878581,STRONG_BUY
2023-05-04,RELIANCE,2448.0,66.3398626487762,STRONG_BUY
2023-05-05,RELIANCE,2441.75,64.81024816195544,STRONG_BUY
2023-05-08,RELIANCE,2471.89990234375,68.5745117738194,STRONG_BUY
2023-05-09,RELIANCE,2479.550048828125,69.4669986665839,STRONG_BUY
2023-05-10,RELIANCE,2496.60009765625,71.41545911104679,NO_SIGNAL
2023-05-11,RELIANCE,2480.300048828125,67.01267859109238,STRONG_BUY
2023-05-12,RELIANCE,2484.35009765625,67.54802145889023,STRONG_BUY
2023-05-15,RELIANCE,2489.25,68.21999288762805,STRONG_BUY
2023-05-16,RELIANCE,2453.800048828125,58.74284788571492,STRONG_BUY
2023-05-17,RELIANCE,2439.300048828125,55.35547151018724,NO_SIGNAL
2023-05-18,RELIANCE,2434.050048828125,54.13819781839817,NO_SIGNAL
2023-05-19,RELIANCE,2441.949951171875,55.716242332471246,NO_SIGNAL
2023-05-22,RELIANCE,2455.0,58.2706202989751,NO_SIGNAL
2023-05-23,RELIANCE,2454.550048828125,58.1460831003042,NO_SIGNAL
2023-05-24,RELIANCE,2440.25,54.18269270968968,NO_SIGNAL
2023-05-25,RELIANCE,2439.949951171875,54.09936725906152,NO_SIGNAL
2023-05-26,RELIANCE,2506.5,66.43050235706572,NO_SIGNAL
2023-05-29,RELIANCE,2520.60009765625,68.36938046629356,NO_SIGNAL
2023-05-30,RELIANCE,2519.949951171875,68.17385770760883,NO_SIGNAL
2023-05-31,RELIANCE,2469.89990234375,55.10823425223494,NO_SIGNAL
2023-06-01,RELIANCE,2463.25,53.6373614444378,NO_SIGNAL
2023-06-02,RELIANCE,2455.199951171875,51.833765245938814,NO_SIGNAL
2023-06-05,RELIANCE,2477.25,56.18024421593033,NO_SIGNAL
2023-06-06,RELIANCE,2479.35009765625,56.58210742001594,NO_SIGNAL
2023-06-07,RELIANCE,2498.14990234375,60.108921741848185,NO_SIGNAL
2023-06-08,RELIANCE,2499.64990234375,60.38541944175837,NO_SIGNAL
2023-06-09,RELIANCE,2481.949951171875,55.4971832600592,NO_SIGNAL
2023-06-12,RELIANCE,2484.14990234375,55.97422106647756,NO_SIGNAL
2023-06-13,RELIANCE,2520.85009765625,63.08350386934928,NO_SIGNAL
2023-06-14,RELIANCE,2551.85009765625,67.81169336293961,NO_SIGNAL
2023-06-15,RELIANCE,2552.550048828125,67.91162726098989,NO_SIGNAL
2023-06-16,RELIANCE,2577.39990234375,71.31640699349505,NO_SIGNAL
2023-06-19,RELIANCE,2551.800048828125,63.805416599661605,STRONG_BUY
2023-06-20,RELIANCE,2557.10009765625,64.63583737284641,STRONG_BUY
2023-06-21,RELIANCE,2564.300048828125,65.78429372781224,STRONG_BUY
2023-06-22,RELIANCE,2535.5,57.710880646744,STRONG_BUY
2023-06-23,RELIANCE,2514.75,52.69324140903544,NO_SIGNAL
2023-06-26,RELIANCE,2495.550048828125,48.49199201492485,NO_SIGNAL
2023-06-27,RELIANCE,2496.449951171875,48.69845108538696,NO_SIGNAL
2023-06-28,RELIANCE,2496.449951171875,48.69845108538696,NO_SIGNAL
2023-06-30,RELIANCE,2550.25,59.85535089741616,NO_SIGNAL
2023-07-03,RELIANCE,2615.699951171875,68.75710614522201,NO_SIGNAL
2023-07-04,RELIANCE,2588.75,62.60156146306994,NO_SIGNAL
2023-07-05,RELIANCE,2584.5,61.66400749792531,NO_SIGNAL
2023-07-06,RELIANCE,2638.75,68.20902050254155,NO_SIGNAL
2023-07-07,RELIANCE,2633.60009765625,67.03894229562721,STRONG_BUY
2023-07-10,RELIANCE,2735.050048828125,75.83365386807182,NO_SIGNAL
2023-07-11,RELIANCE,2764.699951171875,77.70591420866805,STRONG_SELL
2023-07-12,RELIANCE,2767.75,77.89562918326725,STRONG_SELL
2023-07-13,RELIANCE,2743.0,72.50391922443237,NO_SIGNAL
2023-07-14,RELIANCE,2740.699951171875,72.00512276364847,NO_SIGNAL
2023-07-17,RELIANCE,2796.699951171875,76.28324176750472,STRONG_SELL
2023-07-18,RELIANCE,2820.449951171875,77.83059211880636,STRONG_SELL
2023-07-19,RELIANCE,2841.85009765625,79.15056622544068,STRONG_SELL
2023-07-20,RELIANCE,2619.85009765625,47.53304292466214,STRONG_BUY
2023-07-21,RELIANCE,2537.050048828125,40.9609180738588,NO_SIGNAL
