2020-07-21,SUPREMEIND,1106.1202392578125,0.0,NO_SIGNAL
2020-07-22,SUPREMEIND,1102.70166015625,0.0,NO_SIGNAL
2020-07-23,SUPREMEIND,1092.0172119140625,0.0,NO_SIGNAL
2020-07-24,SUPREMEIND,1077.8665771484375,0.0,NO_SIGNAL
2020-07-27,SUPREMEIND,1114.3829345703125,0.0,NO_SIGNAL
2020-07-28,SUPREMEIND,1159.96875,0.0,NO_SIGNAL
2020-07-29,SUPREMEIND,1199.998779296875,0.0,NO_SIGNAL
2020-07-30,SUPREMEIND,1200.9007568359375,0.0,NO_SIGNAL
2020-07-31,SUPREMEIND,1224.4534912109375,0.0,NO_SIGNAL
2020-08-03,SUPREMEIND,1232.3359375,0.0,NO_SIGNAL
2020-08-04,SUPREMEIND,1234.3304443359375,0.0,NO_SIGNAL
2020-08-05,SUPREMEIND,1234.900390625,0.0,NO_SIGNAL
2020-08-06,SUPREMEIND,1234.42529296875,0.0,NO_SIGNAL
2020-08-07,SUPREMEIND,1200.615966796875,0.0,NO_SIGNAL
2020-08-10,SUPREMEIND,1191.59375,68.69547479151124,NO_SIGNAL
2020-08-11,SUPREMEIND,1190.4066162109375,68.31342028059956,NO_SIGNAL
2020-08-12,SUPREMEIND,1171.4599609375,62.35305959690195,NO_SIGNAL
2020-08-13,SUPREMEIND,1154.3179931640625,57.46763162239402,NO_SIGNAL
2020-08-14,SUPREMEIND,1149.901611328125,56.24493451229824,NO_SIGNAL
2020-08-17,SUPREMEIND,1138.030517578125,52.981827447261566,NO_SIGNAL
2020-08-18,SUPREMEIND,1185.658203125,62.40559473621268,NO_SIGNAL
2020-08-19,SUPREMEIND,1214.6717529296875,66.7743557862373,NO_SIGNAL
2020-08-20,SUPREMEIND,1234.5677490234375,69.4003904815785,NO_SIGNAL
2020-08-21,SUPREMEIND,1298.293212890625,75.95543891663777,NO_SIGNAL
2020-08-24,SUPREMEIND,1307.0777587890625,76.69653003510538,NO_SIGNAL
2020-08-25,SUPREMEIND,1280.296142578125,69.64848636129881,NO_SIGNAL
2020-08-26,SUPREMEIND,1263.9136962890625,65.67286092301204,NO_SIGNAL
2020-08-27,SUPREMEIND,1280.9610595703125,67.73665480103834,NO_SIGNAL
2020-08-28,SUPREMEIND,1264.2462158203125,63.693208976566886,NO_SIGNAL
2020-08-31,SUPREMEIND,1269.61181640625,64.42729255217033,NO_SIGNAL
2020-09-01,SUPREMEIND,1281.055908203125,66.00602059761907,NO_SIGNAL
2020-09-02,SUPREMEIND,1285.8045654296875,66.66707619290749,NO_SIGNAL
2020-09-03,SUPREMEIND,1282.2431640625,65.63618205029813,NO_SIGNAL
2020-09-04,SUPREMEIND,1312.15869140625,69.85319027712478,NO_SIGNAL
2020-09-07,SUPREMEIND,1350.099365234375,74.18072142299432,NO_SIGNAL
2020-09-08,SUPREMEIND,1299.4327392578125,61.487125701205,NO_SIGNAL
2020-09-09,SUPREMEIND,1295.3963623046875,60.597509260892345,NO_SIGNAL
2020-09-10,SUPREMEIND,1299.147705078125,61.159951701626,NO_SIGNAL
2020-09-11,SUPREMEIND,1257.5509033203125,52.25309784918718,NO_SIGNAL
2020-09-14,SUPREMEIND,1300.429931640625,58.89801627275647,NO_SIGNAL
2020-09-15,SUPREMEIND,1331.8177490234375,62.96150155704148,NO_SIGNAL
2020-09-16,SUPREMEIND,1343.3564453125,64.35657059343633,NO_SIGNAL
2020-09-17,SUPREMEIND,1345.255859375,64.59298786318324,NO_SIGNAL
2020-09-18,SUPREMEIND,1349.719482421875,65.17752471914665,NO_SIGNAL
2020-09-21,SUPREMEIND,1381.9619140625,69.14062211744668,NO_SIGNAL
2020-09-22,SUPREMEIND,1335.663818359375,58.79340131491635,NO_SIGNAL
2020-09-23,SUPREMEIND,1339.7952880859375,59.37762860028624,NO_SIGNAL
2020-09-24,SUPREMEIND,1315.19775390625,54.42970766619104,NO_SIGNAL
2020-09-25,SUPREMEIND,1307.980224609375,53.03324362048224,NO_SIGNAL
2020-09-28,SUPREMEIND,1349.90966796875,59.52929886990266,NO_SIGNAL
2020-09-29,SUPREMEIND,1330.01318359375,55.59948617125633,NO_SIGNAL
2020-09-30,SUPREMEIND,1330.203125,55.62959975325244,NO_SIGNAL
2020-10-01,SUPREMEIND,1343.9739990234375,57.86103762080907,NO_SIGNAL
2020-10-05,SUPREMEIND,1302.28173828125,49.709984824026506,NO_SIGNAL
2020-10-06,SUPREMEIND,1287.8935546875,47.2368725447163,NO_SIGNAL
2020-10-07,SUPREMEIND,1277.7320556640625,45.51465522352364,NO_SIGNAL
2020-10-08,SUPREMEIND,1265.813232421875,43.51080958543994,NO_SIGNAL
2020-10-09,SUPREMEIND,1295.6339111328125,49.50129574172701,NO_SIGNAL
2020-10-12,SUPREMEIND,1274.9302978515625,45.86474999314616,NO_SIGNAL
2020-10-13,SUPREMEIND,1310.0218505859375,52.2656965308716,NO_SIGNAL
2020-10-14,SUPREMEIND,1337.2783203125,56.56191562327819,NO_SIGNAL
2020-10-15,SUPREMEIND,1339.2254638671875,56.86062081538855,NO_SIGNAL
2020-10-16,SUPREMEIND,1337.8958740234375,56.57453422935256,NO_SIGNAL
2020-10-19,SUPREMEIND,1331.53271484375,55.14455953441634,NO_SIGNAL
2020-10-20,SUPREMEIND,1341.7894287109375,57.029916952074025,NO_SIGNAL
2020-10-21,SUPREMEIND,1353.755615234375,59.18531379106047,NO_SIGNAL
2020-10-22,SUPREMEIND,1386.710693359375,64.47093554480661,NO_SIGNAL
2020-10-23,SUPREMEIND,1348.10498046875,55.41701528954819,NO_SIGNAL
2020-10-26,SUPREMEIND,1351.5240478515625,56.00627158207316,NO_SIGNAL
2020-10-27,SUPREMEIND,1402.4755859375,63.70495922930037,NO_SIGNAL
2020-10-28,SUPREMEIND,1385.808349609375,60.0057429345557,NO_SIGNAL
2020-10-29,SUPREMEIND,1399.10400390625,61.90604796633864,NO_SIGNAL
2020-10-30,SUPREMEIND,1373.9371337890625,56.43950165457259,NO_SIGNAL
2020-11-02,SUPREMEIND,1377.7830810546875,57.06347444337785,NO_SIGNAL
2020-11-03,SUPREMEIND,1394.3555908203125,59.739681198495454,NO_SIGNAL
2020-11-04,SUPREMEIND,1366.1492919921875,53.61451789498598,NO_SIGNAL
2020-11-05,SUPREMEIND,1372.343994140625,54.71273912643865,NO_SIGNAL
2020-11-06,SUPREMEIND,1377.0615234375,55.575341635500166,NO_SIGNAL
2020-11-09,SUPREMEIND,1369.342041015625,53.77050845548428,NO_SIGNAL
2020-11-10,SUPREMEIND,1372.29638671875,54.38110938173695,NO_SIGNAL
2020-11-11,SUPREMEIND,1354.713134765625,50.13670548751147,NO_SIGNAL
2020-11-12,SUPREMEIND,1326.694580078125,44.21472727979901,NO_SIGNAL
2020-11-13,SUPREMEIND,1333.8897705078125,45.97935077930861,NO_SIGNAL
2020-11-14,SUPREMEIND,1336.701416015625,46.68901378991858,NO_SIGNAL
2020-11-17,SUPREMEIND,1372.4869384765625,54.82360008893024,NO_SIGNAL
2020-11-18,SUPREMEIND,1428.572021484375,64.07555503673059,NO_SIGNAL
2020-11-19,SUPREMEIND,1470.12353515625,69.12109796333984,NO_SIGNAL
2020-11-20,SUPREMEIND,1551.03466796875,76.14656102654432,NO_SIGNAL
2020-11-23,SUPREMEIND,1613.88623046875,79.96063816800769,NO_SIGNAL
2020-11-24,SUPREMEIND,1640.332275390625,81.31449472900368,NO_SIGNAL
2020-11-25,SUPREMEIND,1556.419189453125,66.06333396984613,NO_SIGNAL
2020-11-26,SUPREMEIND,1515.77294921875,60.175815457634926,NO_SIGNAL
2020-11-27,SUPREMEIND,1554.3223876953125,63.49833001823556,NO_SIGNAL
2020-12-01,SUPREMEIND,1643.7154541015625,69.79210157427272,NO_SIGNAL
2020-12-02,SUPREMEIND,1640.3800048828125,69.31188062135982,NO_SIGNAL
2020-12-03,SUPREMEIND,1539.741455078125,56.64687216145117,NO_SIGNAL
2020-12-04,SUPREMEIND,1584.8668212890625,60.16196472775325,NO_SIGNAL
2020-12-07,SUPREMEIND,1618.079345703125,62.56760026320484,NO_SIGNAL
2020-12-08,SUPREMEIND,1591.3472900390625,59.45559854786363,NO_SIGNAL
2020-12-09,SUPREMEIND,1645.716796875,63.4386860302935,STRONG_BUY
2020-12-10,SUPREMEIND,1644.287353515625,63.26271829620177,STRONG_BUY
2020-12-11,SUPREMEIND,1618.98486328125,60.08562169779189,STRONG_BUY
2020-12-14,SUPREMEIND,1660.3934326171875,63.33119190203436,STRONG_BUY
2020-12-15,SUPREMEIND,1618.317626953125,58.15647482324139,NO_SIGNAL
2020-12-16,SUPREMEIND,1642.14306640625,60.14244518704251,NO_SIGNAL
2020-12-17,SUPREMEIND,1638.855224609375,59.72120698525048,NO_SIGNAL
2020-12-18,SUPREMEIND,1659.106689453125,61.50946755823822,NO_SIGNAL
2020-12-21,SUPREMEIND,1610.5029296875,55.17781652713892,NO_SIGNAL
2020-12-22,SUPREMEIND,1570.2379150390625,50.53667955273219,NO_SIGNAL
2020-12-23,SUPREMEIND,1590.7755126953125,52.72108783275269,NO_SIGNAL
2020-12-24,SUPREMEIND,1594.921142578125,53.17065460229714,NO_SIGNAL
2020-12-28,SUPREMEIND,1567.331298828125,49.778234600890734,NO_SIGNAL
2020-12-29,SUPREMEIND,1594.3968505859375,52.94964769640049,NO_SIGNAL
2020-12-30,SUPREMEIND,1562.899658203125,49.06648630943037,NO_SIGNAL
2020-12-31,SUPREMEIND,1553.322021484375,47.91576024726839,NO_SIGNAL
2021-01-01,SUPREMEIND,1607.9298095703125,54.47188974863199,NO_SIGNAL
2021-01-04,SUPREMEIND,1641.7618408203125,57.99929940834776,NO_SIGNAL
2021-01-05,SUPREMEIND,1666.1590576171875,60.38301580217538,NO_SIGNAL
2021-01-06,SUPREMEIND,1674.3074951171875,61.17555730795794,NO_SIGNAL
2021-01-07,SUPREMEIND,1706.7576904296875,64.24334400215581,NO_SIGNAL
2021-01-08,SUPREMEIND,1714.191162109375,64.9270220428587,NO_SIGNAL
2021-01-11,SUPREMEIND,1715.525390625,65.05617026902914,STRONG_BUY
2021-01-12,SUPREMEIND,1689.6507568359375,60.41041528559416,STRONG_BUY
2021-01-13,SUPREMEIND,1670.2569580078125,57.11800323610014,STRONG_BUY
2021-01-14,SUPREMEIND,1657.2008056640625,54.946889959301394,NO_SIGNAL
2021-01-15,SUPREMEIND,1633.4705810546875,51.14186629388696,NO_SIGNAL
2021-01-18,SUPREMEIND,1591.5379638671875,45.18711455178375,NO_SIGNAL
2021-01-19,SUPREMEIND,1621.6055908203125,49.708901318764376,NO_SIGNAL
2021-01-20,SUPREMEIND,1613.9814453125,48.61377684851367,NO_SIGNAL
2021-01-21,SUPREMEIND,1676.0703125,56.934580023191806,NO_SIGNAL
2021-01-22,SUPREMEIND,1644.66845703125,52.32019174973497,NO_SIGNAL
2021-01-25,SUPREMEIND,1651.0062255859375,53.14557261541346,NO_SIGNAL
2021-01-27,SUPREMEIND,1695.9410400390625,58.61558130739727,NO_SIGNAL
2021-01-28,SUPREMEIND,1700.7060546875,59.16006935209851,NO_SIGNAL
2021-01-29,SUPREMEIND,1723.3402099609375,61.73540224962768,NO_SIGNAL
2021-02-01,SUPREMEIND,1714.0003662109375,60.05257318537687,NO_SIGNAL
2021-02-02,SUPREMEIND,1819.6424560546875,70.0102947042984,NO_SIGNAL
2021-02-03,SUPREMEIND,1825.3604736328125,70.43980311684489,NO_SIGNAL
2021-02-04,SUPREMEIND,1880.9215087890625,74.29253089951803,NO_SIGNAL
2021-02-05,SUPREMEIND,1850.2342529296875,68.94748041215448,STRONG_BUY
2021-02-08,SUPREMEIND,1848.5189208984373,68.65016115042056,STRONG_BUY
2021-02-09,SUPREMEIND,1820.3095703125,63.77921436411347,STRONG_BUY
2021-02-10,SUPREMEIND,1813.2572021484373,62.5836869471639,STRONG_BUY
2021-02-11,SUPREMEIND,1809.588134765625,61.933243423003184,STRONG_BUY
2021-02-12,SUPREMEIND,1841.8955078125,65.34834104608751,STRONG_BUY
2021-02-15,SUPREMEIND,1858.763671875,67.01236393494912,STRONG_BUY
2021-02-16,SUPREMEIND,1880.158935546875,69.04298484609696,STRONG_BUY
2021-02-17,SUPREMEIND,1819.02294921875,58.04727098104101,NO_SIGNAL
2021-02-18,SUPREMEIND,1855.142333984375,61.907164120541104,NO_SIGNAL
2021-02-19,SUPREMEIND,1879.110595703125,64.25725087580686,NO_SIGNAL
2021-02-22,SUPREMEIND,1850.377197265625,59.51684395996536,NO_SIGNAL
2021-02-23,SUPREMEIND,1912.89501953125,65.48339176863198,NO_SIGNAL
2021-02-24,SUPREMEIND,1923.99755859375,66.429646001116,STRONG_BUY
2021-02-25,SUPREMEIND,1886.4488525390625,60.39896233742279,NO_SIGNAL
2021-02-26,SUPREMEIND,1932.2889404296875,64.62154901751347,STRONG_BUY
2021-03-01,SUPREMEIND,1984.990966796875,68.74749381441731,STRONG_BUY
2021-03-02,SUPREMEIND,1993.2821044921875,69.35303483869528,STRONG_BUY
2021-03-03,SUPREMEIND,2010.4842529296875,70.62476035751585,NO_SIGNAL
2021-03-04,SUPREMEIND,1990.8995361328125,67.20551614407853,STRONG_BUY
2021-03-05,SUPREMEIND,1989.565185546875,66.96762658634819,STRONG_BUY
2021-03-08,SUPREMEIND,1972.7447509765625,63.897162814108185,STRONG_BUY
2021-03-09,SUPREMEIND,1922.5206298828125,55.68698452057844,NO_SIGNAL
2021-03-10,SUPREMEIND,1933.4803466796875,56.9858205461088,NO_SIGNAL
2021-03-12,SUPREMEIND,1968.074951171875,60.88326015431619,NO_SIGNAL
2021-03-15,SUPREMEIND,1900.505859375,51.137199924923095,NO_SIGNAL
2021-03-16,SUPREMEIND,1940.0084228515625,55.61092383818546,NO_SIGNAL
2021-03-17,SUPREMEIND,1926.3326416015625,53.77529374427623,NO_SIGNAL
2021-03-18,SUPREMEIND,1950.7298583984373,56.531863009302974,NO_SIGNAL
2021-03-19,SUPREMEIND,1918.4227294921875,52.10104468125167,NO_SIGNAL
2021-03-22,SUPREMEIND,1902.3642578125,50.00317384448658,NO_SIGNAL
2021-03-23,SUPREMEIND,1889.593994140625,48.3363618723469,NO_SIGNAL
2021-03-24,SUPREMEIND,1886.4012451171875,47.90639781118091,NO_SIGNAL
2021-03-25,SUPREMEIND,1903.2220458984373,50.40919646235963,NO_SIGNAL
2021-03-26,SUPREMEIND,1919.614013671875,52.789588122837074,NO_SIGNAL
2021-03-30,SUPREMEIND,1932.003173828125,54.564740925375546,NO_SIGNAL
2021-03-31,SUPREMEIND,1946.7271728515625,56.65089639377157,NO_SIGNAL
2021-04-01,SUPREMEIND,1925.8563232421875,52.940336937368215,NO_SIGNAL
2021-04-05,SUPREMEIND,1914.6583251953125,51.00982974110367,NO_SIGNAL
2021-04-06,SUPREMEIND,1887.1634521484373,46.523858691757226,NO_SIGNAL
2021-04-07,SUPREMEIND,1881.8267822265625,45.68406873678661,NO_SIGNAL
2021-04-08,SUPREMEIND,1888.54541015625,46.9815961112526,NO_SIGNAL
2021-04-09,SUPREMEIND,1900.6488037109373,49.32988971944329,NO_SIGNAL
2021-04-12,SUPREMEIND,1878.491455078125,45.36826580242222,NO_SIGNAL
2021-04-13,SUPREMEIND,1879.3011474609373,45.54038314331206,NO_SIGNAL
2021-04-15,SUPREMEIND,1864.4342041015625,42.86973451995452,NO_SIGNAL
2021-04-16,SUPREMEIND,1889.8319091796875,48.43322692024528,NO_SIGNAL
2021-04-19,SUPREMEIND,1896.5509033203125,49.82529524780187,NO_SIGNAL
2021-04-20,SUPREMEIND,1896.2650146484373,49.763737750016254,NO_SIGNAL
2021-04-22,SUPREMEIND,1884.1617431640625,47.11013483438036,NO_SIGNAL
2021-04-23,SUPREMEIND,1899.5528564453125,50.70959423534988,NO_SIGNAL
2021-04-26,SUPREMEIND,1899.2193603515625,50.62919142830694,NO_SIGNAL
2021-04-27,SUPREMEIND,1954.0179443359373,61.44628480822863,NO_SIGNAL
2021-04-28,SUPREMEIND,1952.0643310546875,60.933716263419576,NO_SIGNAL
2021-04-29,SUPREMEIND,1952.9217529296875,61.08713914174335,STRONG_BUY
2021-04-30,SUPREMEIND,1953.2554931640625,61.15109281937588,STRONG_BUY
2021-05-03,SUPREMEIND,2010.1983642578125,70.16182523813161,NO_SIGNAL
2021-05-04,SUPREMEIND,2032.5941162109373,72.83093789356006,NO_SIGNAL
2021-05-05,SUPREMEIND,2047.508544921875,74.46885032823565,NO_SIGNAL
2021-05-06,SUPREMEIND,2075.24169921875,77.2190554643997,SELL
2021-05-07,SUPREMEIND,2084.533203125,78.07132797075757,SELL
2021-05-10,SUPREMEIND,2048.46142578125,67.51162873439388,STRONG_BUY
2021-05-11,SUPREMEIND,2105.3564453125,73.58127326603454,NO_SIGNAL
2021-05-12,SUPREMEIND,2053.178955078125,62.11938694208087,STRONG_BUY
2021-05-14,SUPREMEIND,2022.730224609375,56.58045624709492,STRONG_BUY
2021-05-17,SUPREMEIND,2054.94189453125,60.58446425828839,STRONG_BUY
2021-05-18,SUPREMEIND,2160.011962890625,70.2285343085995,NO_SIGNAL
2021-05-19,SUPREMEIND,2136.567626953125,66.32876906454672,STRONG_BUY
2021-05-20,SUPREMEIND,2113.79150390625,62.686869300150846,STRONG_BUY
2021-05-21,SUPREMEIND,2077.957275390625,57.35139560228184,STRONG_BUY
2021-05-24,SUPREMEIND,2082.67529296875,57.85995024748196,NO_SIGNAL
2021-05-25,SUPREMEIND,2106.548095703125,60.43103298382066,NO_SIGNAL
2021-05-26,SUPREMEIND,2125.27490234375,62.37055121023942,NO_SIGNAL
2021-05-27,SUPREMEIND,2161.155517578125,65.82680464277779,STRONG_BUY
2021-05-28,SUPREMEIND,2133.851806640625,61.218838410742194,STRONG_BUY
2021-05-31,SUPREMEIND,2162.347412109375,64.04747289260399,STRONG_BUY
2021-06-01,SUPREMEIND,2137.99755859375,60.01893502525808,NO_SIGNAL
2021-06-02,SUPREMEIND,2157.201416015625,62.04649692690484,NO_SIGNAL
2021-06-03,SUPREMEIND,2161.1083984375,62.46356833328224,NO_SIGNAL
2021-06-04,SUPREMEIND,2124.08349609375,56.1647442040794,NO_SIGNAL
2021-06-07,SUPREMEIND,2124.79833984375,56.25646091986176,NO_SIGNAL
2021-06-08,SUPREMEIND,2160.059814453125,60.63209760044644,NO_SIGNAL
2021-06-09,SUPREMEIND,2139.045654296875,56.97443520632349,NO_SIGNAL
2021-06-10,SUPREMEIND,2139.379638671875,57.01881427777301,NO_SIGNAL
2021-06-11,SUPREMEIND,2143.85888671875,57.64973015972454,NO_SIGNAL
2021-06-14,SUPREMEIND,2167.589111328125,60.9224012235174,NO_SIGNAL
2021-06-15,SUPREMEIND,2164.3486328125,60.23784740145378,NO_SIGNAL
2021-06-16,SUPREMEIND,2154.865966796875,58.17772367747583,NO_SIGNAL
2021-06-17,SUPREMEIND,2153.865234375,57.9524720050139,NO_SIGNAL
2021-06-18,SUPREMEIND,2081.531005859375,44.53137603915057,NO_SIGNAL
2021-06-21,SUPREMEIND,2089.071044921875,45.93687833699824,NO_SIGNAL
2021-06-22,SUPREMEIND,2091.201171875,46.35046516966463,NO_SIGNAL
2021-06-23,SUPREMEIND,2063.70849609375,41.89564041202702,NO_SIGNAL
2021-06-24,SUPREMEIND,2029.680908203125,37.13797803174633,BUY
2021-06-25,SUPREMEIND,2042.2657470703125,39.858188273730114,BUY
2021-06-28,SUPREMEIND,2115.40234375,52.67491905652461,NO_SIGNAL
2021-06-29,SUPREMEIND,2102.67236328125,50.65156763037216,NO_SIGNAL
2021-06-30,SUPREMEIND,2095.218505859375,49.453712304278646,NO_SIGNAL
2021-07-01,SUPREMEIND,2105.189208984375,51.11896912496938,NO_SIGNAL
2021-07-02,SUPREMEIND,2133.45703125,55.58641254024173,NO_SIGNAL
2021-07-05,SUPREMEIND,2108.96484375,51.21857846857131,NO_SIGNAL
2021-07-06,SUPREMEIND,2094.734619140625,48.81836652719844,NO_SIGNAL
2021-07-07,SUPREMEIND,2104.12451171875,50.46783101356249,NO_SIGNAL
2021-07-08,SUPREMEIND,2118.500244140625,52.96694495090647,NO_SIGNAL
2021-07-09,SUPREMEIND,2096.525146484375,48.90497014607663,NO_SIGNAL
2021-07-12,SUPREMEIND,2063.70849609375,43.53558226413293,NO_SIGNAL
2021-07-13,SUPREMEIND,2084.521484375,47.47441510308614,NO_SIGNAL
2021-07-14,SUPREMEIND,2080.45556640625,46.78776755171063,NO_SIGNAL
2021-07-15,SUPREMEIND,2067.822509765625,44.62795645657149,NO_SIGNAL
2021-07-16,SUPREMEIND,2061.0458984375,43.46877958060836,NO_SIGNAL
2021-07-19,SUPREMEIND,2041.588134765625,40.237057867903246,NO_SIGNAL
2021-07-20,SUPREMEIND,2035.97314453125,39.32839353735642,BUY
2021-07-22,SUPREMEIND,2032.63330078125,38.767593628245415,BUY
2021-07-23,SUPREMEIND,2034.279052734375,39.227460395582696,BUY
2021-07-26,SUPREMEIND,2028.6646728515625,38.174183507203736,BUY
2021-07-27,SUPREMEIND,2031.6651611328125,39.115069494010015,BUY
2021-07-28,SUPREMEIND,2017.725341796875,36.34754119166926,BUY
2021-07-29,SUPREMEIND,2012.7398681640625,35.383311712346924,BUY
2021-07-30,SUPREMEIND,2033.020751953125,42.111009576527415,NO_SIGNAL
2021-08-02,SUPREMEIND,2049.33251953125,46.89970837222664,NO_SIGNAL
2021-08-03,SUPREMEIND,2028.8580322265625,42.18283708464703,NO_SIGNAL
2021-08-04,SUPREMEIND,2009.303466796875,38.22835749223169,BUY
2021-08-05,SUPREMEIND,2092.169189453125,56.73721055011477,NO_SIGNAL
2021-08-06,SUPREMEIND,2048.557861328125,48.50063223556144,NO_SIGNAL
2021-08-09,SUPREMEIND,2028.228759765625,45.206201191750175,NO_SIGNAL
2021-08-10,SUPREMEIND,2011.23974609375,42.60186923293814,NO_SIGNAL
2021-08-11,SUPREMEIND,1959.2060546875,35.799286237208385,BUY
2021-08-12,SUPREMEIND,1975.6630859375,39.11087548656266,BUY
2021-08-13,SUPREMEIND,1974.695068359375,38.9834976574663,BUY
2021-08-16,SUPREMEIND,1974.695068359375,38.98349765746631,BUY
2021-08-17,SUPREMEIND,1924.9366455078125,32.64525208946314,STRONG_BUY
2021-08-18,SUPREMEIND,1924.114013671875,32.55102483968761,STRONG_BUY
2021-08-20,SUPREMEIND,1916.2242431640625,31.608687303851763,STRONG_BUY
2021-08-23,SUPREMEIND,1897.6375732421875,29.446017164429023,STRONG_BUY
2021-08-24,SUPREMEIND,1958.4801025390625,43.15655702138324,NO_SIGNAL
2021-08-25,SUPREMEIND,1963.030029296875,44.03245019987542,NO_SIGNAL
2021-08-26,SUPREMEIND,1967.6767578125,44.9651378565181,NO_SIGNAL
2021-08-27,SUPREMEIND,2023.242919921875,54.68923179361217,NO_SIGNAL
2021-08-30,SUPREMEIND,2072.130126953125,61.18692013340231,NO_SIGNAL
2021-08-31,SUPREMEIND,2115.450927734375,65.85908860805537,NO_SIGNAL
2021-09-01,SUPREMEIND,2073.340087890625,58.48863849406956,NO_SIGNAL
2021-09-02,SUPREMEIND,2084.666748046875,59.79205385475521,NO_SIGNAL
2021-09-03,SUPREMEIND,2085.731689453125,59.919479761743176,NO_SIGNAL
2021-09-06,SUPREMEIND,2071.259033203125,57.26346383034616,NO_SIGNAL
2021-09-07,SUPREMEIND,2045.0245361328125,52.703017951802536,NO_SIGNAL
2021-09-08,SUPREMEIND,2072.662841796875,56.62240801145266,STRONG_BUY
2021-09-09,SUPREMEIND,2078.22900390625,57.388257573802335,STRONG_BUY
2021-09-13,SUPREMEIND,2071.888427734375,56.17164382656874,STRONG_BUY
2021-09-14,SUPREMEIND,2078.47119140625,57.18643183764882,STRONG_BUY
2021-09-15,SUPREMEIND,2186.748291015625,69.63880323801835,STRONG_BUY
2021-09-16,SUPREMEIND,2229.19775390625,72.95933935212216,NO_SIGNAL
2021-09-17,SUPREMEIND,2176.82568359375,63.70258751582578,STRONG_BUY
2021-09-20,SUPREMEIND,2168.83935546875,62.40238498429981,STRONG_BUY
2021-09-21,SUPREMEIND,2157.5615234375,60.523747847433405,STRONG_BUY
2021-09-22,SUPREMEIND,2158.868408203125,60.67150394439551,STRONG_BUY
2021-09-23,SUPREMEIND,2178.277587890625,62.89287627073709,STRONG_BUY
2021-09-24,SUPREMEIND,2189.458740234375,64.1491311761025,STRONG_BUY
2021-09-27,SUPREMEIND,2241.540771484375,69.35369798517154,STRONG_BUY
2021-09-28,SUPREMEIND,2232.63427734375,67.54777386036139,STRONG_BUY
2021-09-29,SUPREMEIND,2243.476806640625,68.61905723398807,STRONG_BUY
2021-09-30,SUPREMEIND,2259.982421875,70.23015621443508,NO_SIGNAL
2021-10-01,SUPREMEIND,2247.44580078125,67.39975488523773,STRONG_BUY
2021-10-04,SUPREMEIND,2331.763671875,74.76584421179014,NO_SIGNAL
2021-10-05,SUPREMEIND,2436.604248046875,80.62725052402261,SELL
2021-10-06,SUPREMEIND,2447.6884765625,81.12639768201682,STRONG_SELL
2021-10-07,SUPREMEIND,2448.947265625,81.18568447203987,STRONG_SELL
2021-10-08,SUPREMEIND,2529.1025390625,84.5201972252871,STRONG_SELL
2021-10-11,SUPREMEIND,2522.277587890625,83.16857491549317,STRONG_SELL
2021-10-12,SUPREMEIND,2495.704345703125,77.94223801175687,SELL
2021-10-13,SUPREMEIND,2470.389404296875,73.2216641081102,NO_SIGNAL
2021-10-14,SUPREMEIND,2495.849365234375,74.8701217911101,NO_SIGNAL
2021-10-18,SUPREMEIND,2513.0810546875,75.94926095460299,NO_SIGNAL
2021-10-19,SUPREMEIND,2509.063720703125,75.13914334535365,NO_SIGNAL
2021-10-20,SUPREMEIND,2360.756591796875,52.7638126767468,NO_SIGNAL
2021-10-21,SUPREMEIND,2253.88330078125,42.85916989372139,NO_SIGNAL
2021-10-22,SUPREMEIND,2292.5087890625,46.749745152434585,NO_SIGNAL
2021-10-25,SUPREMEIND,2282.68310546875,45.89370551249634,NO_SIGNAL
2021-10-26,SUPREMEIND,2267.291015625,44.51847836196907,NO_SIGNAL
2021-10-27,SUPREMEIND,2212.4501953125,39.927696993399614,BUY
2021-10-28,SUPREMEIND,2194.880126953125,38.55589545717462,BUY
2021-10-29,SUPREMEIND,2260.542724609375,46.02002238232474,NO_SIGNAL
2021-11-01,SUPREMEIND,2256.95166015625,45.69310404472159,NO_SIGNAL
2021-11-02,SUPREMEIND,2264.03759765625,46.5007095653817,NO_SIGNAL
2021-11-03,SUPREMEIND,2289.85595703125,49.45041020247518,NO_SIGNAL
2021-11-04,SUPREMEIND,2305.4345703125,51.19882719111447,NO_SIGNAL
2021-11-08,SUPREMEIND,2292.039794921875,49.60996005721595,NO_SIGNAL
2021-11-09,SUPREMEIND,2380.075927734375,58.68494835390274,NO_SIGNAL
2021-11-10,SUPREMEIND,2356.44091796875,55.78050236464765,NO_SIGNAL
2021-11-11,SUPREMEIND,2269.47265625,46.6344598486676,NO_SIGNAL
2021-11-12,SUPREMEIND,2231.47265625,43.29414465596436,NO_SIGNAL
2021-11-15,SUPREMEIND,2229.337158203125,43.10727819288636,NO_SIGNAL
2021-11-16,SUPREMEIND,2208.42041015625,41.23013820170232,NO_SIGNAL
2021-11-17,SUPREMEIND,2192.744873046875,39.83031636333862,BUY
2021-11-18,SUPREMEIND,2167.9453125,37.65232567580477,BUY
2021-11-22,SUPREMEIND,2115.774169921875,33.50198413197125,BUY
2021-11-23,SUPREMEIND,2086.849365234375,31.43324370658388,STRONG_BUY
2021-11-24,SUPREMEIND,2104.951416015625,34.17281606831892,BUY
2021-11-25,SUPREMEIND,2122.131591796875,36.75552960749789,BUY
2021-11-26,SUPREMEIND,2058.79833984375,31.802004921289072,STRONG_BUY
2021-11-29,SUPREMEIND,2094.6142578125,36.9749055299571,BUY
2021-11-30,SUPREMEIND,2104.75732421875,38.39992767809549,BUY
2021-12-01,SUPREMEIND,2247.53662109375,54.12425006324073,NO_SIGNAL
2021-12-02,SUPREMEIND,2327.273681640625,60.22984108051863,NO_SIGNAL
2021-12-03,SUPREMEIND,2261.9990234375,53.90509079960998,NO_SIGNAL
2021-12-06,SUPREMEIND,2236.083251953125,51.588809043081504,NO_SIGNAL
2021-12-07,SUPREMEIND,2261.465087890625,53.68775387299488,NO_SIGNAL
2021-12-08,SUPREMEIND,2320.916015625,58.253346999108345,NO_SIGNAL
2021-12-09,SUPREMEIND,2261.9990234375,52.70781762497856,NO_SIGNAL
2021-12-10,SUPREMEIND,2304.3671875,55.95497090205201,NO_SIGNAL
2021-12-13,SUPREMEIND,2275.15087890625,53.240257647216495,NO_SIGNAL
2021-12-14,SUPREMEIND,2271.899169921875,52.93245078139147,NO_SIGNAL
2021-12-15,SUPREMEIND,2268.356689453125,52.57583153217803,NO_SIGNAL
2021-12-16,SUPREMEIND,2245.6923828125,50.24354086924176,STRONG_BUY
2021-12-17,SUPREMEIND,2217.981201171875,47.47073315476543,STRONG_BUY
2021-12-20,SUPREMEIND,2110.969482421875,38.60949158946252,BUY
2021-12-21,SUPREMEIND,2133.681884765625,41.1216148447672,NO_SIGNAL
2021-12-22,SUPREMEIND,2162.70361328125,44.26031007802385,NO_SIGNAL
2021-12-23,SUPREMEIND,2170.177490234375,45.07237625182698,NO_SIGNAL
2021-12-24,SUPREMEIND,2153.77392578125,43.57196274512211,NO_SIGNAL
2021-12-27,SUPREMEIND,2145.912109375,42.83596177961845,NO_SIGNAL
2021-12-28,SUPREMEIND,2145.184326171875,42.7639484533066,NO_SIGNAL
2021-12-29,SUPREMEIND,2161.927490234375,45.05255957493867,NO_SIGNAL
2021-12-30,SUPREMEIND,2164.35400390625,45.39334249908015,NO_SIGNAL
2021-12-31,SUPREMEIND,2163.38330078125,45.27237963824041,NO_SIGNAL
2022-01-03,SUPREMEIND,2164.64501953125,45.475760608713415,NO_SIGNAL
2022-01-04,SUPREMEIND,2160.859619140625,44.936207602305565,NO_SIGNAL
2022-01-05,SUPREMEIND,2168.96435546875,46.40246663225878,NO_SIGNAL
2022-01-06,SUPREMEIND,2136.691162109375,41.64677496437928,NO_SIGNAL
2022-01-07,SUPREMEIND,2131.6923828125,40.94677339537914,NO_SIGNAL
2022-01-10,SUPREMEIND,2133.779052734375,41.38963349283537,NO_SIGNAL
2022-01-11,SUPREMEIND,2188.91064453125,51.69662376290624,NO_SIGNAL
2022-01-12,SUPREMEIND,2200.80078125,53.5921083914914,NO_SIGNAL
2022-01-13,SUPREMEIND,2182.164794921875,50.26290316899611,NO_SIGNAL
2022-01-14,SUPREMEIND,2154.3564453125,45.700743272597,NO_SIGNAL
2022-01-17,SUPREMEIND,2230.259521484375,57.13680141945462,NO_SIGNAL
2022-01-18,SUPREMEIND,2202.69384765625,52.78853635750823,NO_SIGNAL
2022-01-19,SUPREMEIND,2199.005126953125,52.21587942065346,NO_SIGNAL
2022-01-20,SUPREMEIND,2195.510986328125,51.64436507332776,NO_SIGNAL
2022-01-21,SUPREMEIND,2171.876220703125,47.83082742552902,NO_SIGNAL
2022-01-24,SUPREMEIND,2067.4853515625,35.39779211773853,BUY
2022-01-25,SUPREMEIND,1987.6995849609373,29.159130446511483,STRONG_BUY
2022-01-27,SUPREMEIND,1992.455810546875,29.95169491227739,STRONG_BUY
2022-01-28,SUPREMEIND,2028.2716064453125,35.778469407301564,BUY
2022-01-31,SUPREMEIND,2037.9781494140625,37.300657170422944,BUY
2022-02-01,SUPREMEIND,2075.153076171875,42.88424930966845,NO_SIGNAL
2022-02-02,SUPREMEIND,2031.18359375,38.51536421451256,BUY
2022-02-03,SUPREMEIND,1955.42626953125,32.39225566322958,STRONG_BUY
2022-02-04,SUPREMEIND,1957.0279541015625,32.636094152137154,STRONG_BUY
2022-02-07,SUPREMEIND,1960.425048828125,33.186502946181896,BUY
2022-02-08,SUPREMEIND,1927.3751220703125,30.569556864187053,STRONG_BUY
2022-02-09,SUPREMEIND,1971.0533447265625,37.57551288524317,BUY
2022-02-10,SUPREMEIND,1955.7176513671875,36.19454452911181,BUY
2022-02-11,SUPREMEIND,1918.979248046875,33.05994224749275,BUY
2022-02-14,SUPREMEIND,1854.869384765625,28.4324759310518,STRONG_BUY
2022-02-15,SUPREMEIND,1909.41845703125,36.56818674933551,BUY
2022-02-16,SUPREMEIND,1940.91552734375,40.75603648983934,NO_SIGNAL
2022-02-17,SUPREMEIND,1908.5450439453125,37.98072982460278,BUY
2022-02-18,SUPREMEIND,1907.8656005859373,37.922358019043685,BUY
2022-02-21,SUPREMEIND,1894.42236328125,36.71988209562188,BUY
2022-02-22,SUPREMEIND,1980.5655517578125,48.08074391277725,NO_SIGNAL
2022-02-23,SUPREMEIND,1995.9984130859373,49.81892164648569,NO_SIGNAL
2022-02-24,SUPREMEIND,1980.225830078125,48.04846109343929,NO_SIGNAL
2022-02-25,SUPREMEIND,1986.0496826171875,48.7723774093849,NO_SIGNAL
2022-02-28,SUPREMEIND,1982.4097900390625,48.319195543063,NO_SIGNAL
2022-03-02,SUPREMEIND,1957.4161376953125,45.21260531109939,NO_SIGNAL
2022-03-03,SUPREMEIND,1969.7430419921875,47.02174019965168,NO_SIGNAL
2022-03-04,SUPREMEIND,1925.433837890625,41.692417847273504,NO_SIGNAL
2022-03-07,SUPREMEIND,1915.145263671875,40.54336754866535,NO_SIGNAL
2022-03-08,SUPREMEIND,1955.76611328125,46.779809371429366,NO_SIGNAL
2022-03-09,SUPREMEIND,1955.5233154296875,46.74824607098992,NO_SIGNAL
2022-03-10,SUPREMEIND,1934.0240478515625,43.9222469665153,NO_SIGNAL
2022-03-11,SUPREMEIND,1933.344482421875,43.83205023922711,NO_SIGNAL
2022-03-14,SUPREMEIND,1906.6522216796875,40.32888064622913,NO_SIGNAL
2022-03-15,SUPREMEIND,1899.469482421875,39.4159643493597,BUY
2022-03-16,SUPREMEIND,1935.916748046875,46.08528556756372,NO_SIGNAL
2022-03-17,SUPREMEIND,1992.6497802734373,54.48449693377231,NO_SIGNAL
2022-03-21,SUPREMEIND,1984.3023681640625,53.17195150581938,NO_SIGNAL
2022-03-22,SUPREMEIND,1964.3074951171875,50.06100568570388,NO_SIGNAL
2022-03-23,SUPREMEIND,1958.38671875,49.14409739295314,NO_SIGNAL
2022-03-24,SUPREMEIND,1963.288330078125,49.96120280887118,NO_SIGNAL
2022-03-25,SUPREMEIND,1944.312744140625,46.82465226267502,NO_SIGNAL
2022-03-28,SUPREMEIND,1938.780029296875,45.919453622892966,NO_SIGNAL
2022-03-29,SUPREMEIND,1932.1312255859373,44.79866349411593,NO_SIGNAL
2022-03-30,SUPREMEIND,1933.2960205078125,45.05169379699976,NO_SIGNAL
2022-03-31,SUPREMEIND,1987.0687255859373,55.24971379277434,NO_SIGNAL
2022-04-01,SUPREMEIND,1979.4493408203125,53.72809557071944,NO_SIGNAL
2022-04-04,SUPREMEIND,1978.3330078125,53.495633262862654,NO_SIGNAL
2022-04-05,SUPREMEIND,2091.94482421875,68.45459908549032,NO_SIGNAL
2022-04-06,SUPREMEIND,2099.03076171875,69.12174237026272,NO_SIGNAL
2022-04-07,SUPREMEIND,2036.27978515625,57.52029826697531,STRONG_BUY
2022-04-08,SUPREMEIND,2035.357421875,57.36788162525457,STRONG_BUY
2022-04-11,SUPREMEIND,2033.46484375,57.033931919090655,STRONG_BUY
2022-04-12,SUPREMEIND,2022.302490234375,55.00033792721267,STRONG_BUY
2022-04-13,SUPREMEIND,1979.6435546875,47.962041935829525,STRONG_BUY
2022-04-18,SUPREMEIND,1938.82861328125,42.37472953478744,NO_SIGNAL
2022-04-19,SUPREMEIND,1930.1414794921875,41.27265809958059,NO_SIGNAL
2022-04-20,SUPREMEIND,1938.1976318359373,42.75942417945965,NO_SIGNAL
2022-04-21,SUPREMEIND,1921.939697265625,40.52947160804523,NO_SIGNAL
2022-04-22,SUPREMEIND,1905.972900390625,38.41084347732205,BUY
2022-04-25,SUPREMEIND,1889.811767578125,36.34017988397041,BUY
2022-04-26,SUPREMEIND,1880.4937744140625,35.16317292222832,BUY
2022-04-27,SUPREMEIND,1867.730224609375,33.55976282200306,BUY
2022-04-28,SUPREMEIND,1878.164306640625,36.12402004363379,BUY
2022-04-29,SUPREMEIND,1889.71484375,38.93374813870341,BUY
2022-05-02,SUPREMEIND,1956.591064453125,52.077525143703966,NO_SIGNAL
2022-05-04,SUPREMEIND,1936.11083984375,48.62582116931151,NO_SIGNAL
2022-05-05,SUPREMEIND,1923.25,46.5397618218686,NO_SIGNAL
2022-05-06,SUPREMEIND,1922.279296875,46.37803804885205,NO_SIGNAL
2022-05-09,SUPREMEIND,1868.991943359375,38.47414442085952,BUY
2022-05-10,SUPREMEIND,1845.745361328125,35.62202955280935,BUY
2022-05-11,SUPREMEIND,1841.183349609375,35.072555205286335,BUY
2022-05-12,SUPREMEIND,1794.205078125,29.94935269725316,STRONG_BUY
2022-05-13,SUPREMEIND,1819.732666015625,35.465823431509136,BUY
2022-05-16,SUPREMEIND,1824.5372314453125,36.47971294941673,BUY
2022-05-17,SUPREMEIND,1843.8040771484373,40.51565337037657,NO_SIGNAL
2022-05-18,SUPREMEIND,1822.3045654296875,37.64154957201486,BUY
2022-05-19,SUPREMEIND,1773.3365478515625,32.062660049894085,STRONG_BUY
2022-05-20,SUPREMEIND,1749.55615234375,29.756185043417133,STRONG_BUY
2022-05-23,SUPREMEIND,1724.95068359375,27.547994982816483,STRONG_BUY
2022-05-24,SUPREMEIND,1696.85107421875,25.24405267134378,STRONG_BUY
2022-05-25,SUPREMEIND,1669.4793701171875,23.20792866897736,STRONG_BUY
2022-05-26,SUPREMEIND,1670.9354248046875,23.56112806221428,STRONG_BUY
2022-05-27,SUPREMEIND,1740.7235107421875,38.22652666682238,BUY
2022-05-30,SUPREMEIND,1767.9495849609375,42.83442215624692,NO_SIGNAL
2022-05-31,SUPREMEIND,1783.1397705078125,45.28662743595569,NO_SIGNAL
2022-06-01,SUPREMEIND,1836.8641357421875,52.97058107181037,NO_SIGNAL
2022-06-02,SUPREMEIND,1830.7491455078125,52.07413844080534,NO_SIGNAL
2022-06-03,SUPREMEIND,1804.8819580078125,48.34684145861088,NO_SIGNAL
2022-06-06,SUPREMEIND,1821.43115234375,50.77442950616975,NO_SIGNAL
2022-06-07,SUPREMEIND,1813.7147216796875,49.6038055980228,NO_SIGNAL
2022-06-08,SUPREMEIND,1827.6917724609373,51.77275088063067,NO_SIGNAL
2022-06-09,SUPREMEIND,1785.614990234375,45.433490154989386,NO_SIGNAL
2022-06-10,SUPREMEIND,1752.9534912109375,41.21487740032424,NO_SIGNAL
2022-06-13,SUPREMEIND,1719.0784912109375,37.34211908630857,BUY
2022-06-14,SUPREMEIND,1696.9967041015625,35.03131852448158,BUY
2022-06-15,SUPREMEIND,1727.5230712890625,40.51181395355552,NO_SIGNAL
2022-06-16,SUPREMEIND,1706.314697265625,38.10670842155498,BUY
2022-06-17,SUPREMEIND,1710.2457275390625,38.8315838541121,BUY
2022-06-20,SUPREMEIND,1734.026123046875,43.16780663692539,NO_SIGNAL
2022-06-21,SUPREMEIND,1705.9837646484375,39.602573715314,BUY
2022-06-22,SUPREMEIND,1677.152587890625,36.284531117064695,BUY
2022-06-23,SUPREMEIND,1672.6446533203125,35.77975840531197,BUY
2022-06-24,SUPREMEIND,1689.63623046875,39.21241242565855,BUY
2022-06-27,SUPREMEIND,1683.8897705078125,38.46362306587711,BUY
2022-06-28,SUPREMEIND,1700.0390625,41.82568102384778,NO_SIGNAL
2022-06-29,SUPREMEIND,1701.3765869140625,42.107796083966825,NO_SIGNAL
2022-06-30,SUPREMEIND,1750.5181884765625,51.42778045124358,NO_SIGNAL
2022-07-01,SUPREMEIND,1753.44091796875,51.92351796073304,NO_SIGNAL
2022-07-04,SUPREMEIND,1753.44091796875,51.92351796073304,NO_SIGNAL
2022-07-05,SUPREMEIND,1761.366943359375,53.4187586048544,NO_SIGNAL
2022-07-06,SUPREMEIND,1755.571044921875,52.14169207145471,NO_SIGNAL
2022-07-07,SUPREMEIND,1827.896240234375,63.77861822516153,NO_SIGNAL
2022-07-08,SUPREMEIND,1842.6090087890625,65.61049531314548,NO_SIGNAL
2022-07-11,SUPREMEIND,1887.2921142578125,70.49152753372357,NO_SIGNAL
2022-07-12,SUPREMEIND,1886.449951171875,70.28903413714683,NO_SIGNAL
2022-07-13,SUPREMEIND,1819.0289306640625,56.33664121447504,STRONG_BUY
2022-07-14,SUPREMEIND,1804.316162109375,53.82571089002991,STRONG_BUY
2022-07-15,SUPREMEIND,1808.477294921875,54.44413985143876,STRONG_BUY
2022-07-18,SUPREMEIND,1852.5164794921875,60.47734493921647,STRONG_BUY
2022-07-19,SUPREMEIND,1875.4029541015625,63.204576170251016,STRONG_BUY
2022-07-20,SUPREMEIND,1876.7406005859373,63.363699769956725,STRONG_BUY
2022-07-21,SUPREMEIND,1861.581787109375,60.18716778612359,STRONG_BUY
2022-07-22,SUPREMEIND,1877.533203125,62.32738190065833,STRONG_BUY
2022-07-25,SUPREMEIND,1805.851806640625,49.46023580328011,STRONG_BUY
2022-07-26,SUPREMEIND,1765.7757568359375,43.99207891201206,NO_SIGNAL
2022-07-27,SUPREMEIND,1819.4747314453125,51.69786394923387,NO_SIGNAL
2022-07-28,SUPREMEIND,1858.3619384765625,56.378389060692456,NO_SIGNAL
2022-07-29,SUPREMEIND,1879.564208984375,58.72671093835674,NO_SIGNAL
2022-08-01,SUPREMEIND,1879.118408203125,58.65521100070965,NO_SIGNAL
2022-08-02,SUPREMEIND,1847.2159423828125,53.623737652313096,NO_SIGNAL
2022-08-03,SUPREMEIND,1836.169189453125,51.96160305972193,NO_SIGNAL
2022-08-04,SUPREMEIND,1875.5020751953125,57.0646542430723,NO_SIGNAL
2022-08-05,SUPREMEIND,1852.2193603515625,53.44543785867391,NO_SIGNAL
2022-08-08,SUPREMEIND,1852.367919921875,53.46571805125875,NO_SIGNAL
2022-08-10,SUPREMEIND,1870.1519775390625,55.94010810474032,NO_SIGNAL
2022-08-11,SUPREMEIND,1877.830322265625,57.00315677520405,NO_SIGNAL
2022-08-12,SUPREMEIND,1876.4927978515625,56.74631469498962,NO_SIGNAL
2022-08-16,SUPREMEIND,1882.536376953125,57.67431567789705,NO_SIGNAL
2022-08-17,SUPREMEIND,1950.8985595703125,66.44428717242208,STRONG_BUY
2022-08-18,SUPREMEIND,1920.0860595703125,60.37234104278982,STRONG_BUY
2022-08-19,SUPREMEIND,1890.3138427734373,55.12997900669715,STRONG_BUY
2022-08-22,SUPREMEIND,1823.6854248046875,45.58919745477707,NO_SIGNAL
2022-08-23,SUPREMEIND,1819.8216552734373,45.10175210222333,NO_SIGNAL
2022-08-24,SUPREMEIND,1838.299072265625,47.96697111398701,NO_SIGNAL
2022-08-25,SUPREMEIND,1892.047607421875,55.27875406276856,NO_SIGNAL
2022-08-26,SUPREMEIND,1906.8099365234373,57.06337120262231,NO_SIGNAL
2022-08-29,SUPREMEIND,1912.5068359375,57.76383230399076,NO_SIGNAL
2022-08-30,SUPREMEIND,1947.430908203125,61.87048837842659,NO_SIGNAL
2022-09-01,SUPREMEIND,1949.01611328125,62.05085289710112,NO_SIGNAL
2022-09-02,SUPREMEIND,1963.9271240234373,63.786138685761216,STRONG_BUY
2022-09-05,SUPREMEIND,2041.65185546875,71.18309637987039,NO_SIGNAL
2022-09-06,SUPREMEIND,2060.625,72.65159990645226,NO_SIGNAL
2022-09-07,SUPREMEIND,2103.62353515625,75.67675858157017,NO_SIGNAL
2022-09-08,SUPREMEIND,2084.99755859375,71.9633097948302,NO_SIGNAL
2022-09-09,SUPREMEIND,2117.642822265625,74.33992389265767,NO_SIGNAL
2022-09-12,SUPREMEIND,2096.837158203125,70.25258791727077,NO_SIGNAL
2022-09-13,SUPREMEIND,2048.339599609375,61.73231049993557,STRONG_BUY
2022-09-14,SUPREMEIND,2031.5958251953125,59.06872186502897,STRONG_BUY
2022-09-15,SUPREMEIND,2038.3330078125,59.81995490381992,STRONG_BUY
2022-09-16,SUPREMEIND,2003.1610107421875,54.22469945045301,NO_SIGNAL
2022-09-19,SUPREMEIND,1999.04931640625,53.59360367226103,NO_SIGNAL
2022-09-20,SUPREMEIND,2070.730712890625,61.91541190146543,NO_SIGNAL
2022-09-21,SUPREMEIND,2057.7021484375,59.8158395126606,NO_SIGNAL
2022-09-22,SUPREMEIND,2058.34619140625,59.8882508632117,NO_SIGNAL
2022-09-23,SUPREMEIND,2042.39501953125,57.14182253021889,NO_SIGNAL
2022-09-26,SUPREMEIND,2048.191162109375,57.897378990586944,NO_SIGNAL
2022-09-27,SUPREMEIND,2040.6116943359373,56.49480408152381,NO_SIGNAL
2022-09-28,SUPREMEIND,2094.459228515625,63.29741468679752,NO_SIGNAL
2022-09-29,SUPREMEIND,2097.827880859375,63.68002361136086,NO_SIGNAL
2022-09-30,SUPREMEIND,2113.679931640625,65.50249241745782,NO_SIGNAL
2022-10-03,SUPREMEIND,2072.66259765625,57.46720722777692,NO_SIGNAL
2022-10-04,SUPREMEIND,2050.221923828125,53.59365019316231,NO_SIGNAL
2022-10-06,SUPREMEIND,2029.2178955078125,50.18402428146091,NO_SIGNAL
2022-10-07,SUPREMEIND,1996.2257080078125,45.30804431972633,NO_SIGNAL
2022-10-10,SUPREMEIND,1979.2838134765625,42.99769753219135,NO_SIGNAL
2022-10-11,SUPREMEIND,1943.6165771484373,38.54188439174276,BUY
2022-10-12,SUPREMEIND,2003.2105712890625,48.20069068596197,NO_SIGNAL
2022-10-13,SUPREMEIND,1957.2890625,42.63964871669726,NO_SIGNAL
2022-10-14,SUPREMEIND,1921.621826171875,38.88694142410082,BUY
2022-10-17,SUPREMEIND,1976.41064453125,46.65374259263908,NO_SIGNAL
2022-10-18,SUPREMEIND,2003.0123291015625,49.97783107012782,NO_SIGNAL
2022-10-19,SUPREMEIND,2013.5145263671875,51.268845320656354,NO_SIGNAL
2022-10-20,SUPREMEIND,2038.630126953125,54.30605812575138,NO_SIGNAL
2022-10-21,SUPREMEIND,2072.414794921875,58.09001993924622,NO_SIGNAL
2022-10-24,SUPREMEIND,2033.428466796875,52.66968410302244,NO_SIGNAL
2022-10-25,SUPREMEIND,2027.88037109375,51.92711789417482,NO_SIGNAL
2022-10-27,SUPREMEIND,2071.8203125,57.087252205770426,STRONG_BUY
2022-10-28,SUPREMEIND,2018.517822265625,50.06654051812268,STRONG_BUY
2022-10-31,SUPREMEIND,2150.239013671875,62.37943477448186,STRONG_BUY
2022-11-01,SUPREMEIND,2242.428955078125,68.27565538942851,STRONG_BUY
2022-11-02,SUPREMEIND,2263.135498046875,69.43440603875649,STRONG_BUY
2022-11-03,SUPREMEIND,2180.407470703125,60.00443354274652,STRONG_BUY
2022-11-04,SUPREMEIND,2218.105712890625,62.5035094000729,STRONG_BUY
2022-11-07,SUPREMEIND,2343.077880859375,69.34236100141415,STRONG_BUY
2022-11-09,SUPREMEIND,2385.0,71.23747022671206,NO_SIGNAL
2022-11-10,SUPREMEIND,2431.293212890625,73.2070553925233,NO_SIGNAL
2022-11-11,SUPREMEIND,2404.76904296875,70.23924153494143,NO_SIGNAL
2022-11-14,SUPREMEIND,2404.6201171875,70.22202800828458,NO_SIGNAL
2022-11-15,SUPREMEIND,2399.454345703125,69.58500416542087,STRONG_BUY
2022-11-16,SUPREMEIND,2353.707275390625,64.04417529719876,STRONG_BUY
2022-11-17,SUPREMEIND,2260.673583984375,54.53400818556445,STRONG_BUY
2022-11-18,SUPREMEIND,2274.3330078125,55.57702887556232,NO_SIGNAL
2022-11-21,SUPREMEIND,2267.478515625,54.89645055979528,NO_SIGNAL
2022-11-22,SUPREMEIND,2242.742431640625,52.40256965378992,NO_SIGNAL
2022-11-23,SUPREMEIND,2289.681640625,56.445991725943976,NO_SIGNAL
2022-11-24,SUPREMEIND,2263.107666015625,53.66644590530657,NO_SIGNAL
2022-11-25,SUPREMEIND,2327.828857421875,58.966215337998094,NO_SIGNAL
2022-11-28,SUPREMEIND,2390.364501953125,63.33067143722759,NO_SIGNAL
2022-11-29,SUPREMEIND,2355.545166015625,59.53376873979609,NO_SIGNAL
2022-11-30,SUPREMEIND,2419.173583984375,63.804350789598566,NO_SIGNAL
2022-12-01,SUPREMEIND,2415.150146484375,63.34908452322705,NO_SIGNAL
2022-12-02,SUPREMEIND,2491.593994140625,68.01832597552539,NO_SIGNAL
2022-12-05,SUPREMEIND,2472.0234375,65.71030212290007,STRONG_BUY
2022-12-06,SUPREMEIND,2448.33056640625,62.92644619477657,STRONG_BUY
2022-12-07,SUPREMEIND,2429.40576171875,60.71386326361134,STRONG_BUY
2022-12-08,SUPREMEIND,2387.682373046875,56.035813033493234,NO_SIGNAL
2022-12-09,SUPREMEIND,2405.017333984375,57.50096952090582,NO_SIGNAL
2022-12-12,SUPREMEIND,2519.6083984375,65.6502780740726,NO_SIGNAL
2022-12-13,SUPREMEIND,2498.647216796875,63.26067773960259,STRONG_BUY
2022-12-14,SUPREMEIND,2549.013427734375,66.4232174039085,STRONG_BUY
2022-12-15,SUPREMEIND,2489.5078125,59.86642384863112,STRONG_BUY
2022-12-16,SUPREMEIND,2490.799072265625,59.95879133662376,NO_SIGNAL
2022-12-19,SUPREMEIND,2542.854248046875,63.59620668219112,STRONG_BUY
2022-12-20,SUPREMEIND,2486.72607421875,57.52792029556573,NO_SIGNAL
2022-12-21,SUPREMEIND,2411.32568359375,50.54989582158622,NO_SIGNAL
2022-12-22,SUPREMEIND,2351.372802734375,45.793491987923886,NO_SIGNAL
2022-12-23,SUPREMEIND,2304.036376953125,42.40110260629588,NO_SIGNAL
2022-12-26,SUPREMEIND,2432.534912109375,52.65450481977511,NO_SIGNAL
2022-12-27,SUPREMEIND,2428.462158203125,52.33650038358346,NO_SIGNAL
2022-12-28,SUPREMEIND,2430.15087890625,52.46469455412655,NO_SIGNAL
2022-12-29,SUPREMEIND,2435.316650390625,52.88216879949943,NO_SIGNAL
2022-12-30,SUPREMEIND,2433.926025390625,52.74786823517772,NO_SIGNAL
2023-01-02,SUPREMEIND,2391.407470703125,48.67735911625886,NO_SIGNAL
2023-01-03,SUPREMEIND,2368.707763671875,46.60939167755346,NO_SIGNAL
2023-01-04,SUPREMEIND,2369.303955078125,46.67346985585585,NO_SIGNAL
2023-01-05,SUPREMEIND,2370.29736328125,46.78806890680627,NO_SIGNAL
2023-01-06,SUPREMEIND,2434.025146484375,53.66690222112488,NO_SIGNAL
2023-01-09,SUPREMEIND,2453.79443359375,55.58504898647859,NO_SIGNAL
2023-01-10,SUPREMEIND,2474.854736328125,57.59889365260425,NO_SIGNAL
2023-01-11,SUPREMEIND,2397.51708984375,48.84112504810078,NO_SIGNAL
2023-01-12,SUPREMEIND,2436.558349609375,52.747065876968136,NO_SIGNAL
2023-01-13,SUPREMEIND,2453.297607421875,54.3561688010148,NO_SIGNAL
2023-01-16,SUPREMEIND,2411.921630859375,49.83847749493705,NO_SIGNAL
2023-01-17,SUPREMEIND,2387.38427734375,47.3263873834554,NO_SIGNAL
2023-01-18,SUPREMEIND,2374.221435546875,45.98728182501586,NO_SIGNAL
2023-01-19,SUPREMEIND,2408.5439453125,49.96301008994552,NO_SIGNAL
2023-01-20,SUPREMEIND,2345.4619140625,43.609508191362885,NO_SIGNAL
2023-01-23,SUPREMEIND,2335.974853515625,42.72946753498224,NO_SIGNAL
2023-01-24,SUPREMEIND,2382.019775390625,48.1938104888933,NO_SIGNAL
2023-01-25,SUPREMEIND,2397.91455078125,49.96844162302483,NO_SIGNAL
2023-01-27,SUPREMEIND,2522.24072265625,61.1721668857916,NO_SIGNAL
2023-01-30,SUPREMEIND,2532.2744140625,61.91343126351752,NO_SIGNAL
2023-01-31,SUPREMEIND,2512.20751953125,59.468205727322086,STRONG_BUY
2023-02-01,SUPREMEIND,2515.237060546875,59.72680747718763,STRONG_BUY
2023-02-02,SUPREMEIND,2531.479736328125,61.157696745572245,STRONG_BUY
2023-02-03,SUPREMEIND,2612.3935546875,67.37606112706804,STRONG_BUY
2023-02-06,SUPREMEIND,2658.63720703125,70.30228986530597,NO_SIGNAL
2023-02-07,SUPREMEIND,2653.024658203125,69.48763789265564,STRONG_BUY
2023-02-08,SUPREMEIND,2639.86181640625,67.51177687185249,STRONG_BUY
2023-02-09,SUPREMEIND,2637.97412109375,67.21659324722246,STRONG_BUY
2023-02-10,SUPREMEIND,2645.871826171875,67.8499495252324,STRONG_BUY
2023-02-13,SUPREMEIND,2636.831787109375,66.27169815426447,STRONG_BUY
2023-02-14,SUPREMEIND,2537.440185546875,51.96080906099145,STRONG_BUY
2023-02-15,SUPREMEIND,2607.823974609375,58.75338453193931,STRONG_BUY
2023-02-16,SUPREMEIND,2691.767822265625,65.09286793272896,STRONG_BUY
2023-02-17,SUPREMEIND,2728.425048828125,67.445894007153,STRONG_BUY
2023-02-20,SUPREMEIND,2683.67138671875,61.95500546133685,STRONG_BUY
2023-02-21,SUPREMEIND,2738.508056640625,65.64560248782692,STRONG_BUY
2023-02-22,SUPREMEIND,2711.487060546875,62.43179479289614,STRONG_BUY
2023-02-23,SUPREMEIND,2676.86669921875,58.48134518498568,STRONG_BUY
2023-02-24,SUPREMEIND,2708.804931640625,60.93701566574923,STRONG_BUY
2023-02-27,SUPREMEIND,2722.51416015625,61.97661132261316,STRONG_BUY
2023-02-28,SUPREMEIND,2743.17724609375,63.55113743263434,STRONG_BUY
2023-03-01,SUPREMEIND,2716.752197265625,60.12235199127657,NO_SIGNAL
2023-03-02,SUPREMEIND,2684.36669921875,56.12568381585172,NO_SIGNAL
2023-03-03,SUPREMEIND,2684.01904296875,56.08258411148849,NO_SIGNAL
2023-03-06,SUPREMEIND,2682.529052734375,55.88451252649925,NO_SIGNAL
2023-03-08,SUPREMEIND,2734.385498046875,61.041545255564685,NO_SIGNAL
2023-03-09,SUPREMEIND,2722.56396484375,59.33859557692844,NO_SIGNAL
2023-03-10,SUPREMEIND,2681.48583984375,53.72929249150869,NO_SIGNAL
2023-03-13,SUPREMEIND,2648.951416015625,49.72040821026374,NO_SIGNAL
2023-03-14,SUPREMEIND,2518.4658203125,37.60238191493478,BUY
2023-03-15,SUPREMEIND,2472.172607421875,34.39917720930904,BUY
2023-03-16,SUPREMEIND,2493.33251953125,37.039276540271295,BUY
2023-03-17,SUPREMEIND,2556.61328125,44.26352982012632,NO_SIGNAL
2023-03-20,SUPREMEIND,2572.259521484375,45.9159313515876,NO_SIGNAL
2023-03-21,SUPREMEIND,2555.0732421875,44.36022916124839,NO_SIGNAL
2023-03-22,SUPREMEIND,2559.146484375,44.83726597923798,NO_SIGNAL
2023-03-23,SUPREMEIND,2523.432861328125,41.47929961213465,NO_SIGNAL
2023-03-24,SUPREMEIND,2489.5078125,38.52754778213875,BUY
2023-03-27,SUPREMEIND,2444.704345703125,34.986552125288675,BUY
2023-03-28,SUPREMEIND,2455.88037109375,36.55303383968024,BUY
2023-03-29,SUPREMEIND,2508.6806640625,43.48163207907874,NO_SIGNAL
2023-03-31,SUPREMEIND,2497.008056640625,42.37981424366251,NO_SIGNAL
2023-04-03,SUPREMEIND,2497.455078125,42.43996902887757,NO_SIGNAL
2023-04-05,SUPREMEIND,2518.763916015625,45.36789129760195,NO_SIGNAL
2023-04-06,SUPREMEIND,2596.99560546875,54.51553501836521,NO_SIGNAL
2023-04-10,SUPREMEIND,2569.37841796875,51.25295190549837,NO_SIGNAL
2023-04-11,SUPREMEIND,2573.650146484375,51.73411296899664,NO_SIGNAL
2023-04-12,SUPREMEIND,2602.012451171875,54.91601640123839,NO_SIGNAL
2023-04-13,SUPREMEIND,2619.397216796875,56.79611866694179,NO_SIGNAL
2023-04-17,SUPREMEIND,2638.868408203125,58.865197217047125,NO_SIGNAL
2023-04-18,SUPREMEIND,2607.625,54.366027510586825,NO_SIGNAL
2023-04-19,SUPREMEIND,2581.59765625,50.87739843714832,NO_SIGNAL
2023-04-20,SUPREMEIND,2616.615478515625,55.05610497191199,NO_SIGNAL
2023-04-21,SUPREMEIND,2668.2734375,60.40684027558469,NO_SIGNAL
2023-04-24,SUPREMEIND,2667.92578125,60.35476257657152,STRONG_BUY
2023-04-25,SUPREMEIND,2715.013671875,64.78328083726078,STRONG_BUY
2023-04-26,SUPREMEIND,2661.667236328125,57.01322911342055,STRONG_BUY
2023-04-27,SUPREMEIND,2629.67919921875,52.91490886214174,STRONG_BUY
2023-04-28,SUPREMEIND,2703.887451171875,60.08347466533813,STRONG_BUY
2023-05-02,SUPREMEIND,2730.80908203125,62.324475482945104,STRONG_BUY
2023-05-03,SUPREMEIND,2740.09765625,63.09434057672314,STRONG_BUY
2023-05-04,SUPREMEIND,2787.03662109375,66.78771404943174,STRONG_BUY
2023-05-05,SUPREMEIND,2747.15087890625,61.18446086217716,STRONG_BUY
2023-05-08,SUPREMEIND,2767.11865234375,62.86416764627787,STRONG_BUY
2023-05-09,SUPREMEIND,2781.374267578125,64.05993773782414,STRONG_BUY
2023-05-10,SUPREMEIND,2737.41552734375,57.87172921270004,STRONG_BUY
2023-05-11,SUPREMEIND,2754.700927734375,59.52734299562415,STRONG_BUY
2023-05-12,SUPREMEIND,2765.4296875,60.56329766631037,STRONG_BUY
2023-05-15,SUPREMEIND,2769.303955078125,60.951987112769366,STRONG_BUY
2023-05-16,SUPREMEIND,2761.704345703125,59.70882708462455,STRONG_BUY
2023-05-17,SUPREMEIND,2780.3310546875,61.76711346240381,NO_SIGNAL
2023-05-18,SUPREMEIND,2781.0263671875,61.845469163007294,NO_SIGNAL
2023-05-19,SUPREMEIND,2780.380859375,61.71900758591514,NO_SIGNAL
2023-05-22,SUPREMEIND,2713.871337890625,50.305199102213926,NO_SIGNAL
2023-05-23,SUPREMEIND,2766.075439453125,57.023349171801485,NO_SIGNAL
2023-05-24,SUPREMEIND,2774.072509765625,57.96091753959409,NO_SIGNAL
2023-05-25,SUPREMEIND,2782.764892578125,59.00772077952379,NO_SIGNAL
2023-05-26,SUPREMEIND,2801.88818359375,61.29136358689111,NO_SIGNAL
2023-05-29,SUPREMEIND,2795.927734375,60.166291387777626,NO_SIGNAL
2023-05-30,SUPREMEIND,2829.207275390625,64.12584156310771,NO_SIGNAL
2023-05-31,SUPREMEIND,2744.319580078125,50.37169191751566,NO_SIGNAL
2023-06-01,SUPREMEIND,2767.615234375,53.33006355682636,NO_SIGNAL
2023-06-02,SUPREMEIND,2801.590087890625,57.32545658555067,NO_SIGNAL
2023-06-05,SUPREMEIND,2790.712158203125,55.68180802228532,NO_SIGNAL
2023-06-06,SUPREMEIND,2806.706298828125,57.60649502034365,NO_SIGNAL
2023-06-07,SUPREMEIND,2828.412353515625,60.13670156711159,NO_SIGNAL
2023-06-08,SUPREMEIND,2818.279541015625,58.38487619774312,NO_SIGNAL
2023-06-09,SUPREMEIND,2801.83837890625,55.55689596721791,NO_SIGNAL
2023-06-12,SUPREMEIND,2880.41796875,64.42585102913078,NO_SIGNAL
2023-06-13,SUPREMEIND,2984.5283203125,72.31007126796449,NO_SIGNAL
2023-06-14,SUPREMEIND,2967.64013671875,69.61481769676654,STRONG_BUY
2023-06-15,SUPREMEIND,2984.776611328125,70.80399732029376,NO_SIGNAL
2023-06-16,SUPREMEIND,2989.44580078125,71.13547532821013,NO_SIGNAL
2023-06-19,SUPREMEIND,2975.587646484375,68.6444101943809,STRONG_BUY
2023-06-20,SUPREMEIND,3019.0,71.95732935363924,NO_SIGNAL
2023-06-21,SUPREMEIND,3050.39990234375,74.08972386239093,NO_SIGNAL
2023-06-22,SUPREMEIND,3174.449951171875,80.4232118459638,SELL
2023-06-23,SUPREMEIND,3124.050048828125,72.6528538752795,NO_SIGNAL
2023-06-26,SUPREMEIND,3105.699951171875,70.00095507438584,NO_SIGNAL
2023-06-27,SUPREMEIND,3076.14990234375,65.83363723760472,STRONG_BUY
2023-06-28,SUPREMEIND,3076.14990234375,65.83363723760472,STRONG_BUY
2023-06-30,SUPREMEIND,3197.699951171875,73.39069162168359,NO_SIGNAL
2023-07-03,SUPREMEIND,3171.39990234375,69.79356848826032,STRONG_BUY
2023-07-04,SUPREMEIND,3247.199951171875,73.78207459600318,NO_SIGNAL
2023-07-05,SUPREMEIND,3197.550048828125,67.49543138583314,STRONG_BUY
2023-07-06,SUPREMEIND,3198.050048828125,67.52544010877543,STRONG_BUY
2023-07-07,SUPREMEIND,3152.89990234375,61.96248239797132,STRONG_BUY
2023-07-10,SUPREMEIND,3195.800048828125,64.91971661647705,NO_SIGNAL
2023-07-11,SUPREMEIND,3189.800048828125,64.16831632468201,NO_SIGNAL
2023-07-12,SUPREMEIND,3237.39990234375,67.39271296304629,NO_SIGNAL
2023-07-13,SUPREMEIND,3375.89990234375,74.56479601130027,NO_SIGNAL
2023-07-14,SUPREMEIND,3348.800048828125,71.2619363888067,NO_SIGNAL
2023-07-17,SUPREMEIND,3355.449951171875,71.59443718372009,NO_SIGNAL
2023-07-18,SUPREMEIND,3480.449951171875,76.98491434677481,SELL
2023-07-19,SUPREMEIND,3485.050048828125,77.15671471773724,SELL
2023-07-20,SUPREMEIND,3467.35009765625,74.84174607309312,NO_SIGNAL
2023-07-21,SUPREMEIND,3491.199951171875,75.89138974726765,NO_SIGNAL
